source_file,source_type,txt_file,char_count,word_count,category,text
FCHES ACTIONs  - proposition triple_actions enchâssées.pdf,.pdf,FCHES_ACTIONs__-_proposition_triple_actions_enchassees.txt,4491,707,,"--- PAGE 1 ---
FICHE ACTION : Jubilation, le festival de l’harmonie des âges
Constat :
 Notre culture est axée sur le jeunisme, l’avancée en âge est considérée sous l’angle du déclin
 Nous sommes de plus en plus nombreux à vivre de plus en plus longtemps, avec un temps plus ou
moins important de fragilité
 Il n’y a pas d’outillage pour penser la fin de la vie
DESCRIPTION
Quoi ?
Festival de la jubilation des âges
Ensemble de manifestations sur les âges de la vie, leurs spécificités et leur contribution à la
richesse de vie sociale
 Débats / forums publics, télévisés, d’experts
 Manifestations / spectacles / fêtes (théâtre de rue, sketches, chansons, musique
 Créations artistiques
 Prix, Jeux, Exposition itinérante
Pour qui ?
 Toute la société : tous les âges, toutes les CSP
 Des manifestations ou actions par catégorie de publics
Où et quand ?
 Eurodistrict Strasbourg Ortenau
 Un peu partout
 Dès que possible
Objectifs
 Changer de regard sur l’avancée en âges
 Fédérer des acteurs et des partenaires autour de cette question
 Libérer la parole sur l’angoisse existentielle qui se cache derrière le jeunisme
 Une avancée sociétale
 Révéler …
Ressources humaines et financières
 Portage territorial : collectivités territoriales (transfrontalier ?)
 Partenariat à rechercher : organisation socioculturelles (CSC, …), organisations médicosociales (EHPAD,
résidence sénior…) Fondations, Associations, Club sénior), laboratoires de recherche
 Comité et pilotage et ressource humaine en charge de l’organisation et de la coordination
Indicateurs de réussite
 Nombre d’organisations s’impliquant dans le montage du projet de festival
 Nombre de manifestation dans le cadre du festival
 Nombre de participants aux manifestations
 Nombre et diversité des créations artistiques sur le thème du festival
 Financements mobilisés
--- PAGE 2 ---
FICHE ACTION : Voisinage bienveillant
 Anonymat des villes permet de respecter les frontières e chacun, mais a pour corollaire l’indifférence
qui peut être dramatique pour des personnes en situation de fragilité, notamment liée à l’avancée en
âge.
 Il existe des actions menées en France dans le cadre de VADA (Ville Amies des Ainés) DESCRIPTION
En amont
 Repérage d’expériences positives
 Identification d’acteurs porteurs de dynamique de quartier réussies
 Appel à de nouveaux projets de quartier
Par quartier ou commune de petite taille
 Échanges entre quartiers
 Développement du label « age friendly neighbourhood »
 Débats : qu’est-ce qui manque, qu’est-ce qu’on pourrait faire ensemble
 Développement de fêtes de rue et de quartier
 Pour les décideurs, les financeurs et les urbanistes afin de les sensibiliser à l’importance d’un
urbanisme favorisant les rencontre entre les habitants
 Pour les habitants
 In fine pour tous
 Le plus tôt possible pour initier des politiques publiques
 Par quartier / commune où des organisations et associations sont prêtes à se mobiliser
 Susciter des solidarités de voisinage respectueuses de l’intimité de chacun
 Développer une culture de l’attention à l’autre qui réponde à une demande, sans être intrusive
En tant que politique publique
 Nombre d’instances qui s’emparent du sujet
 Nombre de résolutions adoptées
Action dans les quartiers
 Nombre de projets
 Nombre d’acteurs mobilisés
 Participation du public
--- PAGE 3 ---
FICHE ACTION : l’engagement citoyen et ses contreparties
 Ampleur des besoins liés à la fragilité du grand âge, notamment chez les personnes en situation de
précarité
 Désengagement des familles (pour différentes raisons)
 Moyens publics insuffisants (le thème n’est pas mobilisateur)
 Volonté politique affichée de faire appel au bénévolat pour se substituer pallier au désengagement
des familles et au manque de moyens publics et privés
 Prise en compte insuffisantes des moteurs de l’engagement citoyen

 Expertise et recherche d’expériences sur les nouvelles approches en matière d’action
solidaires, volontaire (rétribution, indemnisation,… )
 Identification de modalités d’accompagnement des personnes qui s’engagent (supervision,
formation…)
 Débat / tables-rondes sur les contreparties à l’engagement citoyen dans le domaine du CARE
(comment on définit la valeur d’une action en matière de CARE citoyen)
 Collectivités territoriales en charge de l’actions sociale (CeA, Ville et Eurométropole de
Strasbourg)
 Les professionnels
 Les bénévoles
 Commencer dès que possible, partout où cela semble possible
 …"
FICHE ACTION 1_Informations senior_brochure.pdf,.pdf,FICHE_ACTION_1_Informations_senior_brochure.txt,2927,489,,"--- PAGE 1 ---
FICHE ACTION 1 : Informations senior_Brochure
DESCRIPTION
Quoi ?
Constats :
→ Les activités « grand public » classiques sont souvent trop chères, et les informations concernant
les activités gratuites ne sont pas toujours facilement accessibles / connues.
→ Plusieurs personnes disent manquer d’informations quant aux aides disponibles pour les aînés
en situation de perte d’autonomie / fragilité.
→ Il y a un manque d’informations quant aux droits
→ Pour l’adaptation des habitations, les a inés sont démunis, ils ne savent pas à qui s’adresser.
Creuser pour qu’il y ait au niveau de chaque commune un service qui permette de prendre ces
questions en compte. Par exemple : Comment mettre une rampe pour pouvoir se tenir dans
l’immeuble ?
Axes et leviers d’action :
- Nous souhaiterions éditer une brochure « Être senior dans le Pays de Thann » conçue par des
seniors volontaires :
* En ligne sur le site internet de la ville
* Les personnes seraient informées via un encart dans le bulletin communal
* La brochure serait distribuée à la rentrée de septembre
(Cette fiche-action est inspirée de dispositifs mis en place à Morteau)
Pour qui ?
- Pour les publics seniors au sens large
Où et quand ?
- Une fois par an à la rentrée de septembre
--- PAGE 2 ---
- Objectifs et moyens
- Favoriser le « bien-vieillir » dans la Vallée de Thann. La diffusion d’informations ciblées constitue en effet
un levier pour :
* Prévenir le risque d’isolement / de solitude
* Prévenir la perte d’autonomie
* Favoriser l’inclusion des personnes isolées
* Permettre aux personnes en perte d’autonomie d’accéder aux services et matériels dont elles ont besoin /
auxquels elles ont droit
* favoriser un lien social entre les personnes volontaires pour la rédaction de la brochure et rendre celles-ci
actrices de la vie des aînés dans la cité.
Pour cela :
1) Création et coordination d’un groupe de seniors volontaires pour mutualiser les informations et activités.
2) Création, impression et diffusion de la brochure
3) Médiatisation des activités réalisées et du programme à venir :
* Bulletin communal
* Journal l’ Alsace
* Site internet de la ville
* Affichage dans les quartiers ?
* Solliciter AVS / paroisses / pharmacies / SSIAD / Infirmières etc.
4) Être force de proposition : Les personnes qui créent la brochure pourront proposer des activités, incluant
une attention / réflexion particulière pour les plus isolés.
Indicateurs de réussite
→ Fréquentation des activités indiquées dans la brochure
→ Prises de contact spécifiquement liées à la découverte d’informations via la brochure
Ressources :
Humaines :
- Groupe de seniors
volontaires
- Temps de coordination
d’une personne du CCAS
/ CSC (?)
Matérielles :
- Édition de la brochure
Information et
communication :
- Induit par la brochure
- Diffusion de
l’information sur
différents supports (voir
moyens ci-dessus)
Financières :
- Financement 1 fois par
an de la brochure"
FICHE ACTION 2_Informations senior__ligne téléphonique.pdf,.pdf,FICHE_ACTION_2_Informations_senior__ligne_telephonique.txt,2399,411,,"--- PAGE 1 ---
FICHE ACTION 2 : Informations senior_ligne téléphonique
DESCRIPTION
Quoi ?
Constats :
→ Les activités « grand public » classiques sont souvent trop chères, et les informations concernant
les activités gratuites ne sont pas toujours facilement accessibles / connues.
→ Plusieurs personnes disent manquer d’informations quant aux aides disponibles pour les aînés
en situation de perte d’autonomie / fragilité.
→ Il y a un manque d’informations quant aux droits
→ Pour l’adaptation des habitations, les personnes âgées sont démunies, elles ne savent pas à qui
s’adresser. Creuser pour qu’il y ait au niveau de chaque commune un service qui permette de
prendre ces questions en compte. Par exemple : Comment mettre une rampe pour pouvoir se tenir
dans l’immeuble ?
Axes et leviers d’action :
- Nous souhaitons que des temps d’accueil téléphonique et des espaces numériques soient mis à
disposition, afin que les aînés e t/ou leurs aidants familiaux puissent obtenir des informations quant
à leurs droits. Aussi, nous proposons que soit mis en place :
* Un n° vert « info seniors », accessible tout le temps
* Une adresse mail / un site internet
(Cette fiche-action est inspirée de dispositifs mis en place à Seltz et à Toulouse)
Pour qui ?
- Les personnes isolées
- Les aînés en situation de handicap / de dépendance ou non
- Leurs aidants : conjoints, enfants, autres proches...
Où et quand ?
- N° vert tout le temps
- Adresse mail tout le temps
--- PAGE 2 ---
- Objectifs et moyens
- Permettre un accueil convivial et un accès à l’information sur :
* Les loisirs
* Les transports
* La santé
* Les aides au maintien à domicile
* Les aides à l’aménagement matériel du logement
* Les services proposés par la ville, les clubs et les associations
* Les magasins proposant des livraisons à domicile
* L’ensemble des aides, subventions, avantages
* Les « séjours seniors », adaptés ou non
- Cette ligne verte et cette adresse mail constitueront ainsi, par la même occasion un observatoire des
besoins et attentes des seniors
Indicateurs de réussite
- Nombre d’appels avec des demandes satisfaites
- Nombre de mail et taux de réponse
Ressources :
Humaines :
- Personnes formées à
l’accueil téléphonique
Matérielles :
- Une ligne dédiée
- Un site internet +
adresse mail
Information et
communication :
- En soi un moyen d’info
/ com
Financières :
- Salaires + poste
informatique et
téléphonique"
FICHE ACTION 3_Informations senior_Accueil.pdf,.pdf,FICHE_ACTION_3_Informations_senior_Accueil.txt,2239,376,,"--- PAGE 1 ---
FICHE ACTION 3 : Informations senior_Accueil
DESCRIPTION
Quoi ?
Constats :
→ Les activités « grand public » classiques sont souvent trop chères, et les informations concernant
les activités gratuites ne sont pas toujours facilement accessibles / connues.
→ Plusieurs personnes disent manquer d’informations quant aux aides disponibles pour les aînés
en situation de perte d’autonomie / fragilité.
→ Il y a un manque d’informations quant aux droits
→ Pour l’adaptation des habitations, les personnes âgées sont démunies, elles ne savent pas à qui
s’adresser. Creuser pour qu’il y ait au niveau de chaque commune un service qui permette de
prendre ces questions en compte. Par exemple : Comment mettre une rampe pour pouvoir se tenir
dans l’immeuble ?
Axes et leviers d’action :
- Nous souhaitons que des lieux d’accueil physiques soient proposés , afin que les aînés e t/ou leurs
aidants familiaux puissent obtenir des informations quant à leurs droits . Le contact humain nous
semble primordial, à l’heure de la dématérialisation. Aussi, nous proposons que soit mis en place :
* Un accueil à la mairie à des horaires définis
Pour qui ?
- Les personnes isolées
- Les aînés en situation de handicap / de dépendance, ou non
- Leurs aidants : conjoints, enfants, autres proches...
Où et quand ?
- Selon les horaires choisis
--- PAGE 2 ---
- Objectifs et moyens
- Permettre un accueil convivial et un accès à l’information sur :
* Les loisirs
* Les transports
* La santé
* Les aides au maintien à domicile
* Les aides à l’aménagement matériel du logement
* Les services proposés par la ville, les clubs et les associations
* Les magasins proposant des livraisons à domicile
* L’ensemble des aides, subventions, avantages
* Les « séjours seniors », adaptés ou non
- Cet accueil (combiné à la ligne verte cf. fiche-action dédiée) constituera ainsi, par la même occasion un
observatoire des besoins et attentes des seniors
Indicateurs de réussite
- Fréquentation des temps d’accueil physique, avec demandes satisfaites
Ressources :
Humaines :
- Personnes formées à
l’accueil physique
Matérielles :
- Lieu d’accueil
Information et
communication :
- En soi un moyen d’info
/ com
Financières :
- temps de travail salariés
de la mairie."
FICHE ACTION 4_Accompagnement aux courses.pdf,.pdf,FICHE_ACTION_4_Accompagnement_aux_courses.txt,3519,555,,"--- PAGE 1 ---
FICHE ACTION 4 : Accompagnement aux courses
DESCRIPTION
Quoi ?
Constats :
→ Les c ommerces sont compliqués d’accès : trottoirs étroits / impossible de circuler en fauteuil
roulant. Perte de la capacité de conduire. Transport en commun mal commode ou inexistant.
→ Le transport à la demande a été supprimé après le COVID.
→ Les services de livraison à la demande des supermarchés ne fonctionnent que un jour bien
définis et sous couvert d’une dépense minimale.
→ Les autres commerces ne proposent pas de livraison à la demande
→ Existence plus ou moins forte d’une fracture générationnelle (sociologie variée). L’enjeu consiste
à favoriser du lien intergénérationnel sur la base d’un besoin primaire : faire ses courses.
Axes et leviers d’action :
- Proposer des services de livraison à la demande, non pas uniquement pour accéder aux produits
des supermarchés, mais à l’ensemble des commerces locaux.
- Solliciter des jeunes personnes souhaitant s’engager à destination des plus âgés, sans
nécessairement entrer dans un accompagnement personnalisé au long cours, pouvant être vécu
comme contraignant par certaines personnes, notamment celles aux emplois du temps chargés /
multi-engagées (clubs de sport, etc.). Il s’agit bien d’un service de la jeunesse envers les ainés. Pour
que ce service soit viable, la performance viendrait d’une bonne adéquation entre le grand nombre
(la contrainte individuelle de servic e diminue et peut rester plus désirable) et des moyens
d’organisation.
Pour qui ?
- Les personnes n’ayant plus de moyens de mobilités ou des capacités plus réduites liées à l’âge.
- Les personnes dépendantes, n’ayant plus la capacité de quitter leur logement.
Où et quand ?
- A la demande
- Dans toute la communauté de communes
--- PAGE 2 ---
- Objectifs et moyens
- Maintien de l’autonomie des personnes fragilisées / ou soutien aux personnes dépendantes.
- Maintien du lien intergénérationnel.
- Maintien du lien social (sans entrer nécessairement dans un engagement « individualisé » pour les plus
jeunes).
→ La proposition consiste à mobiliser des jeunes personnes volontaires, qui auraient la capacité
d’accompagner les aînés fragilisés dans les magasins : jeunes de la mission locale + jeunes en service
civique + associations de jeunes (scouts…).
→ La formule (livraison ou accompagnement) doit être au choix de la personne âgée, même en fauteuil
roulant. Le choix doit être négocié de manière à correspondre aux besoins réels de la personne (matériels /
de socialisation / de maintien de l’autonomie) et non à es besoins purement pragmatiques (faire des
courses). Eviter d’enfermer les choses dans une technicité.
Indicateurs de réussite
- Quantitatifs : Nombre d’utilisateurs du service
- Qualitatifs : Bilans des entretiens avec les personnes ayant utilisé le service
Ressources :
Humaines :
- 1 personne à la
coordination pour
évaluer les besoins puis
réaliser le bilan +
coordonner les actions
au quotidien
- Jeunes volontaires (cf.
Objectifs et moyens)
Matérielles :
- Voiture de service ou
défraiement
kilométrique.
Information et
communication :
- Par différents moyens :
prospectus, gazettes,
assistantes sociales,
associations d’aide et de
soins aux personnes
âgées, etc.
Ligne verte + accueil
dédiés (cf. Fiche-action
Informations Seniors)
Brochure des activités et
services (Cf. fiche
« brochure Être senior
dans le Pays de Thann »)
Financières :
- Salaire du coordinateur
ou de la coordinatrice /
financement des modes
de déplacement (achat et
maintenance) /
assurances."
FICHE ACTION 5_Livraison de courses à domicile - relu raymond.pdf,.pdf,FICHE_ACTION_5_Livraison_de_courses_a_domicile_-_relu_raymond.txt,3778,598,,"--- PAGE 1 ---
FICHE ACTION 5 : Livraison de courses à domicile
DESCRIPTION
Quoi ?
Constats :
→ Les c ommerces sont compliqués d’accès : trottoirs étroits / impossible de circuler en fauteuil
roulant. Perte de la capacité de conduire. Transport en commun mal commode ou inexistant.
→ Le transport à la demande a été supprimé après le COVID.
→ Les services de livraison à la demande des supermarchés ne fonctionnent que un jour bien
définis et sous couvert d’une dépense minimale.
→ Les autres commerces ne proposent pas de livraison à la demande
→ Existence plus ou moins forte d’une fracture générationnelle (sociologie variée). L’enjeu consiste
à favoriser du lien intergénérationnel sur la base d’un besoin primaire : faire ses courses.
Axes et leviers d’action :
- Proposer des services de livraison à la demande, non pas uniquement pour accéder aux produits
des supermarchés, mais à l’ensemble des commerces locaux.
- Solliciter des jeunes personnes souhaitant s’engager à destination des plus âgés, sans
nécessairement entrer dans un accompagnement personnalisé au long cours, pouvant être vécu
comme contraignant par certaines personnes, notamment celles aux emplois du temps chargés /
multi-engagées (clubs de sport, etc.). Il s’agit bien d’un service de la jeunesse envers les ainés. Pour
que ce service soit viable, la performance viendrait d’une bonne adéquation entre le grand nombre
(la contrainte individuelle de service diminue et peut rester plus désirable) et des moyens
d’organisation.
Pour qui ?
- Les personnes n’ayant plus de moyens de mobilités ou des capacités plus réduites liées à l’âge.
- Les personnes dépendantes, n’ayant plus la capacité de quitter leur logement.
Où et quand ?
- A la demande
- Dans toute la communauté de communes
--- PAGE 2 ---
- Objectifs et moyens
- Soutien aux personnes dépendantes / à risque de perte d’autonomie / en situation d’isolement
- Maintien du lien intergénérationnel.
- Maintien du lien social.
→ La proposition consiste à mobiliser des jeunes personnes volontaires, qui auraient la capacité
d’accompagner les aînés fragilisés dans les magasins : jeunes de la mission locale + jeunes en service
civique + associations de jeunes (scouts…)...aussi les jeunes individuels hors cadre précédent.
→ La formule (livraison ou accompagnement) doit être au choix de la personne âgée, même en fauteuil
roulant. Le choix doit être négocié de manière à correspondre aux besoins réels de la personne (matériels /
de socialisation / de maintien de l’autonomie) et non à es besoins purement pragmatiques (faire des
courses). Eviter d’enfermer les choses dans une technicité.
Indicateurs de réussite
- Quantitatifs : Nombre d’utilisateurs du service
- Qualitatifs : Bilans des entretiens avec les personnes ayant utilisé le service
- identification d’une dynamique entre « l’aide à l’achat » et « la livraison » selon l’évolution des besoins, du
profil (médical, degré d’autonomie) et souhaits de la personne.
Ressources :
Humaines :
- 1 personne à la
coordination pour
évaluer les besoins puis
réaliser le bilan +
coordonner les actions
au quotidien
- Jeunes volontaires (cf.
Objectifs et moyens)
Matérielles :
- Pour la livraison : vélos
électriques / vélos
cargos ou avec
remorques ou sacoches
/ véhicules personnels
avec défraiement
kilométrique / véhicule
de service
Information et
communication :
- Par différents moyens :
prospectus, gazettes,
assistantes sociales,
associations d’aide et de
soins aux personnes
âgées, etc.
Ligne verte + accueil
dédié (cf. Fiche-action
Informations Seniors)
Brochure des activités et
services (Cf. fiche
« brochure Être senior
dans le Pays de Thann »)
Financières :
- Salaire du coordinateur
ou de la coordinatrice /
financement des modes
de déplacement (achat et
maintenance) /
assurances."
FICHE ACTION 6_Participation citoyenne.pdf,.pdf,FICHE_ACTION_6_Participation_citoyenne.txt,3476,594,,"--- PAGE 1 ---
FICHE ACTION 6: Inclusion sociale par la citoyenneté
DESCRIPTION
Quoi ?
Constats :
→ Plusieurs des personnes présentes, accompagnées par les Petits Frères des Pauvres, donc en
situation d’isolement et/ou souffrant de solitude, ont souligné le fait qu’elles n’avaient jamais de
contact avec les élus : « Ils ne vivent pas loin de chez nous et pourtant on ne les voit jamais pour
échanger »
→ Parmi les remarques formulées par certaines de ces personnes, l’une d’entre elles allait dans le
sens : « Il faudrait qu’on ait plus de moments comme celui-ci (la démarche de design citoyen) pour
donner notre avis, échanger autour de notre quotidien à Thann et dans sa vallée ». Il a même été
évoqué de créer un « conseil des aînés isolés »
Axes et leviers d’action :
➔ Nous nous sommes inspirés d’une expérience menée à Gravelines « Des cafés-débats pour
lutter contre l’isolement » afin de formuler une proposition. L’enjeu consiste à favoriser
l’inclusion sociale et citoyenne des ainés en situation d’isolement et/ou de solitude ou pour
prévenir ce type de situation.
➔ Il s’agit donc, en particulier, de donner la parole aux « invisibles » des politiques locales,
pour les rendre acteurs de leur territoire, tout en s’appuyant sur leur expertise du
« territoire vécu », en vue d’ouvrir à des pistes d’actions.
Pour qui ?
- Les personnes aînées (mais pas que) au sein de la com/com et notamment celles qui ont du mal à
se déplacer et/ou en situation d’isolement.
Où et quand ?
- Dans une salle communale
- Deux fois par ans (à négocier ?)
→ En deux temps :
1) Café-débat pour faire remonter les idées / problématiques / questions…
2) Temps de restitution en assemblée pour que les élus / travailleurs sociaux / bailleurs sociaux, etc.
puissent proposer des pistes d’action en écho aux éléments issus de la phase (1)
--- PAGE 2 ---
- Objectifs et moyens
- Créer un espace de rencontre avec les élus / bailleurs sociaux / travailleurs sociaux / prestataires de
services etc.
- Rendre les aînés acteurs de leur territoire
- Favoriser l’inclusion des personnes isolées ou à risque d’isolement, via ces rencontres, voire des actions
qui pourraient en découler :
* Par exemple, des propositions de temps de rencontres plus conviviaux
* Des propositions d’activités qui pourraient être portées par le CSC
* Tout autre type d’actions / activités, qui pourraient alors être formalisées et partagées via la « brochure
Être senior dans le pays de Thann » (voir fiche dédiée). Cela pourrait créer des dynamiques positives entre
aînés déjà très impliqués dans la vie du territoire, coordonnant la rédaction de la brochure et d’autres plus
isolés (voir fiche « Informations Senior Inclusion »).
Indicateurs de réussite
→ Nombre de personnes présentes lors des sessions
→ Dynamiques et projets initiés à l’issue des échanges
Ressources :
Humaines :
- Une personne en
charge de la
coordination du
dispositif (rompu aux
méthodes d’animation
de débat et / ou aux
méthodes actives type
« éducation populaire »)
- Des bénévoles en
soutien ?
- Du temps d’animateur
pour mettre en place les
activités éventuelles
issues des échanges,
etc.
Matérielles :
- Mise à disposition
d’une salle
Information et
communication :
- Diffusion des dates via
la brochure « Être senior
dans le Pays de Thann »
- En ligne sur le site
internet de la ville
- Bulletin communal
- Journal l’ Alsace
Financières :
- A définir.
Potentiellement élevé en
raison de la nécessité de
dégager un temps de
coordination."
FICHE ACTION 7_Participation sociale.pdf,.pdf,FICHE_ACTION_7_Participation_sociale.txt,2849,484,,"--- PAGE 1 ---
FICHE ACTION 8 : Participation sociale
DESCRIPTION
Quoi ?
Constats :
→ plusieurs activités sont proposées au sein de la vallée de Thann à destination des seniors ou du
grand public. Pour autant, plusieurs personnes isolées n'osent pas s'y rendre. Elles craignent
d'intégrer un groupe où elles ne connaissent personne. Peur de ne pas trouver leur place, d'y être
« inutiles ».
→ On n’ose pas forcément franchir la porte d’un centre socio-culturel quand on est isolé.
→ Plusieurs personnes ont des moyens très restreints pour réaliser des activités « payantes »
→ Il a été souligné l’intérêt de « réaliser ensemble », de mener à bien collectivement des projets
qui tiennent à cœur à chacune des personnes mobilisées.
Axes et leviers d’action :
→ Proposer des activités collectives, sur la base des centres d'intérêts des personnes où elles
peuvent partager des moments, créer ensemble, etc. :
• Des ateliers bricolage
• Des temps de cuisine collective, suivis de repas.
Pour qui ?
- Pour toutes les personnes retraitées.
- Pour les personnes isolées en particulier, qui n'osent pas se rendre seules dans certains
endroits comme les journées d'octobre (semaine bleue).
Où et quand ?
- reste à définir : CSC / médiathèque, etc. selon les fréquences décidées par les participants.
--- PAGE 2 ---
- Objectifs et moyens
→ Constituer des groupes par affinités en amont d'événements par exemple, ou créer des événements
spécifiques :
- Échanger différentes idées.
- Créer, réaliser des choses de ses propres mains.
- Ne pas être simplement consommateur, mais être acteur et cela collectivement, de moments
comme des repas par exemple (en participant à leur réalisation).
- Réaliser des activités selon ses envies mais ne pas avoir à les réaliser seul.
- Permettre de rompre l'isolement.
→ Suppose plusieurs éléments :
- Repérer des personnes isolées et les mettre en confiance (via les Petits Frères des Pauvres ?)
- Récolter les souhaits et envies de ces personnes (PFP ou autres actions proposées ?)
- Trouver des salles à disposition (CSC ?)
- Gérer le transport (restaurer le transport à la demande / utiliser les moyens à disposition, p. ex. les
véhicules du CSC)
Indicateurs de réussite
→ Nombre de personnes présentes lors des ateliers
→ Satisfaction des participants évaluée à la fin des ateliers
Ressources :
Humaines :
- Une personne en
charge de la
coordination / en appui
à l’animation
- Des bénévoles pour le
repérage / le lien de
confiance / le recueil
des envies et souhaits
Matérielles :
- Mise à disposition
d’une salle
- Transport à la
demande / mise à
disposition de véhicules
Information et
communication :
- Diffusion des dates via
la brochure « Être senior
dans le Pays de Thann »
- En ligne sur le site
internet de la ville
- Bulletin communal
- Journal l’ Alsace
Financières :
- A définir. Coût
potentiellement modeste."
FICHE ACTION_s'ouvrir à l'autre par la culture.pdf,.pdf,FICHE_ACTION_souvrir_a_lautre_par_la_culture.txt,3051,450,,"--- PAGE 1 ---
FICHE ACTION : S’ouvrir à l’autre par le biais de la culture
DESCRIPTION
Quoi ?
- Faciliter le lien social à travers l’accès à l’offre culturelle (médiathèques, cinémas, concerts,
théâtre, opéra, musées, conférences... )
- Faciliter les rencontres en vue de ces activités.
- Aller vers les personnes isolées de manière individuelle ou collective.
- Accueil dans les lieux concernés par une personne-ressource repérable.
- Sensibiliser en amont les structures à l’accueil des personnes fragiles.
- Faciliter l’accompagnement (ouvrir des lieux de rencontres neutres) en mettant en place des
personnes référentes (définir l’échelle pertinente selon financeurs potentiels : Ville, quartier,
CSC?).
- Accompagnement individualisé (aller au cinéma, au théâtre, au musée …), à deux (personne
âgée + aidant familial ou bénévole).
Pour qui ? Les personnes âgées fragilisées, isolées et/ou empêchées, avec leurs aidants (si existants)
sensibles aux activités culturelles ou souhaitant être initiées.
Où et quand ?
- Médiathèques, cinémas, concerts, théâtre, opéra, musées, conférences,
- Individuellement à la carte ou en constituant éventuellement des petits groupes ad hoc avec un
moyen de transport collectif ( vélo-taxis, taxis, navettes de bus ... ).
- En journée, en soirée, de façon régulière, adaptée à chaque proposition.
- Objectifs et moyens
- Mettre en place des personnes-ressources référentes pour repérer les personnes isolées, leur donner
« envie d’avoir envie », faciliter les rencontres et sensibiliser les partenaires, conformément à la Charte
éthique du groupe Design Citoyen.
- Faire connaître les modalités facilitatrices d’accompagnement. Communiquer sur ces dispositifs.
- Former et sensibiliser en amont les structures culturelles à l’accueil des personnes fragiles.
- Repérer les personnes intéressées et leurs attentes y compris via les partenaires ( commerçants, bailleurs,
associations et lieux de cultes, CSC, professionnels de santé ).
- Ouvrir des lieux neutres de rencontre et d’échanges extérieurs au domicile, en amont ou en aval des
activités elles-mêmes.
- Lever les inquiétudes, les obstacles matériels et/ou psychologiques, stimuler l’envie, la curiosité
et créer un cadre sécurisé et rassurant .
Indicateurs de réussite
- Mise en place de personnes-ressources au niveau de la municipalité / quartiers
- Mise en œuvre de modalités d’accueil adaptées dans les lieux culturels
- Formations en direction des structures culturelles (nombre de formations réalisées / personnes
concernées)
- Nombre de personnes accompagnées
- Évaluation de la satisfaction des personnes concernées par les personnes-ressources (nombre de
personnes revenant plusieurs fois / implication dans les échanges pré et post-sortie, etc.)
--- PAGE 2 ---
Ressources :
Humaines :
- Personnes-ressources
coordinatrices
- Personnes formées
dans les structures
culturelles
Matérielles :
- Mise à disposition de
moyens de transport :
vélos-taxi / taxis /
navettes
Information et
communication :
- Supports de diffusion
(à définir)
Financières :"
FICHE ACTION_Se déplacer librement et en toute sécurité.pdf,.pdf,FICHE_ACTION_Se_deplacer_librement_et_en_toute_securite.txt,4443,685,,"--- PAGE 1 ---
FICHE ACTION : Se déplacer librement et en toute sécurité
DESCRIPTION
Quoi ?
Constats :
Lorsqu'on parle de la notion de ""vieillir chez soi"", qui est à l'heure actuelle une des priorités des
politiques publiques, on pense à l'adaptation du logement alors que cette notion doit s'entendre
de manière plus large. Elle ne se limite pas au logement mais s'étend à l'espace public urbain
auquel les personnes âgées doivent pouvoir avoir accès en toute sécurité afin de garder leur
autonomie, maintenir des relations sociales et éviter l'envie de se mettre en retrait du monde.
L’un des axes de nos échanges liés à la phase diagnostic a ainsi porté sur les questions de mobilité
et d’aménagement urbain. Il a été souligné que l’un des principaux facteurs de l’isolement était la
perte de mobilité, liée à la perte d’autonomie, impactant la conduite automobile (abandonnée par
certaines personnes), autant que l’accès aux transports publics. De ce fait, l’aménagement urbain
peut être capacitant ou incapacitant, selon qu’il soit pensé selon une perspective « age friendly »,
ou au contraire si le développement urbain est principalement axé sur les personnes en pleine
capacité.
Cette fiche ne constitue pas un « projet » à proprement parler, mais concentre la réflexion d’une
partie du groupe sur cette question. Elle vise ainsi à alimenter des réflexions en cours, ou peut
donner lieu à la création d’un groupe de réflexion ad hoc, le cas échéant.
A xes et leviers d’action :
- Sécurisation des trottoirs (trottinettes et vélos circulent sur les trottoirs), certaines personnes
pouvant craindre d’y circuler : éventuellement, aller vers plus de verbalisation pour les cyclistes ?
- Interdiction des vélos / trottinettes dans les zones piétonnes.
- Mettre en place plus de bancs, équipés d’accoudoirs et notamment dans des zones ombragées.
- Renforcer le dispositif Mobistras (plus de moyens alloués, rendre les réservations plus faciles :
plus de créneaux disponibles, plus de flexibilité)
- Augmenter le temps de feu vert sur les passages piétons (certaines personnes à mobilité réduite
se retrouvent coincées au milieu de la route)
- Rendre les transports gratuits pour les personnes de plus de 65 ans.
- Installer des couloirs adaptés (goudronnés) dans les secteurs avec des pavés – centre ville en
particulier (faciliter la circulation des personnes circulant avec une canne, un déambulateur, un
fauteuil roulant). On peut étendre cette proposition à l'amélioration du confort des infrastructures
piétonnes en général car toute aspérité, le moindre relief ou trou, tout obstacle (sans oublier les
détritus sur la chaussée et les crottes de chien), peut gêner la marche et générer un sentiment
d’insécurité : abaissement des trottoirs, largeur des trottoirs, bon état des sols, éclairage.
- Certaines personnes craignent de prendre les bus CTS car certains chauffeurs s’arrêtent trop loin
des trottoirs : Sensibiliser les chauffeurs.
-Mettre en place des modalités d’alerte des cyclistes sur les pistes cyclables (panneau de
signalisation), à l’approche d’un passage piéton.
- Développer des accompagnements spécifiques des personnes âgées dans les lieux culturels (en
lien avec la fiche-action dédiée).
- Développer de nouvelles formes de service écologiques et circulant aisément : Vélo-taxi
--- PAGE 2 ---
Pour qui ?
- Les personnes à mobilité réduite (âgées en perte d’autonomie / en situation de handicap)
Où et quand ?
- Sur l’ensemble de l’EMS
- Objectifs et moyens
- Favoriser les déplacements en toute sécurité.
- Permettre une réassurance de personnes qui peuvent craindre de sortir / s’éloigner de chez elles.
- Faciliter les déplacements quotidiens : rendez-vous médicaux, courses, sorties culturelles, etc.
Indicateurs de réussite
- Nombre d’utilisateurs mobistras / satisfaction des utilisateurs
- Augmentation du nombre de bancs
- Satisfaction des personnes âgées (retours qualitatifs via des associations comme les Petits Frères des
Pauvres ; questionnaires par téléphone…)
- Observations objectives de l’amélioration des infrastructures et des services (temps de feu vert, bande de
circulation etc.)
Ressources :
Humaines :
- Personnes-ressources
pour la sensibilisation
des cyclistes et
chauffeurs de bus
Matérielles :
- Aménagement urbain
- Dispositifs facilitant
l’accès aux commerces,
lieux culturels, etc.
Information et
communication :
- Campagne de
sensibilisation des
cyclistes (affichages?)
Financières :"
FICHE ACTION_soutien des proches aidants.pdf,.pdf,FICHE_ACTION_soutien_des_proches_aidants.txt,113,18,,"--- PAGE 1 ---
- Nombre de proches aidants informés quant aux dispositifs existant et rejoignant ces dispositifs."
FICHE Arlon 1.docx,.docx,FICHE_Arlon_1.txt,4886,711,,"Arlon 2025
MobilitésMobilitésFICHE-ACTION N°1
Mobilités
Quoi ?Constat : l’offre des transports ne correspond pas à la demande et aux besoins des habitantes et habitants de la commune d’Arlon. L’offre de base pour les petits villages n’est pas satisfaisante. Cette dernière apparaît comme trop dépendante des périodes scolaires. De plus, on observe un manque de courtoisie et de ponctualité de la part de certains chauffeurs. Enfin, les horaires de passage sont peu connus du fait du manque d’affichages aux abris. Proposition : mettre en place une enquête concernant les besoins des usagers (et pas uniquement les scolaires). Cette dernière aurait pour objectif d’adapter les services de transport aux besoins des usagers non-scolaires de la Commune. En parallèle nous proposons le rétablissement de l’affichage systématique aux différents abris. Pour qui ?Usagers des transports en commun Où et quand ?Commune d’Arlon, période scolaire et hors scolaire, ainsi que le samediDESCRIPTIONQuoi ?Constat : l’offre des transports ne correspond pas à la demande et aux besoins des habitantes et habitants de la commune d’Arlon. L’offre de base pour les petits villages n’est pas satisfaisante. Cette dernière apparaît comme trop dépendante des périodes scolaires. De plus, on observe un manque de courtoisie et de ponctualité de la part de certains chauffeurs. Enfin, les horaires de passage sont peu connus du fait du manque d’affichages aux abris. Proposition : mettre en place une enquête concernant les besoins des usagers (et pas uniquement les scolaires). Cette dernière aurait pour objectif d’adapter les services de transport aux besoins des usagers non-scolaires de la Commune. En parallèle nous proposons le rétablissement de l’affichage systématique aux différents abris. Pour qui ?Usagers des transports en commun Où et quand ?Commune d’Arlon, période scolaire et hors scolaire, ainsi que le samediDESCRIPTIONAméliorer les services de transports en commun au regard des besoins des aînés
Quoi ?
Constat : l’offre des transports ne correspond pas à la demande et aux besoins des habitantes et habitants de la commune d’Arlon. L’offre de base pour les petits villages n’est pas satisfaisante. Cette dernière apparaît comme trop dépendante des périodes scolaires. De plus, on observe un manque de courtoisie et de ponctualité de la part de certains chauffeurs. Enfin, les horaires de passage sont peu connus du fait du manque d’affichages aux abris.
Proposition : mettre en place une enquête concernant les besoins des usagers (et pas uniquement les scolaires). Cette dernière aurait pour objectif d’adapter les services de transport aux besoins des usagers non-scolaires de la Commune. En parallèle nous proposons le rétablissement de l’affichage systématique aux différents abris.
Pour qui ?
Usagers des transports en commun
Où et quand ?
Commune d’Arlon, période scolaire et hors scolaire, ainsi que le samedi
DESCRIPTION
ObjectifsAméliorer les services de transportsAugmenter le nombre de nouveaux usagersRéduction du trafic automobile dans la commune d’ArlonAméliorer la fréquentation des transports en commun en soirée et dans les villagesObjectifsAméliorer les services de transportsAugmenter le nombre de nouveaux usagersRéduction du trafic automobile dans la commune d’ArlonAméliorer la fréquentation des transports en commun en soirée et dans les villagesIndicateurs de réussiteRésultats de l’enquête Amélioration des services Augmentation du niveau de satisfaction des usagersIndicateurs de réussiteRésultats de l’enquête Amélioration des services Augmentation du niveau de satisfaction des usagersHumaines : Un.e chargé.e d’enquête entre la commune et le TECMatérielles : Affiches et communication papier Information et communication :Diffusion dans les abris, à l’information communale et aux dépôts TECFinancières :Concertation entre la commune et le Service Wallon des Transports en Communs RESSOURCESHumaines : Un.e chargé.e d’enquête entre la commune et le TECMatérielles : Affiches et communication papier Information et communication :Diffusion dans les abris, à l’information communale et aux dépôts TECFinancières :Concertation entre la commune et le Service Wallon des Transports en Communs RESSOURCES
Objectifs
Améliorer les services de transports
Augmenter le nombre de nouveaux usagers
Réduction du trafic automobile dans la commune d’Arlon
Améliorer la fréquentation des transports en commun en soirée et dans les villages
Indicateurs de réussite
Résultats de l’enquête
Amélioration des services
Augmentation du niveau de satisfaction des usagers
Humaines :
Un.e chargé.e d’enquête entre la commune et le TEC
Matérielles :
Affiches et communication papier
Information et communication :
Diffusion dans les abris, à l’information communale et aux dépôts TEC
Financières :
Concertation entre la commune et le Service Wallon des Transports en Communs
RESSOURCES"
FICHE Arlon 2.docx,.docx,FICHE_Arlon_2.txt,2981,434,,"Arlon 2025
MobilitésMobilitésFICHE-ACTION N°2
Mobilités
Quoi ?Constat : le Taxi social LocoMobile existe dans la province du Luxembourg mais est absent dans la commune d’Arlon. Or, les services de santé sont souvent éloignés de la Commune et les services de transport médicalisé peuvent être difficiles d’accès que ce soit par le prix ou par les délais d’attente. Solution : mettre en place le service LocoMobile dans la commune d’ArlonPour qui ?Personnes ayant des problèmes de mobilité et/ou à faibles revenus Où et quand ?Commune d’ArlonDESCRIPTIONQuoi ?Constat : le Taxi social LocoMobile existe dans la province du Luxembourg mais est absent dans la commune d’Arlon. Or, les services de santé sont souvent éloignés de la Commune et les services de transport médicalisé peuvent être difficiles d’accès que ce soit par le prix ou par les délais d’attente. Solution : mettre en place le service LocoMobile dans la commune d’ArlonPour qui ?Personnes ayant des problèmes de mobilité et/ou à faibles revenus Où et quand ?Commune d’ArlonDESCRIPTIONOuverture du service LocoMobile et/ou autre dans la commune d’Arlon
Quoi ?
Constat : le Taxi social LocoMobile existe dans la province du Luxembourg mais est absent dans la commune d’Arlon. Or, les services de santé sont souvent éloignés de la Commune et les services de transport médicalisé peuvent être difficiles d’accès que ce soit par le prix ou par les délais d’attente.
Solution : mettre en place le service LocoMobile dans la commune d’Arlon
Pour qui ?
Personnes ayant des problèmes de mobilité et/ou à faibles revenus
Où et quand ?
Commune d’Arlon
DESCRIPTION
ObjectifsAméliorer l’accès aux soins des personnes ayant des problèmes de mobilité et/ou à faibles revenusRéduire les inégalités de mobilité dans la commune d’ArlonObjectifsAméliorer l’accès aux soins des personnes ayant des problèmes de mobilité et/ou à faibles revenusRéduire les inégalités de mobilité dans la commune d’ArlonIndicateurs de réussiteNombres de transportsPrix de la prise en chargeIndicateurs de réussiteNombres de transportsPrix de la prise en chargeHumaines : Coordinateur ou coordinatrice du projetMatérielles : Impression du matériel d’informationInformation et communication :Flyers et affichagesFinancières :Budgétisation par la Commune d’Arlon ou CPASRESSOURCESHumaines : Coordinateur ou coordinatrice du projetMatérielles : Impression du matériel d’informationInformation et communication :Flyers et affichagesFinancières :Budgétisation par la Commune d’Arlon ou CPASRESSOURCES
Objectifs
Améliorer l’accès aux soins des personnes ayant des problèmes de mobilité et/ou à faibles revenus
Réduire les inégalités de mobilité dans la commune d’Arlon
Indicateurs de réussite
Nombres de transports
Prix de la prise en charge
Humaines :
Coordinateur ou coordinatrice du projet
Matérielles :
Impression du matériel d’information
Information et communication :
Flyers et affichages
Financières :
Budgétisation par la Commune d’Arlon ou CPAS
RESSOURCES"
FICHE Arlon 3.docx,.docx,FICHE_Arlon_3.txt,4755,675,,"Information et communicationInformation et communicationArlon 2025
Information et communication
FICHE-ACTION N°3
Quoi ?Au cours des discussions les participantes et participants ont évoqué une insatisfaction concernant la communication portant sur les informations et événements concernant spécifiquement les personnes âgées. Afin d’améliorer la visibilité de ces informations potentiellement importantes pour les seniors d’Arlon deux scénarios sont envisagés, soit : Créer un Agenda des seniors sous forme de feuillet détachable au sein du Magazine Vivre à Arlon ou à minima intégrer le feuillet dans le Magazine (couleur et mise en page différente)Créer un Agenda des seniors séparé et distribué séparément du Magazine communalPour qui ?Pour les seniors de la Commune d’Arlon Où et quand ?Garder le rythme du Magazine Vivre à Arlon et bi mensuel si Agenda séparéDESCRIPTIONQuoi ?Au cours des discussions les participantes et participants ont évoqué une insatisfaction concernant la communication portant sur les informations et événements concernant spécifiquement les personnes âgées. Afin d’améliorer la visibilité de ces informations potentiellement importantes pour les seniors d’Arlon deux scénarios sont envisagés, soit : Créer un Agenda des seniors sous forme de feuillet détachable au sein du Magazine Vivre à Arlon ou à minima intégrer le feuillet dans le Magazine (couleur et mise en page différente)Créer un Agenda des seniors séparé et distribué séparément du Magazine communalPour qui ?Pour les seniors de la Commune d’Arlon Où et quand ?Garder le rythme du Magazine Vivre à Arlon et bi mensuel si Agenda séparéDESCRIPTIONCréation d’un agenda seniors
Quoi ?
Au cours des discussions les participantes et participants ont évoqué une insatisfaction concernant la communication portant sur les informations et événements concernant spécifiquement les personnes âgées.
Afin d’améliorer la visibilité de ces informations potentiellement importantes pour les seniors d’Arlon deux scénarios sont envisagés, soit :
Créer un Agenda des seniors sous forme de feuillet détachable au sein du Magazine Vivre à Arlon ou à minima intégrer le feuillet dans le Magazine (couleur et mise en page différente)
Créer un Agenda des seniors séparé et distribué séparément du Magazine communal
Pour qui ?
Pour les seniors de la Commune d’Arlon
Où et quand ?
Garder le rythme du Magazine Vivre à Arlon et bi mensuel si Agenda séparé
DESCRIPTION
Indicateurs de réussiteChoix d’un des deux scénarios et mise en placeNombre d’aînés participant à la rédactionTaux de participation des seniors aux activités Indicateurs de réussiteChoix d’un des deux scénarios et mise en placeNombre d’aînés participant à la rédactionTaux de participation des seniors aux activités Humaines : Rédacteur et des rédacteurs bénévoles du Conseil consultatif communal des aînés (CCCA) Matérielles : Coût de l’impressionInformation et communication :Les 3 premières parutions devraient être mentionnées au niveau de la couverture Financières :La Commune, potentiellement un financement (européen, sponsors publics et/ou privé ?)RESSOURCESHumaines : Rédacteur et des rédacteurs bénévoles du Conseil consultatif communal des aînés (CCCA) Matérielles : Coût de l’impressionInformation et communication :Les 3 premières parutions devraient être mentionnées au niveau de la couverture Financières :La Commune, potentiellement un financement (européen, sponsors publics et/ou privé ?)RESSOURCESObjectifsAméliorer la communication destinée aux séniors Centraliser les informations destinées aux séniors Intégrer les aînés à la rédaction Améliorer leur participation à la vie culturelle, sociale et citoyenne de la Commune et lutter contre l’isolement socialObjectifsAméliorer la communication destinée aux séniors Centraliser les informations destinées aux séniors Intégrer les aînés à la rédaction Améliorer leur participation à la vie culturelle, sociale et citoyenne de la Commune et lutter contre l’isolement social
Indicateurs de réussite
Choix d’un des deux scénarios et mise en place
Nombre d’aînés participant à la rédaction
Taux de participation des seniors aux activités
Humaines :
Rédacteur et des rédacteurs bénévoles du Conseil consultatif communal des aînés (CCCA)
Matérielles :
Coût de l’impression
Information et communication :
Les 3 premières parutions devraient être mentionnées au niveau de la couverture
Financières :
La Commune, potentiellement un financement (européen, sponsors publics et/ou privé ?)
RESSOURCES
Objectifs
Améliorer la communication destinée aux séniors
Centraliser les informations destinées aux séniors
Intégrer les aînés à la rédaction
Améliorer leur participation à la vie culturelle, sociale et citoyenne de la Commune et lutter contre l’isolement social"
FICHE Arlon 4.docx,.docx,FICHE_Arlon_4.txt,3920,577,,"Information et communicationInformation et communicationArlon 2025
Information et communication
FICHE-ACTION N°4
Quoi ?Un guide « Aide mémoire des aîné.e.s » a été édité par le CCCA en 2020, mais il n’a pas été mis à jour depuis. Il serait pourtant intéressant de renouveler puis d’assurer l’actualisation des informations (numéros de téléphone et sites internet notamment) à un rythme biannuel.Ce dernier devrait aussi contenir des pages à remplir par les personnes concernées sur données médicales en cas d’urgence (médecin, mutuelle, personne à contacter, traitement spécifique, etc.)Pour qui ?Pour les aîné.e.s de la ville et des villages Où et quand ?…DESCRIPTIONQuoi ?Un guide « Aide mémoire des aîné.e.s » a été édité par le CCCA en 2020, mais il n’a pas été mis à jour depuis. Il serait pourtant intéressant de renouveler puis d’assurer l’actualisation des informations (numéros de téléphone et sites internet notamment) à un rythme biannuel.Ce dernier devrait aussi contenir des pages à remplir par les personnes concernées sur données médicales en cas d’urgence (médecin, mutuelle, personne à contacter, traitement spécifique, etc.)Pour qui ?Pour les aîné.e.s de la ville et des villages Où et quand ?…DESCRIPTIONRééditer et pérenniser le guide « Aide mémoire des Aîné.e.s »
Quoi ?
Un guide « Aide mémoire des aîné.e.s » a été édité par le CCCA en 2020, mais il n’a pas été mis à jour depuis.
Il serait pourtant intéressant de renouveler puis d’assurer l’actualisation des informations (numéros de téléphone et sites internet notamment) à un rythme biannuel.
Ce dernier devrait aussi contenir des pages à remplir par les personnes concernées sur données médicales en cas d’urgence (médecin, mutuelle, personne à contacter, traitement spécifique, etc.)
Pour qui ?
Pour les aîné.e.s de la ville et des villages
Où et quand ?
…
DESCRIPTION
Humaines : La CCCA et autres bénévolesPersonne de la Commune pour la mise en pageMatérielles : ImpressionInformation et communication :Distribution en toute boîte, disponibilité à l’hôtel de ville, dans les commerces, pharmacies, chez les médecins et à l’hôpitalMettre un exemplaire en format PDF accessible sur le site de la CommuneFinancières :La Commune, Fondations et autres appels à projetsRESSOURCESHumaines : La CCCA et autres bénévolesPersonne de la Commune pour la mise en pageMatérielles : ImpressionInformation et communication :Distribution en toute boîte, disponibilité à l’hôtel de ville, dans les commerces, pharmacies, chez les médecins et à l’hôpitalMettre un exemplaire en format PDF accessible sur le site de la CommuneFinancières :La Commune, Fondations et autres appels à projetsRESSOURCESObjectifsCentraliser dans un livret unique les numéros, adresses et informations utiles ainsi que les données personnelles (en cas de nécessité)Maintenir ces données à jourVérifier la pertinence des donnéesObjectifsCentraliser dans un livret unique les numéros, adresses et informations utiles ainsi que les données personnelles (en cas de nécessité)Maintenir ces données à jourVérifier la pertinence des donnéesIndicateurs de réussiteNombre d’exemplaires distribuésNombre de rééditions…Indicateurs de réussiteNombre d’exemplaires distribuésNombre de rééditions…
Humaines :
La CCCA et autres bénévoles
Personne de la Commune pour la mise en page
Matérielles :
Impression
Information et communication :
Distribution en toute boîte, disponibilité à l’hôtel de ville, dans les commerces, pharmacies, chez les médecins et à l’hôpital
Mettre un exemplaire en format PDF accessible sur le site de la Commune
Financières :
La Commune, Fondations et autres appels à projets
RESSOURCES
Objectifs
Centraliser dans un livret unique les numéros, adresses et informations utiles ainsi que les données personnelles (en cas de nécessité)
Maintenir ces données à jour
Vérifier la pertinence des données
Indicateurs de réussite
Nombre d’exemplaires distribués
Nombre de rééditions"
FICHE Arlon 5.docx,.docx,FICHE_Arlon_5.txt,3749,518,,"Arlon 2025
NUMÉRIQUENUMÉRIQUEFICHE-ACTION N°5
NUMÉRIQUE
Quoi ?Dans la commune d’Arlon, existe un Espace public numérique (EPN) ouvert à toutes et à tous. Cependant, nous observons que les services proposés ne correspondent pas entièrement aux besoins et demandes des personnes âgées. Nous proposons alors de renforcer l’offre de formation destinée spécifiquement aux PA, mais aussi d’assurer la mise en place d’un service d’aide individuelle aux diverses démarches (administratives ou autres) en ligne dans un cadre sécurisé et confidentiel. Pour qui ?Les aîné.e.s de la Commune d’Arlon Où et quand ?À l’EPNDESCRIPTIONQuoi ?Dans la commune d’Arlon, existe un Espace public numérique (EPN) ouvert à toutes et à tous. Cependant, nous observons que les services proposés ne correspondent pas entièrement aux besoins et demandes des personnes âgées. Nous proposons alors de renforcer l’offre de formation destinée spécifiquement aux PA, mais aussi d’assurer la mise en place d’un service d’aide individuelle aux diverses démarches (administratives ou autres) en ligne dans un cadre sécurisé et confidentiel. Pour qui ?Les aîné.e.s de la Commune d’Arlon Où et quand ?À l’EPNDESCRIPTIONAteliers numériques destinés aux aîné.e.s
Quoi ?
Dans la commune d’Arlon, existe un Espace public numérique (EPN) ouvert à toutes et à tous.
Cependant, nous observons que les services proposés ne correspondent pas entièrement aux besoins et demandes des personnes âgées.
Nous proposons alors de renforcer l’offre de formation destinée spécifiquement aux PA, mais aussi d’assurer la mise en place d’un service d’aide individuelle aux diverses démarches (administratives ou autres) en ligne dans un cadre sécurisé et confidentiel.
Pour qui ?
Les aîné.e.s de la Commune d’Arlon
Où et quand ?
À l’EPN
DESCRIPTION
ObjectifsRassurer les utilisatrices et utilisateurs Réduire la fracture numérique Adapter l’offre à la demande Assurer la continuité et la stabilité du service et éviter le turn-over à l’EPNObjectifsRassurer les utilisatrices et utilisateurs Réduire la fracture numérique Adapter l’offre à la demande Assurer la continuité et la stabilité du service et éviter le turn-over à l’EPNHumaines : Personne(s) formée(s) spécifiquement (formation Conectoo, par exemple). Faire appel à des bénévoles ou des personnes pensionnées initiées à l’informatiqueMatérielles : Utiliser l’infrastructure existante et si besoin acheter de matériel adapté à l’avancée en âgeInformation et communication :Une campagne d’information ciblée pour les services proposésFinancières :EPNRESSOURCESHumaines : Personne(s) formée(s) spécifiquement (formation Conectoo, par exemple). Faire appel à des bénévoles ou des personnes pensionnées initiées à l’informatiqueMatérielles : Utiliser l’infrastructure existante et si besoin acheter de matériel adapté à l’avancée en âgeInformation et communication :Une campagne d’information ciblée pour les services proposésFinancières :EPNRESSOURCESIndicateurs de réussiteNombre d’usagersNombre de formations proposées…Indicateurs de réussiteNombre d’usagersNombre de formations proposées…
Objectifs
Rassurer les utilisatrices et utilisateurs
Réduire la fracture numérique
Adapter l’offre à la demande
Assurer la continuité et la stabilité du service et éviter le turn-over à l’EPN
Humaines :
Personne(s) formée(s) spécifiquement (formation Conectoo, par exemple). Faire appel à des bénévoles ou des personnes pensionnées initiées à l’informatique
Matérielles :
Utiliser l’infrastructure existante et si besoin acheter de matériel adapté à l’avancée en âge
Information et communication :
Une campagne d’information ciblée pour les services proposés
Financières :
EPN
RESSOURCES
Indicateurs de réussite
Nombre d’usagers
Nombre de formations proposées
…"
Fiche-action 1 new.pdf,.pdf,Fiche-action_1_new.txt,1888,288,,"--- PAGE 1 ---
FICHE-ACTION N°1
Création d’un centre médical / polyclinique
Objectifs
• Lutter contre l’encombrement des urgences et limiter les délais d’attente
• Rapprocher les points de contact pour les prises en charge
• Réhumaniser la médecine de contact
Indicateurs de réussite
• Nombre de patients dans la maison médicale / polyclinique
• Mesure de la satisfaction des patients
Quoi ?
La création des dispensaires désencombrerait les hôpitaux, l’accueil serait meilleur dans les services
et les soins bénins seraient pris en charge par cette structure de première ligne. Avec une prise en
charge par la carte vitale afin de traiter les petits problèmes.
L’objectif serait alors de prodiguer des soins immédiatement et sans rendez-vous.
Se pose la question des plateaux techniques et du matériel dont pourraient être dotées ces structures
en fonction de leur périmètre d’intervention et en articulation avec les urgences.
Une autre possibilité serait de partir sur une structure de type Polyclinique située au centre-ville de
Metz permettant des consultations sans rendez-vous et sans frais d’avance et sans dépassement
d’honoraires (problème relevé durant les discussions). Un tel service avait existé à l’Hôpital Bon
Secours et cette nouvelle polyclinique pourrait être attachée à l’Hôpital de Mercy.
Pour qui ?
Tout le monde
Où et quand ?
Metz et zone rurale autour
D
E
S
C
R
I
P
T
O
N
Humaines :
Médecins
Infirmières en pratique avancée
Sage-femmes
Autre : personnel administratif
Matérielles :
Un local, matériel médical, matériel administratif
Information et communication :
Réseaux gérontologique s, médecins de villes, flyers dans les pharmacies, mairies, CCAS,
commerces du quotidien, gendarmerie
Numéro de téléphone à joindre pour renseignements
Agenda des seniors, centres culturels, maison du troisième âge
Financières :
ARS, département, alternance
U
Soins hospitaliers"
Fiche-action 1 Transport Solidaire seniors 1ère nécessité.pdf,.pdf,Fiche-action_1_Transport_Solidaire_seniors_1ere_necessite.txt,3093,490,,"--- PAGE 1 ---
FICHE-ACTION
« Transport solidaire pour seniors »
Objectifs
- Favoriser l’autonomie de déplacement pour les besoins de 1ère nécessité des seniors
- Favoriser le maintien à domicile des seniors
- Développer un tissu social solidaire à Sochaux
Indicateurs de réussite
- Création du service avec une équipe composée d’un salarié coordinateur et animateur d’un réseau d’au
moins 10 bénévoles investis dans l’accompagnement des seniors concerné s ;
Quoi ?
Des personnes âgées pas/plus motorisées, développant des problématiques de motricité rencontre des difficultés
quotidiennes pour :
- Le portage des courses alimentaires (lourdes) depuis l’arrêt de bus jusqu’au domicile, voire jusqu’au pas
de leur porte.
- Se rendre chez le médecin ou les spécialistes de santé : déplacement pour les prises de rendez-vous, la
pharmacie, les consultations avec temps d’attentes contraints (non pris en charge par les mutuelles).
Lors des ateliers de Design Citoyen, les participants ont confirmé ces problématiques récurrentes et s’insurgent
contre l’amplification du phénomène avec la désertification des services publics et/ou de proximités (fermeture
de l’Intermarché, de l’hôpital de Montbéliard, non remplacement de professionnels de la santé …)
Les participants proposent la mise en place d’ un « Service de transport solidaire » permettant un
accompagnement personnalis é pour l’ensemble de la population âgée sochalienne afin de répondre à leurs
besoins de 1ère nécessité (soin et courses).
Pour exemple, le Relais Amical Malakoff Mederic de Montbéliard a mis en place un service de « transport
solidaire » pour accompagner les personnes âgées à leur (s) soin(s) médicaux, du domicile à la salle d’attente.
Ainsi, les bénéficiaires sont sécurisés dans leur parcours de soin.
Pour qui ?
Personnes âgées avec pertes de mobilité et/ou absence de moyen de locomotion avec besoin d’accompagnement
pour les courses de 1ère nécessité (Alimentation, RDV médicaux).
Où et quand ?
Dès que possible dans la commune de Sochaux.
D
E
S
C
R
I
P
T
O
N
Humaines :
- Une dizaine de covoitureurs volontaires
- Si des bénévoles peuvent être mobilisés pour le transport des usagers, il nous semble toutefois essentiel de
recruter un salarié dédié entre autres à la coordination de ce service afin de le rendre pérenne et efficient.
Matérielles :
- Véhicules des bénévoles et/ou un véhicule de service adapté ;
- Bureau (au CCAS, à la Mairie ou à la MJC-CS de Sochaux)
Information et communication :
- Numéro de téléphone dédié du service de « Transport solidaire de Sochaux » avec personne physique au
bout du fils pour prise de rendez-vous et mise en relation bénévoles/usagers.
- Communiquer sur l’existence du service par la collectivité via son site internet, son magazine trimestriel le
Sochaux Plus, le CCAS de Sochaux, les acteurs de proximité (MJC -CS de Sochaux, Club des seniors, les
pharmacies…)
Financières :
CCAS, MJC-CS, Mairie de Sochaux, Conférence des Financeurs du Doubs ou GIE-IMPA, Malakoff Humanis, ARS
CARSAT, et RFVADA pour la création du service.
U
Transport et mobilité
ien vieillir"
Fiche-action 10 - Réseau d'informations.pdf,.pdf,Fiche-action_10_-_Reseau_dinformations.txt,1251,196,,"--- PAGE 1 ---
Prévention
FICHE-ACTION N°10
Création d’un réseau de transmission d’informations
Objectifs
• Mobiliser des personnes de confiance autour de la communication.
• Limiter les périodes de confusion vis-à-vis des bonnes pratiques.
• Avoir un réseau de personnes de confiance à qui parler.
Indicateurs de réussite
• Taille du réseau
• Répartition dans l’ensemble du territoire messin
Quoi ?
Face à la difficulté de transmettre des informations claires et harmonisées, est proposé
d’encourager la création de réseaux d’acteurs locaux pouvant apporter des données et
conseiller des pratiques sûres. Le rôle de ce réseau serait de regrouper des acteurs de santé
pertinents et pouvant servir de relais. Il regrouperait les pharmaciens, les infirmiers scolaires,
les médecins généralistes, les associations expertes (Croix Rouge), laboratoires, les mutuelles
(éventuellement les vétérinaires).
Par qui ?
Ensemble de la population
Où et quand ?
À Metz, et dans ses zones locales.
D
E
S
C
R
I
P
T
O
N
Humaines :
Un coordinateur de réseau
Matérielles :
Des locaux
Information et communication :
Travail de publicisation du dispositif et de la liste des acteurs à consulter (ARS, CARSAT, CD57,
Mairie, Police)
Financières :
ARS, CARSAT, CD57, Mairie
U"
Fiche-action 11 - Implication.pdf,.pdf,Fiche-action_11_-_Implication.txt,1148,189,,"--- PAGE 1 ---
FICHE-ACTION N°11
Meilleure implication du Conseil des Seniors dans la communication pour les
Seniors
Objectifs
• Participation à l’élaboration des informations concernant les seniors dans la ville
• Prendre part à l’organisation et à la distribution
• …
Indicateurs de réussite
• Nombre de personnes participant à l’élaboration de la communication concernant les
seniors
• Nombre de nouvelles personnes touchées par la communication de la ville
Quoi ?
Le Conseil des seniors de Metz n’est que très peu consulté sur les questions de communication
et de relai des informations ainsi que sur l’écriture de l’Agenda des seniors. Il faudrait plus
impliquer les membres du Conseil des seniors aussi bien dans la construction des éléments de
communications (y compris l’Agenda des seniors), que dans la distribution et le relai des
informations.
Pour qui ?
Membres du Conseil des seniors et au-delà
Où et quand ?
Lors des sessions du Conseil des seniors
D
E
S
C
R
I
P
T
O
N
Humaines :
Membres du Conseil des seniors
Coordinateurs de la ville, Service communication
Matérielles :
…
Information et communication :
Financières :
U
Information"
Fiche-action 12 - Informations.pdf,.pdf,Fiche-action_12_-_Informations.txt,1348,216,,"--- PAGE 1 ---
FICHE-ACTION N°12
Campagne(s) d’information ciblée séniors
Objectifs
• Transmettre des informations claires et adaptées aux besoins des seniors
• Toucher un plus grand nombre de seniors
• Lutter contre l’isolement
Indicateurs de réussite
• Nombre de campagnes de flyers organisées
• Nombre de nouveaux lieux de distribution
• Nouvelles personnes touchées par la communication
Quoi ?
Améliorer l’information que les personnes âgées reçoivent concernant la thématique de la
santé mais aussi sur d’autres sujets. Il s’agit de flyers d’informations courtes à mettre dans les
commerces, mairies de quartier, clubs du 3 e âge et autres endroits ciblés fréquentés par les
seniors. Le format papier est à privilégier.
Il faudrait mettre une attention particulière sur la lutte contre l’isolement et encourager les
seniors à participer à la vie de leur quartier/ville.
Pour qui ?
Tous les seniors de Metz
Où et quand ?
Tout au long de l’année, dans les lieux quotidiennement fréquentés par les personnes âgées
D
E
S
C
R
I
P
T
O
N
Humaines :
Chargé de communication et graphiste (spécialisé dans l’adaptation aux seniors)
Coordination de la part de la ville
Bénévoles
Matérielles :
Impression des flyers
Présentoirs spécifiques
Information et communication :
…
Financières :
Minimales car intégrées dans ce que la ville fait déjà
U
Information"
Fiche-action 13 - Préparation à la retraite.pdf,.pdf,Fiche-action_13_-_Preparation_a_la_retraite.txt,1624,275,,"--- PAGE 1 ---
FICHE-ACTION N°13
Proposer des ateliers aux futurs retraités de « préparation à la retraite »
Objectifs
• Prévenir la rupture entre la vie professionnelle et la retraite
• Préparer à la vie à la retraite
• Éviter l’isolement
Indicateurs de réussite
• Nombre d’ateliers organisés
• Nombre d’années d’existence du dispositif
• Nombre de personnes accompagnées
Quoi ?
Aller de l’avant vers ceux qui vont être retraités afin de les préparer à cette transition. Cette
action peut comprendre deux volets :
- Un premier plus « technique » en aide à la constitution du dossier de retraite avec un
accent sur la lutte contre la fracture numérique
- Un deuxième plus « social » sous un format d’ateliers à la préparation face à la rupture
entre le monde du travail et la retraite
Il s’agit d’apporter une aide au plus grand nombre et plus spécifiquement aux personnes
susceptibles de mal vivre le passage à la retraite et de tomber dans l’isolement.
Pour qui ?
Tous les salariés avant la retraite
Où et quand ?
Interventions dans les lieux de travail (public et privé) auprès des salariés 1 an, 1 an et demi
avant leur départ à la retraite.
D
E
S
C
R
I
P
T
O
N
Humaines :
Associations, Conseil des seniors, Centre de bénévolat, CARSAT AM, Mutuelles, Syndicats
Coordination du dispositif, Écrivains publics numériques (pour l’aide aux dossiers de retraite)
Matérielles :
Kit de communication spécifique élaboré par les partenaires
Information et communication :
Via les réseaux de communication de la ville et des partenaires
Financières :
Ville, CARSAT, CD 57, Mutuelles, Partenaires privés
U
Communication et
numérique"
Fiche-action 14 - Formation au numérique.pdf,.pdf,Fiche-action_14_-_Formation_au_numerique.txt,1706,272,,"--- PAGE 1 ---
FICHE-ACTION N°14
Formation au numérique ciblée sur les besoins des séniors
Objectifs
• Lutter contre la fracture numérique (sans pour autant abandonner le papier)
• Former les seniors à un usage des outils qui les concernent
• Prévenir aussi la « fracture économique »
Indicateurs de réussite
• Nombre d’ateliers mis en place
• Nombre de personnes formées et éventuellement équipées (voir Fiche 16)
• …
Quoi ?
Proposer des formations spécifiques aux besoins des seniors sur certains outils numériques
qui les concernent. Sans pour autant supprimer les informations papier qui doivent rester ,
voire être amélioré es, car le papier permet un contact physique. Les ateliers doivent aussi
prendre en compte les déficiences de certaines personnes avec l’avancée en âge (par exemple
visuelles).
Il semble qu’il existe de l’offre, tels les ateliers proposés par Bliiida, mais qui ne sont pas assez
connus, qui sont payants, assez éloignés… Il faudrait faire au préalable une évaluation de l’offre
existante et aussi cibler les personnes avec des difficultés d’utilisation (qui n’ont pas travaillé
dans un secteur nécessitant l’utilisation du numérique) et des difficultés financières liées à la
retraite.
Pour qui ?
Pour tous les seniors qui ont des difficultés d’usage du numérique
Où et quand ?
Mairies de quartier, Clubs du 3
e âge, Associations
Tout au long de l’année
D
E
S
C
R
I
P
T
O
N
Humaines :
Associations, Bénévoles, coordination
Matérielles :
Équipements informatiques
Information et communication :
Relayer l’information sur tous les canaux (y compris les médias locaux – journaux et télévision)
Financières :
Partenariats avec toutes les structures publiques ou privées
U
Numérique"
Fiche-action 15 - écrivains numériques.pdf,.pdf,Fiche-action_15_-_ecrivains_numeriques.txt,1787,273,,"--- PAGE 1 ---
FICHE-ACTION N°15
Accompagner à travers des « Écrivains publics numériques »
Objectifs
• Accompagner et réhumaniser le contact au numérique
• Lutter contre la fracture numérique et l’isolement social
• …
Indicateurs de réussite
• Nombre d’écrivains publics numériques formés et déployés
• Nombre de personnes accompagnées
Quoi ?
Élargir l’offre d’« écrivains publics numériques » – personnes qui ont passé une formation
spécifique, voire créer des écrivains publics numériques spécialisés pour les seniors et les faire
connaître auprès du public. (À Metz il existe des Conseillers numériques mais peu
d’informations sur leur rôle). Il serait intéressant de former des seniors à ce rôle -là pour
faciliter la transmission des savoirs (bénévoles ou rémunérés).
Développer un service à la personne numérique , une forme d’aidants numériques qui auront
aussi la possibilité d’intervenir à domicile pour les personnes qui ont des difficultés de
déplacement
Pour qui ?
Personnes qui ne savent pas utiliser ou qui ont des difficultés avec les services numériques ou
n’en sont pas/plus en capacité
Où et quand ?
Mairies de quartier, Centres sociaux, Médiathèques, Domicile
Tout au long de l’année
D
E
S
C
R
I
P
T
O
N
Humaines :
Peut être assurée par des professionnels salariés, des retraités bénévoles ou rémunérés pour
cette fonction, quelques heures par semaine. Comme salariés ou service civique senior
Matérielles :
Matériel informatique
Information et communication :
Campagne d’information pour faire connaître ces professionnels : Agenda Seniors, flyers,
commerces, institutions, médias locaux – journal, radios, télévision (Moselle TV)
Financières :
Pourraient être financés par les différents services dont ils facilitent la prise en charge (impôts,
CARSAT…)
U
Numérique"
Fiche-action 16 - Matériel informatique.pdf,.pdf,Fiche-action_16_-_Materiel_informatique.txt,1549,240,,"--- PAGE 1 ---
FICHE-ACTION N°16
Équiper les personnes âgées de matériel numérique adapté
Objectifs
• Lutter contre la fracture numérique et l’isolement
• Faciliter les démarches dématérialisées
•
Indicateurs de réussite
• Nombre de tablettes distribuées
• Nombre de personnes en fracture numérique et isolés touchées
• …
Quoi ?
Équiper les seniors avec du matériel informatique adapté (tablettes adaptées aux besoins des
seniors) pour lutter contre la fracture numérique. Ces tablettes pourront être distribuées
gratuitement ou avec une participation (sous condition de ressources) , elles pourront
remplacer les colis de Noël pour les personnes qui le souhaitent (mais aussi pour les personnes
de moins de 75 ans). Cet équipement devra être adapté aux usages des seniors et à certaines
déficiences. En plus de l’équipement il faudrait travailler pour assurer un accès à internet pour
les personnes qui n’en ont pas les moyens : accès wifi facilité, abonnement internet (ou 4G)
abordable (comme les offres à 2€, par exemple).
Une possibilité sont les Tablettes Ardoiz proposées par la Poste (https://www.ardoiz.com/ )
Pour qui ?
Personnes âgées sans équipement informatique
Où et quand ?
Metz
D
E
S
C
R
I
P
T
O
N
Humaines :
Organisation de l’action
Matérielles :
Tablettes adaptées et tarifs spéciaux d’abonnement d’accès à internet
Information et communication :
Campagne de publicité
Financières :
Organismes publics : CARSAT, ARS, CD57, Région Grand Est, CAF, etc. Organismes privés :
Fondations, Mutuelles, Associations, Entreprises
U
Numérique"
Fiche-action 17 - Projet intergénérationnel.pdf,.pdf,Fiche-action_17_-_Projet_intergenerationnel.txt,1396,212,,"--- PAGE 1 ---
FICHE-ACTION N°17
Projet intergénérationnel
Objectifs
• Favoriser le lien social
• Lutter contre l’isolement
Indicateurs de réussite
• Nombre de participants
• Nombre de personnes isolées ciblées
Quoi ?
La pandémie du COVID 19 a été évoquée ainsi que ses conséquences sur les liens sociaux des
personnes. À la suite de l’épidémie une peur s’est accrue, celle de la transmission de maladie.
Cette situation a pu produire des situations d’isolement, renforcées par les limitations
imposées par le Pass Sanitaire. Pour lutter contre l’isolement il pourrait exister un projet
intergénérationnel ou des étudiant s (des métiers de soins) logeraient dans un établissement
contre des temps d’animation et d’activités. (Exemples : Lutter contre l’isolement à Maxéville
et Résidence autonomie de Saint Priest).
Pour qui ?
Personnes retraitées (établissement et en dehors)
Où et quand ?
Metz de manière hebdomadaire en présentiel ou distanciel
D
E
S
C
R
I
P
T
O
N
Humaines :
• Coordination par le service de l’action culturelle
• Mobilisation des associations et services publics
Matérielles :
Disponibilité de projets d’établissements ouverts à l’expérimentation
Information et communication :
Relayer des informations sur l'action par divers moyens (Publication dans les lieux publics et
sur internet)
Financières :
Financement des professionnels (Métropole, CARSAT, CNSA, etc.)
U
Isolement"
Fiche-action 18 - Guide annuaire des praticiens.pdf,.pdf,Fiche-action_18_-_Guide_annuaire_des_praticiens.txt,1484,236,,"--- PAGE 1 ---
FICHE-ACTION N°18
Guide-annuaire des praticiens
Objectifs
• Rendre les consultations médicales plus compréhensibles
• Éviter les frais non-remboursés
• Faire connaître la liste des praticiens spécialistes
Indicateurs de réussite
• La réalisation du guide-annuaire et sa pérennisation
Quoi ?
On constate de plus en plus de pratiques de dépassement d’honoraires par les médecins
spécialistes, ce qui pèse lourdement sur le budget des personnes âgées (surtout des plus
modestes). Cela va créer des situations où les praticiens privés deviennent inaccessibles car
trop chers, et où les délais d’attente pour les prises de rendez-vous sont trop longs.
Pour répondre à ces problèmes , est proposée la création d’un guide-annuaire des praticiens
de santé locaux metta nt l’accent sur la transparence des honoraires et des types de
consultation. La première partie prendra la forme d’un guide référençant les différents termes
encadrant le conventionnement et les pratiques professionnelles dans un langage clair.
Pour qui ?
Personnes âgées sur Metz et métropole
Où et quand ?
Metz
D
E
S
C
R
I
P
T
O
N
Humaines :
• Une personne à la coordination et la mise à jour annuelle (entre la mairie et la CPAM de
Moselle) du guide-annuaire
Matérielles :
Impression et maintien d’une plate-forme en ligne.
Information et communication :
Distribution dans les annexes mairie et les locaux de la Sécurité sociale
Financières :
ARS, CPAM, Mutuelles, associations de patients
U
BIEN VIEILLIR"
Fiche-action 19 - Groupe d’intervention et animation EHPAD.pdf,.pdf,Fiche-action_19_-_Groupe_dintervention_et_animation_EHPAD.txt,1346,214,,"--- PAGE 1 ---
FICHE-ACTION N°19
Groupe d’intervention et animation EHPAD
Objectifs
• Lutter contre l’isolement en établissement
• Ouvrir les résidences au monde extérieur
• Créer des liens de reconnaissance mutuelle entre personnes âgées
Indicateurs de réussite
• Nombre de personnes âgées qui interviennent en établissement
• Ruptures avec les situations d’isolement
Quoi ?
Durant les discussions, il est apparu qu’une problématique des établissements d’accueil des
personnes âgées était leur rupture d’avec la cité. Aussi, il est proposé dans une logique de
solidarité générationnelle et dans un but de lutte contre l’isolement et de créer un groupe
(forme à définir) de personnes âgées dont le rôle serait de passer du temps aux côtés de
résidents des EHPAD afin de créer des temps de convivialité. Ce groupe serait aussi en lien
étroits avec les professionnels et les familles des résidents.
Pour qui ?
Personnes âgées en résidence
Où et quand ?
Metz
D
E
S
C
R
I
P
T
O
N
Humaines :
• Un coordinateur
Matérielles :
Matériel nécessaire à la communication
Information et communication :
Publiciser l’existence de ce groupe et encourager de ce fait l’intégration par des personnes
âgées extérieures aux établissements.
Financières :
Financement du matériel de communication, et des déplacements. (Ma irie ?) Subventions
publiques
U
BIEN VIEILLIR"
Fiche-action 2 - Merci.pdf,.pdf,Fiche-action_2_-_Merci.txt,1981,303,,"--- PAGE 1 ---
FICHE-ACTION N°2
Merci : les métiers de la gérontologie avec nous et pour nous
Objectifs
• Susciter l’intérêt des jeunes dans leur choix d’orientation
• Provoquer la motivation dans ce travail
• Renforcer le nombre de professionnels
Indicateurs de réussite
• Évolution de la perception positive des métiers
• Nombre de vues
• …
Quoi ?
Face aux difficultés pour trouver des professionnels, nous proposons d’organiser une meilleure
communication autour des métiers du soin gérontologique. Cela pourra prendre forme d’une série de
vidéo-témoignages de professionnels et de personnes âgées.
Même si l’attractivité passe, bien entendu, aussi par une revalorisation salariale, l’image des métiers
de la gérontologie peut être améliorée.
Les personnes âgées et leurs proches peuvent aussi jouer leur rôle en proposant d’intégrer leurs
expériences et leurs paroles en témoignant du travail remarquable et précieux des personnes qui
s’engagent dans ces métiers.
Des seniors, mais aussi des proches peuvent s’associer à d’autres témoignages de professionnels
expérimentés ou plus jeunes et livrant leurs témoignages sur « la noblesse du métier » et son rôle
essentiel dans l’humanisation de la prise en compte des personnes âgées.
Pour qui ?
Les personnes âgées comme témoins et le tout public comme destinataires
Où et quand ?
Internet ou affiches.
D
E
S
C
R
I
P
T
O
N
Humaines :
Équipe technique de production réalisation et montage des vidéo-témoignages, mise en ligne
Matérielles :
Caméra, table de montage.
Information et communication :
Réseaux gérontologiques, réseaux de pairs, réseaux sociaux des jeunes
Financières :
Malgré un potentiellement élevé du fait de la production de vidéos il serait possible de financer
l’opération par l’ARS, la CARSAT, les structures publiques ou privées de soins gérontologiques,
mais également les institutions de formation de ces professionnels (Campus des Métiers,
Écoles d’infirmières, Lycées professionnels… )
U
Soins hospitaliers"
Fiche-action 2 Droits Culturels des seniors.pdf,.pdf,Fiche-action_2_Droits_Culturels_des_seniors.txt,3859,606,,"--- PAGE 1 ---
FICHE-ACTION
« Accès et participation à la vie culturelle »
Objectifs
- Garantir l’accès à la vie culturelle du territoire pour des seniors empêchés : les maintenir en lien avec la
société à travers l’actualité culturelle du territoire.
- Favoriser un « Vieillissement actif » par la participation culturelle régulière.
- Maintenir des liens sociaux par des sorties culturelles en groupe , encadrées par un animateur dédié,
facilitateur de l’expression individuelle et collective.
Indicateurs de réussite
- Nombre et types de participants seniors touchés, de navettes proposées, de lieux culturels fréquentés, de
spectacles partagés et de temps de convivialité après spectacle organisés.
Quoi ?
Alors que l’art 5 de la Déclaration de Fribourg relative au Droit culturels stipule que « toute personne à le droit
d’accéder et de participer librement à la vie culturelle à travers les activités de son choix », force est de constater
qu’avec l’avancée en âge, des personnes âgées rencontrent de nombreux freins pour accéder et participer à la
vie culturelle de leur territoire (mobilité, financiers, sentiment d’insécurité, accès à l’information…)
Les participants du collectif de Design Citoyen proposent de réfléchir en concertation avec les collectivités et les
acteurs culturels du territoire, afin de lever ces freins pour un accès à la culture pour les ainés sochaliens :
1. Par des navettes spécifiques :
- Par exemple, Le Théâtre de Montbéliard propose déjà une opération « Bus au Théâtre » en partance de la
MJC-CS de Sochaux (20 places/spectacle), d’autres acteurs pourraient imiter cette démarche afin de donner
l’accès aux équipements culturels du territoire à davantage sochaliens âgés.
- La ville de Sochaux ne possède qu’un minibus qu’elle met à disposition de toutes les associations
sochaliennes. S’il faut prévoir une réservation 15 jours à l’avance, 8 places ne semblent pas suffisantes. Voir
pour équiper la MJC-CS qui n’a aucun moyen de transport afin d’offrir plus de places.
2. Par une communication spécifique :
- Par l’élaboration, d’un Agenda trimestrielle des sorties culturelles offrant des navettes, ou des transports
adaptés depuis le domicile, pouvant être insérer dans le magazine Sochaux plus, site internet Ville/MJC-CS…
- Par un salarié CCAS ou de la MJC -CS qui pourrait déployer ce service (entre autres) auprès des 25% d’aînés
sochaliens (recrutement nécessaire).
Pour qui ?
Les Séniors sochaliens
Où et quand ?
Programmation de sorties culturelles mensuelle (1 sortie par semaine si possible) avec offre de transport du
domicile au lieux culturels + un temps de convivialité au retour pour partager sur leurs impressions.
D
E
S
C
R
I
P
T
O
N
Humaines :
- Embauche d’un animateur intergénérationnel (CCAS ou MJC -CS) pour accompagnement de ces sorties
culturelles (entre autres)
Matérielles :
- Partenariats avec les lieux culturelles pour mise en place de navettes/places tarif réduits
- Mise à disposition du minibus de la Ville
- Achat d’un minibus MJC-CS de Sochaux pour mise à disposition « priorité séniors ».
Information et communication :
- Création d’un agenda offre sorties culturelles + navettes + temps de convivialité
- Insérer l’agenda dans la gazette municipale + espaces numériques existants (entrée musée Peugeot)
- Disponible en version numérique sur site de la Mairie et de la MJC-CS de Sochaux
- Disponible en version papier à l’accueil de la mairie, du CCAS, MJC-CS de Sochaux, commerces de proximité..
Financières :
- Besoin d’une enveloppe financière pour soulager le coût des places de spectacles + navettes + temps de
convivialité et pour l’achat d’un minibus (cofinancement CAF ?) ;Co-financement poste animateur
intergénérationnel.
- Partenaires financiers potentiels : Conférence des financeurs du Doubs ou GIE -IMPA, CCAS, Malakoff
Humanis, RFVADA…
U
Droits Culturels
ien vieillir"
Fiche-action 3 Gude Pratique pour seniors sochaliens.pdf,.pdf,Fiche-action_3_Gude_Pratique_pour_seniors_sochaliens.txt,3149,507,,"--- PAGE 1 ---
FICHE-ACTION
« Guide pratique pour seniors sochaliens »
Objectifs
- Permettre aux seniors sochaliens de bénéficier d’informations pratique concernant la santé, le transport, les
activités et loisirs, les services d’aides…
- Centraliser toutes les informations utiles pouvant les concerner
- En faciliter l’accès en l’adaptant à ce public (prendre en compte les effets du vieillissement)
- Créer une version papier et numérique pour diversifier son circuit de distribution (lieux et plateformes stratégiques)
Indicateurs de réussite
- Nombre de guides distribués
- Création d’un temps d’échange annuel pour évaluer et mettre à jour le fond et la forme du guide selon les
recommandations des utilisateurs et l’actualité des services
Quoi ?
Lors de notre 1 er atelier de Design Citoyen , nous avons réalisé collectivement un état des lieux des espaces de
participation sociale favorable à la rencontre et générateur de liens sociaux. Plusieurs membres du groupe, nouveaux
arrivant notamment, ont découvert des services et des lieux qu’ils ne connaissaient pas, sur Sochaux et sur PMA.
Pour faciliter le quotidien des seniors sochaliens, le collectif propose de mettre en place un guide pratique à leur
destination. Celui-ci centraliserait les informations relatives à la santé, aux moyens de transport, aux activités de loisirs,
aux services d’aides.
L’idée est de faciliter la connaissance et l’accès des services et espaces collectifs aux ainés sochaliens.
Pour qui ?
Les aînés de Sochaliens
Où et quand ?
- Temps pour la mise en place un groupe de travail pour construire le guide (étude de terrain pour répertorier les
différents services, synthèses des résultats…)
- Temps pour tester la maquette auprès du groupe de participants des ateliers de Design Citoyens
- Edition du guide validé avec mise à jour annuelle si besoin.
- Communication de l’existence du guide par le service communication de la ville de Sochaux
D
E
S
C
R
I
P
T
O
N
Humaines :
1. Pour la création
- Collectif participant aux ateliers de Design Citoyen + 2 étudiants de l’IUT Carrières Sociales + animateur
intergénérationnel (à recruter pour l’ensemble des actions séniors)
- Entreprise de communication PHILOR pour service infographie et édition du guide. La ville de Sochaux compte près
de 1000 personnes (25%) de plus de 60 ans. Il faudrait éditer pas loin de 1500 guides.
2. Pour la diffusion
- La ville de Sochaux et son CCAS pour lieux de dépôts du guide papier et distribution
- Les associations sochaliennes (MJC-CS de Sochaux, OMS, Club 3ème Age…)
- Service communication de la ville de Sochaux pour insertion dans son site internet et sa gazette municipale.
Matérielles :
Pour les réunions du groupe de travail : la MJC-CS de Sochaux mettrait à disposition un espace de travail, son espace
numérique et du petit matériel de bureau.
Information et communication :
- Service communication de la ville de Sochaux pour insertion dans son site internet
Financières :
Un soutien financier sera demandé aux différents partenaires : CCAS de Sochaux, Conférence des Financeurs du Doubs
ou le GIE-IMPA, RFVADA, caisses de retraites..
U
Information communication"
Fiche-action 3 new.pdf,.pdf,Fiche-action_3_new.txt,1961,307,,"--- PAGE 1 ---
FICHE-ACTION N°3
Dossiers d’action
Objectifs
• Permettre des réactions plus appropriées à un contexte d’épidémie
• Éviter les périodes de confusion
• Éviter les décisions à la discrétion les responsables d’établissements
• Créer une information accessible et vulgarisée digne de confiance
• Toucher la majorité des personnes, isolées ou non
• Modifier les pratiques et représentations quant aux soins
Indicateurs de réussite
• Nombre de dossiers d’action créés
• Nombre de professionnels touchés
Quoi ?
La mise en place des dossiers d’action décrivant de façon précise la procédure à suivre en cas
de phénomènes pandémiques (mais pas uniquement). L’idée est ici d’assurer que chaque
personne soit à même de suivre une procédure claire, et laissant ainsi moins de place aux
réactions arbitraires.
Les dossiers pourraient s’accompagner d’une liste de bonnes pratiques, des conseils de
responsabilisation ainsi qu’un travail de vulgarisation sur ce qu’est un vaccin. Afin d’intégrer
une logique pragmatique et de toucher un maximum de personnes, il serait envisagé de le
publier dans plusieurs langues. Elle serait produite par les services de l’ARS.
Ex :Le modèle possible à suivre est celui des fiches SNCF.
Pour qui ?
Responsables administratifs et politiques, mais aussi des directeurs d’établissements et
l’ensemble de la population.
Où et quand ?
Un processus qui pourrait se faire en plusieurs phases : réflexion, construction, édition des
dossiers et campagnes d’information.
Suivi du matériel par les mairies et hôpitaux. Ainsi que par des réseaux de solidarité organisés
en amont.
D
E
S
C
R
I
P
T
O
N
Humaines :
Intervention de spécialistes (de santé, de l’administration, de gestion de risques…)
Matérielles :
Des locaux pour les réunions, mise en page et impression
Information et communication :
Travail de publicisation du dispositif via la communication de l’ARS
Financières :
ARS, CARSAT, Services de la ville, CD57…
U
Soins médicaux"
Fiche-action 4 Ainés Sochaliens Connectés.pdf,.pdf,Fiche-action_4_Aines_Sochaliens_Connectes.txt,3207,500,,"--- PAGE 1 ---
FICHE-ACTION
« Aînés sochaliens connectés »
Objectifs
- Accompagnement des seniors dans l’utilisation du numérique pour les rendre plus autonome
- Accompagnement à domicile pour les publics isolés
- Sensibiliser à l’usage des outils de communication, réseaux sociaux et sécurité sur internet
- Mettre en location des tablettes numériques afin d’équiper les seniors dans le besoin
Indicateurs de réussite
- Assiduité et nombre de participants aux ateliers numérique à la MJC-CS de Sochaux
- Nombre de personne accompagnée à domicile
- Nombre de tablettes achetées et misent en location auprès des seniors
Quoi ?
Lors des ateliers de Design Citoyen, les participants ont partagé leur s pratiques des outils numériques : ordinateurs,
téléphones, tablettes connectées… Il s’est avéré que certains sont plus à l’aise que d’autres avec l’utilisation de ces
outils numériques.
Des cours pour les seniors sochaliens sont actuellement dispensés par la ville. Seulement, des seniors déplorent
l’obsolescence du matériel de la ville (en cours de réactualisation) et le peu de disponibilité de l’intervenant municipal.
Au-delà de leurs besoins personnels, nous savons tous que la transformation numérique de la société est un enjeu
majeur pour nos ainés, l’inclusion numérique, un enjeu vital :
- Faire face au quotidien de plus en plus rythmé par des procédures numériques
- Offrir la possibilité aux aînés de faire des commandes et livraison alimentaire à domicile
- Rester connectés avec sa famille via les réseaux sociaux
- Avoir accès aux informations/actualités de sa ville et du tissu associatif via l’accès à leur site internet
- Recherche de professionnels de santé et prise de rendez-vous sur doctolib…
C’est naturellement que le collectif de seniors des ateliers a soumis l’idée d’ateliers numériques collectifs et
individualisés complémentaires à ceux de la ville, à travers le projet « Aînés sochaliens connectés ».
Pour qui ?
Les aînés sochaliens
Où et quand ?
- Ateliers collectifs hebdomadaire à la MJC-CS de Sochaux,
- Accompagnement individuel au domicile à la demande par l ’animateur intergé nérationnel (en recrutement) et
bénévoles.
D
E
S
C
R
I
P
T
O
N
Humaines :
- Prestataire extérieur pour les ateliers collectifs (UNICITE Montbéliard)
- Bénévoles CCAS et animateur MJC-CS de Sochaux pour l’accompagnement individuel à domicile
- Animateur multimédia de la ville de Sochaux à mobiliser
Matérielles :
- Achat d’une dizaine de tablettes numériques
- Salle informatique de la MJC-CS de Sochaux ou espace multimédia de la ville (une fois équipement renouvelé)
Information et communication :
- Soutien de la ville de Sochaux et de son CCAS pour plébisciter les ateliers après des sochaliens
- Soutien de Malakoff Humanis pour info auprès de leurs sociétaires sochaliens
- Newsletter le la MJC -CS de Sochaux + distribution de Flyers et Affiches dans les lieux stratégiques de la ville (salle
d’attentes, commerces de proximité…)
Financières :
Conférence des financeurs du Doubs ou GIE-IMPA et caisses de retraites pour financement des ateliers et des tablettes
numériques ; Co-financement pour poste d’animateur intergénérationnel
U
Information communication
Lien social et solidarité"
fiche-action 4 new.pdf,.pdf,fiche-action_4_new.txt,3013,462,,"--- PAGE 1 ---
FICHE-ACTION N°4
Tiers Lieu pour le maintien des liens sociaux
Objectifs
• Favoriser le lien social et lutter contre l’isolement ;
• Produire des activités encourageant le lien et les solidarités intergénérationnelles
• Stimuler la participation des retraités aux activités existantes ;
• Harmoniser l’offre proposée entre les différents acteurs du territoire de la Métropole ;
• Pointer les éventuels manque en termes d’offre d’activités ou de services.
• Organiser des activités adaptées pour les personnes avec une perte d’autonomie.
Quoi ?
Il serait intéressant de mettre en place des Tiers lieu, pour permettre de maintenir des liens
sociaux et pour pouvoir faire de nouvelles rencontres à Metz. Des points d’échanges de partages,
dans l’optique de lutter contre l’isolement. Dans le centre-ville mettre à disposition un lieu de
dialogue, de rendez -vous, la possibilité d’organiser des réunions. Et pourquoi pas réaliser des
activités, des fêtes. Un lieu placé à un endroit stratégique, accessible à tous. Ce projet vise donc
à maintenir des activités et à la mobilisation de locaux, complexes sportifs, café, lieux existants
fermés, peu occupés (exemple gymnase d’enfant) pour pouvoir faire des activités.
Les personnes âgées peuvent se retrouver isolées, en particulier si elles vivent seules ou loin de
leur famille. Les tiers -lieux offrent un environnement social où les aînés peuvent se réunir,
socialiser et partager des expériences, ce qui contribue à réduire leur isolement social.
Exemples au Sablon avec le quai : centre socio culturel, l’idée est d’organiser des ateliers
jardinages, des soirées café -théâtre. La création d’auberges espagnols pourrait aussi être
envisagée.
Pour qui ?
Les personnes retraitées (en établissement et hors établissement). Et pourquoi pas mêler des
Personnes de tout âge pour créer des liens intergénérationnels et donc une solidarité
Où et quand ?
Dans le centre-ville de Metz et voir pour créer un tier lieu dans les quartiers. Des activités à Metz dans
des complexes sportifs, bâtiments, des cafés, dans des écoles durant le week-end, les vacances,
MJC…
D
E
S
C
R
I
P
T
O
N
Bien vieillir
Indicateurs de réussite
• Le nombre de participants aux activités (avec une ventilation par âge)
• Le Nombre et diversité des activités proposées
• Le Nombre de bénévoles impliqués dans le projet
Humaines :
• Mobilisation des associations locales.
Matérielles :
Des locaux. Matériel nécessaire aux activités.
Information et communication :
Par différents supports, support numérique (pourquoi pas une application) et format papier, à
la mairie, lieux du quotidien, les boulangeries. Réaliser une communication circulaire ou
l’information et facilement accessible à tous. Diffuser des moyens d’informations comme avec
l’application de l’agenda de la ville de Metz, Agenda sénior.
Financières :
… Faire un montage financier avec d’autres partenaires (Métropole, CARSAT, Département…)
Salle, point de restauration (boisson, alimentation), si besoin équipements
U"
Fiche-action 5 - Club du Rire.pdf,.pdf,Fiche-action_5_-_Club_du_Rire.txt,2397,383,,"--- PAGE 1 ---
FICHE-ACTION N°5
Club du rire pour lutter contre la discrimination
Objectifs
• Valoriser la mémoire des seniors par la création et la présentation d’un spectacle, afin
transmettre cette mémoire à toutes les générations.
• Collecter des témoignages des seniors
• Favoriser l'accès à des actions et offres culturelles.
ll l é l f
Indicateurs de réussite
• Le Nombre d’ateliers proposé et les représentation(s)
• Le Nombre de participants dans les ateliers
• Le Nombre de spectateurs
Quoi ?
Il a été évoqué lors de la session la discrimination par rapport à l’âge, l’âgisme, apparaît déjà
avant la retraite en fin de carrière professionnelle. Des personnes ne veulent pas faire parties
du CCAS.
Des représentations stigmatisantes, une impression d’être « une gêne » pour la société
notamment lors de la pandémie, ou la catégorie des 65 ans à selon eux était montrée du doigt.
Ils ont rencontré des difficultés à accepter le vieillissement, notamment lors des changements
de décennie c’est pourquoi il a été proposé d’employer l’humour pour dédramatiser la
situation pour éviter de faire du vieillissement une problématique. Par exemple avec des
ateliers du rire en racontant des anecdotes et en les mettant en p lace dans des sketch pour
tourner le vieillissement en dérision. Cela pourra prendre la forme aussi d’un spectacle
travaillé et préparé conjointement avec une compagnie de théâtre locale. Il s’agit d’évoquer
des situations du quotidien, l’âgisme, mais aussi les défauts /l’attitude du sénior, le regard de
l’ancien sur son vécu et sur la jeunesse.
Pour qui ?
Les personnes retraitées (en établissement et hors établissement).
Où et quand ?
À Metz de manière hebdomadaire
D
E
S
C
R
I
P
T
O
N
Humaines :
• Coordination par le service de l’action culturelle
• Mobilisation des associations et services publics locaux.
• Compagnie(s) de théâtre local pour l’organisation des ateliers, écriture, thématiques.
• Candidats, humoristes, guides pour des activités
Matérielles :
Des scénarios, témoignages ainsi que des locaux
Information et communication :
Relayer des informations sur l'action par divers moyens (Publication dans les lieux publics
et sur internet)
Financières :
À préciser. (financement des compagnie de théâtre ou humoriste à prendre en compte et
coût de la salle )
… Faire un montage financier avec d’autres partenaires (Métropole, CARSAT, Département…)
U
Agisme"
Fiche-action 6 - Alimentation.pdf,.pdf,Fiche-action_6_-_Alimentation.txt,1654,254,,"--- PAGE 1 ---
FICHE-ACTION N°6
Lutter contre l’isolement et la malnutrition à travers une restauration
intergénérationnelle
Objectifs
• Favoriser le lien social et lutter contre l’isolement ;
• Produire des activités encourageant le lien et les solidarités intergénérationnelles
• Lutter contre la précarité et la malnutrition en rendant accessible des repas équilibrés à
faible coût.
Indicateurs de réussite
• Le nombre de personnes qui viennent manger
• La baisse de la malnutrition
…
Quoi ?
Différents thèmes ont été évoqués comme la précarité, la malnutrition, la perte de liens
sociaux et l’isolement. C’est pourquoi il a été proposé de permettre aux personnes âgées de
se restaurer dans des écoles avec les élèves en maternel le, au primaire, au lycée et à
l’université. Cela permettra la création de liens intergénérationnels ainsi que de bénéficier de
repas équilibrés accessibles aux personnes à bas revenus.
Pour qui ?
Les personnes retraitées (en établissement et hors établissement).
Où et quand ?
Dans toute la ville, dans toutes les établissements scolaires et universitaires.
D
E
S
C
R
I
P
T
O
N
Humaines :
• Mobilisation des associations locales. Personnel en cuisine
Matérielles :
Prévoir une augmentation du matériel déjà existant
Information et communication :
Par différents supports, support numérique (pourquoi pas une application) et format
papier, à la mairie, lieux du quotidien, les boulangeries. Réaliser une communication
circulaire ou l’information et facilement accessible à tous.
Financières :
Un appui par les collectivités locales, le département, la région.
Possibilité de demander une petite cotisation
U
Bien vieillir"
Fiche-action 7 -  Plateforme information senior.pdf,.pdf,Fiche-action_7_-__Plateforme_information_senior.txt,2005,302,,"--- PAGE 1 ---
FICHE-ACTION N°7
Plateforme d’information senior
Objectifs
• Disposer d’un guichet unique pour l’information
• Accéder à l’information pour stimuler la participation sociale et l’accès aux droits
• Donner aux conseillers seniors la possibilité d’agir concrètement pour l’orienter et la
formation des personnes âgées.
Indicateurs de réussite
• Nombre de visites de la plateforme et des permanences.
• Questionnaire de satisfaction à destination des utilisateurs, usages et centres d’intérêt
• Nombre d’heures de formation des « conseillers »
• Autre
Quoi ?
Plateforme (physique et/ou numérique) concentrant les informations pour les personnes
âgées (loisirs, transports, droits).
Il s’agirait d’une sorte de Guichet unique pour partager les informations.
Pour qui ?
À destination des personnes âgées et de leur famille
Où et quand ?
À la mairie de Metz, et dans les mairies de quartiers pour être au plus proche des populations.
Dans le cadre des permanences des conseils des seniors. Ces personnes déléguées pourront
profiter de la plateforme numérique où seront c entralisées les inform ations mises à jour
régulièrement.
D
E
S
C
R
I
P
T
O
N
Humaines :
Travailleurs sociaux
Fonctionnaires territoriaux
Bénévoles
Universités et Écoles d’ingénieurs : Prévoir la conception d’un site (coopération avec une école
d’ingénieurs dans le cadre d’action bénévoles des élèves ?)
Matérielles :
Plateforme numérique : Concevoir et tester l’interface avec les personnes âgées en intégrant
les besoins, mais aussi les usages dès les premières maquettes d’interface. Tester l’ergonomie.
Information et communication :
Prévoir une politique de communication adéquate en impliquant les personnes âgées elles -
mêmes dans les quartiers (tractage, mobilisation des réseau x personnels, média et réseaux
sociaux, lien s avec les organismes et acteurs intervenant auprès d es publics âgés (CCAS,
Caisses de retraite, CPAM….)
Financières :
À évaluer en fonction des ressources bénévoles disponibles.
U
Autonomie"
Fiche-action 8 - Médiateurs en établissement.pdf,.pdf,Fiche-action_8_-_Mediateurs_en_etablissement.txt,2469,382,,"--- PAGE 1 ---
FICHE-ACTION N°8
Médiateurs bénévoles en établissement puis à domicile et commission de suivi
Objectifs
• Favoriser la détection et la résolution des problèmes relatifs aux droits des personnes
âgées et leur qualité de vie en établissement
• Mobiliser les actions bénévoles de proximité
• Associer les élus au travail de veille mené sur les droits ordinaires des personnes âgées en
établissement
Indicateurs de réussite
• Nombre de cas traités et type de problèmes
• Nombre de cas résolus
• Nombre de médiateurs bénévoles et d’établissements impliqués
Quoi ?
Pendant la pandémie, la fermeture des établissements a limité la capacité des familles et des bénévoles
à avoir un regard sur la qualité de vie quotidienne des résidents et à agir en leur faveur, entravant ainsi
leur capacité à proposer des améliorations dans le fonctionnement des structures et les réponses aux
besoins des personnes âgées. La possibilité d'ouvrir les établissements aux contributions des familles,
des proches et des associations a posé problème. L’objectif est de mettre en place un programme de
« médiateurs bénévoles » formés et d’inviter les élus à prendre connaissance des doléances de usagers.
L'implication des élus locaux (Mairie, CD 57,…) et des autres acteurs du champ gérontologique (ARS,
Organismes sociaux, …) finançant les établissements a été proposée. Leur participation à des réunions
régulières avec les médiateurs, mais aussi les résidents, leurs familles et leurs représentants légaux
(tuteurs, curateurs, …) pour établir un dialogue régulier et constructif avec les directions des
établissements publics et privés est souhaité. En outre, l'exploration d'expériences étrangères de
médiateurs bénévoles en EHPAD ou de référents présents sur place a été proposée comme moyen de
repérer les difficultés spécifiques des résidents et de les aider à résoudre certains problèmes d'accès
aux droits.
Pour qui ?
Personnes âgées en établissement
A terme, le projet pourrait intégrer les personnes âgées à domicile.
Où et quand ?
Dans les établissements à Metz
D
E
S
C
R
I
P
T
O
N
Humaines :
Bénévoles, élus, et professionnels du secteur gérontologique
Matérielles :
Accueil des bénévoles dans les structures et éventuellement mise à disposition d’un bureau
ou d’une salle de réunion notamment avec les élus.
Information et communication :
L’ensemble du réseau gérontologique.
Financières :
Financement de l’accompagnement et de la formation des bénévoles
U
Autonomie"
Fiche-action 9 - Transports.pdf,.pdf,Fiche-action_9_-_Transports.txt,2210,332,,"--- PAGE 1 ---
FICHE-ACTION N°9
Transports pour les résidents des établissements d’accueil de personnes âgées
et les personnes isolées à domicile
Objectifs
• Lutter contre l’isolement
• Favoriser la participation sociale
• Favoriser la mutualisation des moyens entre EHPAD et avec les établissements spécialisés pour
Personnes Handicapées
Indicateurs de réussite
• Nombre de participants
• Enquête de satisfaction
• Effets sur la participation sociale (loisirs, courses, visites familiales ou amicales, …)
Quoi ?
Des navettes pourraient desservir les établissements pour les relier au centre-ville et à toutes les
commodités. Mobiliser les services « à la demande » de type « Accelis » en les étendant aux EHPAD et pas
seulement pour des activités médicales mais aussi des activités sociales collectives. Ce dispositif
compléterait les initiatives individuelles assurées par des associations mobilisant les véhicules personnels
des bénévoles assurés pour cela.
Il est en outre recommandé de favoriser la mutualisation entre les établissements pour éviter leur
inutilisation et permettre d’organiser des sorties de manière régulière.
Adaptation et sensibilisation des services de co-voiturage (type Bla bla car) à la facilitation de leur usage à
destination de publics âgés.
Pour qui ?
Les résidents des structures pour personnes âgées dont les EHPAD
Dans un second temps la réflexion pourrait porter sur les publics isolés à domicile et au-delà peut être toutes
les personnes âgées. Dans ce cas l’utilisation des bus scolaires ou de navettes pourrait aussi être envisagée
lorsqu’ils ne sont pas utilisés, le mercredi et en période scolaire par exemple
Où et quand ?
Metz et environs
D
E
S
C
R
I
P
T
O
N
Humaines :
Chauffeur qualifié
Centre de réservation
Accompagnateurs (dans certains cas) pouvant être bénévoles
Matérielles :
Minibus adapté
Véhicules personnels
Information et communication :
Passer par tous les réseaux classiques (CD, MDPH, CDCA, Conseils des seniors, CCAS, …) mais aussi
les associations (APF, Associations de retraités, …)
Financières :
Financements publics concertés
Co financement d’établissements pour mutualisation
Fondations et abondements privés (Fondation de France ?)
U
Autonomie"
Fiche1-habitat.pdf,.pdf,Fiche1-habitat.txt,1988,301,,"--- PAGE 1 ---
MODÈLE DE FICHE-ACTION FICHE-ACTION N°1 Création d’un habitat convivial et solidaire
Objectifs • Permettre aux personnes âgées qui le souhaitent de rester vivre dans leur commune en leur permettant de rester acteurs de leur vie et de participer à la vie de la cité • Faciliter la vie et le parcours des habitants (prévention et accompagnement au vieillissement) • Bienveillance, entraide et SOLIDARITE • … Indicateurs de réussite • Combien de personnes pourraient et souhaiteraient bénéficier du dispositif… • Volonté de la municipalité : Nombre de réunions publiques d’information et durée de mise en place du lancement d’un projet
Quoi ? Rechercher et trouver un lieu dans la commune pouvant rassembler plusieurs logements privatifs et comprenant - un espace et des services communs (cuisine, laverie, lieu de convivialité dans lequel pourrait être organisés des ateliers artistiques, activités manuelles, activités physiques, jardinage). - un extérieur Pour qui ? Personnes seules ne pouvant plus rester chez elles à la retraite et ayant peu de moyen (habitats alternatifs et inclusifs) Où et quand ? Différents lieux identifiés dans une des 2 communes historiques au centre du village à Saint Christol : Rue basse (maison Viannes) Rue de la bouvine (après la démolition des arènes) Espace Nicole Pinet Entre les 2 communes historiques à proximité de la maison médicale qui doit être construite : Viavino
DESCRIPTION
Humaines : Bailleurs sociaux Municipalité Groupe de famille, retraités, associations Matérielles : Trouver des locaux, du foncier et les fonds nécessaires au projet Information et communication : Réunion publique d’information avec les personnes concernées, les élus, les personnes (et les associations) motivées pour aider à l’accompagnement du projet / journaux locaux et internet Des entretiens individuels Financières : Aides financières pour mettre en place des habitats inclusifs : Inter-communalité, Département, Région et Etat
RESSOURCES
HABITAT"
Fiche2-habitat.pdf,.pdf,Fiche2-habitat.txt,1657,252,,"--- PAGE 1 ---
MODÈLE DE FICHE-ACTION FICHE-ACTION N°2 Accessibilité et adaptation de l’habitat
Objectifs • Etablir une liste des personnes intéressées par la démarche • Mettre en place le diagnostic des logements de ces personnes (exemple : solliciter l’intervention d’un ergothérapeute) • Accompagner la mise en œuvre en accompagnant la personne sur les dossiers de financement Indicateurs de réussite • Création du « questionnaire de diagnostic » à destination des personnes de 60 ans ou plus et nombre de réponses totales • Nombre de personnes souhaitant bénéficier du dispositif • Nombre d’interventions de l’ergothérapeute et d’accompagnement à la mise en œuvre (Action sociale/CCAS)
Quoi ? Adapter les logements aux besoins et capacités des personnes avançant en âge Pour qui ? Personnes qui souhaitent en bénéficier à partir de 60 ans (voir si on peut faire aussi cette démarche pour les personnes en situation de handicap) – Privilégier les personnes avec peu de moyens et prioriser en fonction de l’urgence des situations Où et quand ? Sur toute la commune et à mettre en place rapidement suite au diagnostic
DESCRIPTION
Humaines : Municipalité (CCAS) Famille, retraités, associations Matérielles : Etablir, distribuer et collecter les résultats du questionnaire Information et communication : Réunion publique d’information avec les personnes concernées - Journaux locaux et internet Financières : Aides financières pour mettre en place le diagnostic des logements Recherche de fonds pour la mise en œuvre (Ex : Département) Marché groupé peut être imaginer pour plusieurs communes afin de réaliser des économies substantielles
RESSOURCES
HABITAT"
Fiche3-LienSocial.pdf,.pdf,Fiche3-LienSocial.txt,1573,271,,"--- PAGE 1 ---
MODÈLE DE FICHE-ACTION FICHE-ACTION N°3 Création d’un conseil des ainés
Objectifs • Permettre aux ainés de donner leur avis et prendre la parole • Etre force de propositions sur la vie des ainées dans la commune • Participer à la vie de la cité à part entière • … Indicateurs de réussite • Nombre de volontaires et taux de participation au conseil des ainés sur l’année • Participation et prise de parole au conseil municipal • Nombre de sollicitation d’actions par le conseil des ainés et mises en place par la municipalité
Quoi ? Créer un conseil des ainés de la façon suivante : Appel à volontaires (60 ans ou plus) – Mise en place d’un conseil des ainés de 15 personnes- Election d’un membre du conseil comme « référent(e )» en charge de représenter le conseil des ainés au conseil municipal. Une ODJ sera établi pour chaque conseil incluant les questions posées et questions diverses et fera l’objet d’une présentation si nécessaire lors du conseil municipal. Pour qui ? Personnes de 60 ans ou plus Où et quand ? Une salle mise à disposition par la commune pour organiser les réunions Une réunion mensuelle du conseil des ainées Une réunion avec l’ensemble des ainées de la commune 1 fois par an pour faire un point
DESCRIPTION
Humaines : Volontaires de 60 ans et plus Matérielles : Avoir une salle Information et communication : La lettre Présentation au sein des associations Financières : Un petit budget communication par exemple en créant une lettre d’information trimestrielle sur les actions menées par le conseil des ainés
RESSOURCES
LIEN SOCIAL"
Fiche4-LienSocial.pdf,.pdf,Fiche4-LienSocial.txt,1146,186,,"--- PAGE 1 ---
MODÈLE DE FICHE-ACTION FICHE-ACTION N°4 Création d’un réseau d’entraide
Objectifs • Proposer des solutions aux seniors basées sur un réseau d’entraide à différents niveaux
Indicateurs de réussite • Nombre de participants constituant le réseau • Nombre d’actions bénévoles
Quoi ? Créer un réseau d’entraide (de type voisinage) consistant à proposer différents « services » gratuits basés sur le bénévolat et/ou sur le troc, porté par les citoyens eux-mêmes (ou peut être proposé par la mairie) Adapter la mise en place de ce réseau en fonction des réponses (1 ) à un recensement des éventuels bénéficiaires et acteurs bénévoles et (2) pour quels types d’action d’entraide Pour qui ? Toutes personnes qui adhèrent au réseau Où et quand ? Dès que le réseau est créé Sur la commune (mais à terme peut être le dispositif peut s’étendre aux communes voisines – intercommunalité)
DESCRIPTION
Humaines : Bénévolat et une aide de la commune pour la mise en place Matérielles : Mettre en place le recensement et l’organisation de la plateforme Information et communication : La lettre internet Financières : A préciser
RESSOURCES
LIEN SOCIAL"
Fiche5-Mobilité.pdf,.pdf,Fiche5-Mobilite.txt,1801,277,,"--- PAGE 1 ---
MODÈLE DE FICHE-ACTION FICHE-ACTION N°5 CREER un service de transport solidaire
Objectifs • Basé sur le principe de solidarité, proposer de partager son véhicule avec des personnes âgées sans moyens de transport alliant ainsi l’amélioration de la qualité de vie des seniors dans la commune et permettant de créer du lien social Indicateurs de réussite • Nombres de bénévoles conducteurs identifiés • Nombres de bénéficiaires • Nombre d’actions réalisées
Quoi ? Pour les personnes âgées qui ne peuvent plus conduire et se rendre soit à leurs RDV médicaux, soit simplement faire leurs courses (attention il ne s’agit pas d’un accompagnement pour faire les courses mais uniquement pour déposer les personnes sur le lieu) à l’extérieur du village. Il s’agit donc de créer un réseau de transport solidaire en réalisant un appel à la population pour déterminer •qui souhaiterait devenir « bénévoles conducteurs » et pour quel type d’actions (accompagnement à la demande RDV médicaux ou co-voiturage pour se rendre aux courses). Il est important de noter que comme il s’agit de bénévolat pas d’assurance supplémentaire à avoir) •qui souhaiterait bénéficier de ce service et pourquoi Pour qui ? Toutes personnes âgées sans moyen de transport Où et quand ? Dès que le listing des bénévoles conducteurs et des bénéficaires est établi Sur la commune d’Entre-Vignes mais qui peut être mutualisé sur les communes voisines ayant les mêmes problématiques
DESCRIPTION
Humaines : Bénévoles conducteurs, bénévoles et soutien de la commune pour l’organisation Matérielles : Mettre en place le service en questionnant la population et créant une plateforme Information et communication : Réunion d’information générale/ Communication journaux locaux, internet Financières : A déterminer
RESSOURCES
Mobilité"
Fiche6-Mobilité.pdf,.pdf,Fiche6-Mobilite.txt,1488,236,,"--- PAGE 1 ---
MODÈLE DE FICHE-ACTION FICHE-ACTION N°6 ADAPTER les services de transports aux ainés
Objectifs • Proposer des solutions de transport à cout réduit avec des objectifs bien définies (accés aux soins notamment mais aussi à la vie sociale) Indicateurs de réussite • Volonté politique de réfléchir à la question
Quoi ? Pour les personnes qui ont avec l’âge des difficultés à se véhiculer en dehors des trajets habituels et sur de courtes distances, leur donner la possibilité d’utiliser des transports en commun « adaptés » pour leur permettre de bouger : -Accès facilité aux grandes villes / pouvoir se rendre aux arrêts de tramway pour accéder au centre ville de Montpellier ou aux hôpitaux Pour les personnes âgées non véhiculées, organiser un transport pour se rendre à la maison médicale si elle est en dehors des 2 villages historiques (Acquérir un mini-bus communal ?intercommunal ?Mutualiser avec l’école ?) Pour qui ? Toutes personnes âgées sans moyen de transport Où et quand ? Sur la commune d’Entre-Vignes mais qui peut être mutualisé sur les communes voisines ayant les mêmes problématiques Réfexion à conduire au niveau des politiques de la ville, l’intercommunalité et les réseaux de transport
DESCRIPTION
Humaines : Investissement des élus locaux Matérielles : Négociation avec les réseaux de transport ? Achat d’un mini bus et organisation s’un service ? Information et communication : Réunion d’information générale Financières : A préciser
RESSOURCES
Mobilité"
Fiche7-Tiers lieu.pdf,.pdf,Fiche7-Tiers_lieu.txt,2115,339,,"--- PAGE 1 ---
MODÈLE DE FICHE-ACTION FICHE-ACTION N°7 Création d’un tiers-lieu
Objectifs • Créer et maintenir le lien social • Etre visible sur le territoire • Apporter une aide humaine et concrète aux personnes dans le besoin
Quoi ? Créer un tiers lieu regroupant différentes activités portées par les ainés pour les ainés (mais pas que ..) - Salle de convivialité (café senior, jeux de société, différents ateliers comme bricolage, tricot, couture, crochet …) Ces ateliers peuvent pour certains être proposés à la population sur inscription et/ou servir à produire des objets (et/ou dépanner certains) par les ainés vendus à bas prix ou échanger contre un autre service (économie sociale et solidaire) - Cantine senior avec si possible une cuisine aménagée afin que les repas puissent être soit livrés , soit préparés sur place par les seniors eux-mêmes en utilisant les produits locaux (circuit courts) et les recettes des ainées (possibilité aussi d’organiser des repas intergénérationnels) ou de proposer des repas aux personnes en difficulté) - Organiser une permanence / accueil par la mairie pour aider les prises de RDV médicaux informatiques (doctolib), récupérer ses résultats (prise de sang, imagerie etc ..) et informer des dispositifs particuliers si besoin - Salle qui accueille le réseau d’entraide pour faire du troc entre senior ou intergénérationnel (je te donne, tu m’aides) Pour qui ? Personnes de 60 ans ou plus Où et quand ? Sur le site qui sera défini et selon un planning établi en fonction des actions
DESCRIPTION
ACCES A LA SANTE et à la VIE SOCIALE
Indicateurs de réussite • Nombre de participants aux ateliers, à la cantine, aux cafés seniors, aux différentes actions (café troc par exemple ..) • Création d’un questionnaire d’évaluation du lieu et de son utilisation • Volonté politique de créer et financer ce lieu
Humaines : Volontaires bénévoles et personnel en soutien Matérielles : Le lieu Information et communication : La feuille, Midi Libre, Conseil des ainés Financières : Commune, Communauté des communes, Conseils départemental et régional, Ville Amies des ainés
RESSOURCES"
Fiche8-Atelierbienvieillir.pdf,.pdf,Fiche8-Atelierbienvieillir.txt,1670,254,,"--- PAGE 1 ---
MODÈLE DE FICHE-ACTION FICHE-ACTION N°8 Les ateliers « Bien vieillir »
Objectifs • Prévention, garder son autonomie et améliorer la motricité • Favoriser le lien social au travers des ateliers en présentiel mais aussi au travers de l’outil numérique Indicateurs de réussite • Evaluations du nombre de participants /an/atelier • Evaluations de la progression pour les ateliers APA/Equilibre
Quoi ? Continuer et PERENNISER les ateliers APA, Equilibre, Medimoov, avec une participation financière modérée Attribuer une salle accessible et dédiée à la pratique de l’activité physique des seniors Continuer à avoir accès à différentes sortes d’ateliers (mémoire, sensoriel, nutrition etc ..) Créer un atelier personnalisé « utiliser le numérique pour soi et avec son matériel » Créer des ateliers écriture (sur proposition de la mise en place de Jacques Sauvaire) et des ateliers créatifs (peinture, etc ..) Pour qui ? Pour les personnes de 60 ans ou plus (pour certains ateliers ouverts à l’intergénérationnel) Où et quand ? Sur la commune d’Entre-Vignes Tous les ans
DESCRIPTION
Humaines : Une personne formée APA avec un poste perenne Une personne (service civique ou autre) intervenant sur l’année pour le suivi des ateliers personnalisés numériques Un bénévole pour l’atelier type écriture Matérielles : Salle dédiée et du matériel adapté Information et communication : La feuille (essayer d’adapter le format « écrit plus gros par exepmple) Journée « Portes ouvertes » pour montrer ce qui est fait Financières : Continuer à demander des financements Envisager un recrutement notamment pour les ateliers APA/Equilibre/Medimoov
RESSOURCES
Santé/Vie sociale"
FicheAction1_Barlin_vf.pdf,.pdf,FicheAction1_Barlin_vf.txt,2554,427,,"--- PAGE 1 ---
Projet Papot’Age – Démarche de design citoyen à Barlin (62)
Les fiches-actions présentées lors de la restitution publique du 24 avril 2025
Fiche-action n° 1 : Communication et valorisation de
l’Assemblée des Ainés
Quoi ? (Les constats)
Le groupe a l’impression qu’il existe des problèmes de transmission de l’information
au sein de la Mairie. Cela se base sur plusieurs constats :
o Des professionnels nouveaux ne semblent pas toujours au courant des projets
ou des activités ;
o Des techniciens ne sont pas toujours là où ils sont attendus et il est parfois
difficile de se coordonner avec eux ;
o Des techniciens et des élus peuvent se sentir concurrencés par les ainés
engagés ;
o Le CCAS joue un rôle important pour les habitants de Barlin. Mais il apparaît
débordé, ainsi que moins accessible et moins visible qu’auparavant pour la
population. Peut-être que certains projets (comme la plateforme « Entraidons-
nous ») y sont vécus comme une charge de travail supplémentaire, ce qui freinerait
leur lancement ;
o Monsieur le Maire n’est pas forcément au courant de tout et fait confiance à
ses équipes – ce qui est normal. Cependant, les équipes ne sont pas toujours réactives
ou communicantes.
De ces constats, il résulte un sentiment de manque de considération de l’engagement
des ainés par la Mairie. Les aînés volontaires se rendent très disponibles et reçoivent
beaucoup de sollicitations. La Mairie semble tenir cet engagement pour acquis ; en
retour la considération atte ndue n’est pas toujours au rendez -vous. De plus, les
membres de l’Assemblée des aînés ne sont pas toujours reconnus dans leurs
aspirations et dans leurs limites.
Le risque est que cette situation génère de la démotivation, voire du mécontentement
pour certains.
Pour qui ? (Le public visé)
- L’Assemblée des aînés dans son ensemble
- Les membres de l’assemblée compte tenu de leurs engagements respectifs
--- PAGE 2 ---
Où et quand ?
- Régulièrement
- En Mairie, mais aussi dans les quartiers ou dans les endroits où ont lieu des
activités avec une nécessaire coordination entre Assemblée des Aînés et Mairie
Objectifs et moyens (Le but visé et l’action – ou les actions – à mettre en place)
- Se faire connaître auprès des élus et des techniciens
- Valoriser les projets réalisés (par ex. : bancs publics)
o Être associés occasionnellement au conseil municipal, en fonction des
sujets qui concernent l’Assemblée des Aînés
o Rencontrer les élus de quartier
- Faire savoir que l’Assemblée des aînés propose son aide aux autres
associations en cas de besoin"
FicheAction1_Ostricourt_VF.pdf,.pdf,FicheAction1_Ostricourt_VF.txt,3173,515,,"--- PAGE 1 ---
Projet Papot’âge – Démarche de design citoyen à Ostricourt (59) – Les fiches-actions présentées lors de la
restitution publique (version du 10 avril 2024)
Fiche-action n° 1 : Améliorer les services de transport en commun au regard
des besoins des aînés d’Ostricourt
Quoi ?
En ce qui concerne le transport à la demande :
- Le transport « Flexi Pév’ailes » est inadapté et complexe suite à la suppression
de Mobil-Aide. La correspondance entre les zones est difficile ou impossible.
- Il est difficile de se déplacer vers les centres commerciaux, les cabinets
médicaux et les centres médicaux ou hospitaliers (Mobil-Aide le faisait).
Par ailleurs :
- Il est difficile d’obtenir une carte Pass Pass sans avoir une adresse mail.
- Il est difficile d’envisager un déplacement en train : complexité de l’achat de
billet et obligation d’aller à Libercourt pour des renseignements avec contact
humain. De plus, il y a le problème du déplacement du domicile à la gare. Par
ailleurs, l’arrêt d e « FlexiPév’ailes » ne permet pas l’accès à la gare pour les
personnes à mobilité réduite (escaliers).
- Les solutions de déplacements manquent aussi lorsqu’il s’agit de se rendre à des
activités culturelles , par exemple pour aller à des spectacles de qualité
(Hivernales).
Pour qui ?
Pour les personnes n’ayant pas de moyen de transport personnel et devant se déplacer
vers les centres de santé (dans le Nord et dans le Pas de Calais, comme par exemple à :
Carvin, Hénin, Lens, Douai, Seclin, Laforest et même le CHU de Lille). Et pour tout autre
déplacement (accès aux commerces / aux activités culturelles).
Où et quand ?
En fonction des besoins.
--- PAGE 2 ---
Objectifs et moyens :
- Améliorer la possibilité d’obtenir un transport à la demande. Privilégier les appels
téléphoniques à cause des difficultés ou incapacités d’utiliser smartphone et/ou
internet.
- Améliorer l’information des moyens existants et proposés.
- Organiser des transports collectifs pour se rendre aux activités culturelles, aux centres
commerciaux, au marché, à dates ou horaires fixes.
- Pour les personnes âgées conduisant encore (voiture ou vélo) : organiser une
information de remise à niveau du code de la route et de la conduite.
- Obtenir une participation financière du Département ou de la Communauté de
communes pour les déplacements en taxi.
- Organiser un réseau de volontaires défrayés pour des transports en voitures
personnelles (non imposables).
- L’objectif est aussi de permettre aux gens d’avoir des contacts sociaux, de se déplacer
pour les achats et éviter ainsi l’isolement avec l’unique recours à des livraisons à
domicile.
Indicateurs de réussite :
- Réalisation des projets indiqués ici pour une meilleure respectabilité des
personnes âgées.
- Mise en place d’une consultation de la population sur les souhaits de
déplacements.
Ressources :
- Humaines : développer un réseau de volontaires et/ou organisé par la
municipalité ou le CCAS.
- Information et communication : informations relatives aux déplacements à
formuler dans le bulletin municipal.
- Financières : aides financières pour la Mairie par le Conseil départemental ou la
Communauté de communes ; usagers."
FicheAction2_Barlin_vf.pdf,.pdf,FicheAction2_Barlin_vf.txt,1264,214,,"--- PAGE 1 ---
Projet Papot’Age – Démarche de design citoyen à Barlin (62)
Les fiches-actions présentées lors de la restitution publique du 24 avril 2025
Fiche-action n° 2 : Création d’un statut associatif pour
l’Assemblée des Ainés
Quoi ? (Les constats)
- En plus des constats relevés dans la fiche -action n° 1, le groupe relève un
manque de reconnaissance de l’Assemblé e des aînés de la part des autres
associations.
- Par ailleurs, se constituer en association est une démarche longue et
compliquée.
Pour qui ? (Le public visé)
- L’Assemblée des aînés dans son ensemble
- Les membres de l’assemblée
- Indirectement, pour les autres acteurs de Barlin tels que la Mairie et les
associations
Où et quand ?
- En cours
Objectifs et moyens (Le but visé et l’action – ou les actions – à mettre en place)
- Reconnaître plus clairement le statut de l’organisation qu’est l’Assemblée des
aînés
- Pouvoir prétendre plus facilement à certaine s demandes (par ex emple, des
demandes de subvention)
o Mener à son terme la c réation d’un statut associatif pour l’Assemblée
des Ainés
o Bénéficier d’un accompagnement à la création d’une association
Ressources (De quoi a-t-on besoin pour mettre en place cette action ?)
- Humaines : Accompagnement à la création d’association"
FicheAction2_Ostricourt_VF.pdf,.pdf,FicheAction2_Ostricourt_VF.txt,3497,561,,"--- PAGE 1 ---
Projet Papot’âge – Démarche de design citoyen à Ostricourt (59) – Les fiches-actions présentées lors de la
restitution publique (version du 10 avril 2024)
Fiche-action n°2 : Amélioration des conditions de stationnement et de
circulation à Ostricourt
Quoi ?
Constats :
- Les voitures mal garées peuvent empêcher les piétons, les personnes âgées ou
en fauteuil, les personnes avec des poussettes, de se déplacer à pied au centre
et sur les trottoirs d’Ostricourt. Or, personne ne passe pour constater,
sensibiliser ou sanctionner.
- Ce problème est alimenté par :
o Un manque de civisme des personnes qui se garent mal, qui n’ont peut -
être pas conscience des conséquences, ou qui peut-être s’en fichent. On
remarque que des véhicules se garent à cheval sur l'emplacement et le
trottoir, de mème que certaines matérialisati ons d'emplacements
empêchent la libre circulation des piétons (voir schéma 2).
o Des problèmes de stationnement se posent pour les professionnels de
santé (médecins ou infirmiers) qui interviennent à domicile occasionnant
des stationnements gênants sur le trottoir depuis le nouveau marquage
des emplacements de stationnement.
o Des problèmes de stationnement devant certains commerces ou
entreprises : il est difficile de trouver de la place pour les clients de ces
commerces ou entreprises. Cela peut être gênant pour les aînés qui ont
recours à ces commerces, et cela occasionne des stationnements gênants
sur les trottoirs.
o Le fait que personne ne passe pour constater, sensibiliser ou sanctionner
laisse libre cours à l'incivisme.
Solutions proposées :
- Sensibilisation sur le stationnement gênant par un article dans le journal, et dans
chaque bulletin municipal.
- Dans certaines zones bleues, réserver des emplacements pour les entreprises
ou commerces en envisageant un macaron spécial qui sera apposé sur le
--- PAGE 2 ---
véhicule par l'entreprise le cas échéant,
- Avant d’envisager de sanctionner , a ttribuer la tâche de sensibilisation à
quelqu’un qui soit reconnu ou déjà assermenté. Cela pourrait être
éventuellement un agent municipal qui passerait en priorité sur les zones bleues
et les rues nouvellement mises en sens unique.
Pour qui ? Pour tout le monde, y compris les aînés.
Où et quand ?
- Dans le centre d’Ostricourt, sur les zones bleues et les places ou rues
nouvellement mises en sens unique (places de l'Estrée et Albert Thomas, les
rues Florent Evrard, Saint Venant, Léon Blum et Jean Jaurès). (Voir schéma 1
pour avoir un aperçu des lieux).
- Dès que possible.
Objectifs et moyens :
- Sensibiliser chacun aux différents usages de la voirie.
- Améliorer les conditions de stationnement et limiter le stationnement gênant
en agissant sur ces diverses pistes.
- Utiliser éventuellement la vidéo surveillance à certains endroits.
Indicateurs de réussite :
- Rendre compte dans le bulletin municipal de l’évolution du problème.
- Informations transmises à la population de la présence d’un agent.
- Mise en œuvre effective des zones de stationnement ; dans les « zones bleues »,
préciser sur le panneau la durée maximale de stationnement.
Ressources :
Humaines : un agent municipal qui aura cette mission , et une personne chargée de la
communication à la Mairie pour les informations.
Matérielles : dans un premier temps , des cartons de sensibilisation à déposer sur les
parebrises. Prévoir une tenue reconnaissable pour l’agent chargé des contrôles.
Financières : salaire de l’agent dans le cas du recrutement d'une personne ?"
FicheAction3_Barlin_vf.pdf,.pdf,FicheAction3_Barlin_vf.txt,3194,532,,"--- PAGE 1 ---
Projet Papot’Age – Démarche de design citoyen à Barlin (62)
Les fiches-actions présentées lors de la restitution publique du 24 avril 2025
Fiche-action n° 3 : « La parole aide à vivre »
Quoi ? (Les constats)
Même si un chemin important a déjà été accompli, i l existe des problèmes de
communication entre la mairie et l’Assemblée des ainés.
Par exemple, la plateforme « entraidons-nous » n’a pas été mise en place aussi
rapidement qu’attendu, les membres de l’Assemblées des ainés investis dans ce projet
n’ont pas eu le sentiment d’être informés au fur et à mesure des diff icultés
rencontrées. Plus généralement, lors d’un projet, l’Assemblée des ainés regrette de ne
pas avoir toujours le suivi adéquat.
Les membres de l’Assemblée des ainés ne sont pas toujours au clair sur « qui fait
quoi » à la mairie par rapport aux projets . Inversement, il semble que le rôle de
l’Assemblée des ainés et de ses coordinateurs ne soit pas toujours très clair pour les
interlocuteurs en mairie (personnes récemment recrutées, personnes à l’accueil, etc.).
Les membres de l’Assemblée des ainés ont p arfois eu le sentiment que leurs
propositions pour aider sur certains projets étai ent perçues comme une charge de
travail supplémentaire, ou une action concurrente par rapport aux missions de la
mairie. Certains ressentent un manque de considération de leur engagement.
Pour qui ? (Le public visé)
Améliorer la reconnaissance de l’Assemblée des ainés par rapport aux engagements
de ses membres est important pour encourager la motivation de tous à s’impliquer
pour Barlin.
Améliorer la communication serait donc positif pour tout le monde : l’Assemblée
des ainés, la mairie, et plus généralement les ainés.
Où et quand ?
Améliorer la communication, dès maintenant et pour toute la suite de la démarche.
--- PAGE 2 ---
Objectifs et moyens (Le but visé et l’action – ou les actions – à mettre en place)
Instituer un référent à la Mairie avec lequel l’Assemblées des ainés pourra dialoguer.
Cette personne serait un interlocuteur unique, au courant des projets, en mesure de
relayer les informations à ses collègues de la mairie et de les partager avec l’Assemblée
des ainés.
Ce référent devrait être motivé par cette mission et disposer du temps nécessaire
pour la mener à bien.
Par ailleurs, il serait utile de mettre en place une réunion tous les trimestres, ou plus,
avec compte-rendus, permettant d’échanger sur l’avancement des projets.
Ressources (De quoi a-t-on besoin pour mettre en place cette action ?)
- Humaines :
Une personne référente à la mairie, avec un temps dédié pour cette mission.
- Matérielles :
Outils partagés situés en Mairie pour échanger des informations avec l’Assemblée
des ainés (un carnet pour la réservation de salles ? des documents ? autres ?)
- Information et communication :
En lien avec le référent, l’Assemblée des ainés pourrait être sollicitée régulièrement
pour alimenter le « Barlin.com ».
- Financières :
A voir
Indicateurs de réussite (Les critères qui permettraient d’évaluer le succès de
l’action, si jamais elle est mise en place)
Fin 2025, avoir un référent désigné à la Mairie.
Suivi du nombre de réunions de coordination : au moins 4 par an."
FicheAction3_Ostricourt_VF.pdf,.pdf,FicheAction3_Ostricourt_VF.txt,2716,422,,"--- PAGE 1 ---
Projet Papot’âge – Démarche de design citoyen à Ostricourt (59) – Les fiches-actions présentées lors de la
restitution publique (version du 10 avril 2024)
Fiche-action n° 3 : Création d’un café associatif
Quoi ?
- Sur les trente dernières années, on constate une disparition nette des lieux de
convivialité (cafés, bars -tabac…) et de services de proximité (boulangerie,
marchand de journaux…) à Ostricourt.
- Par ailleurs, les informations ou conseils que l’on obtenait facilement par le
bouche-à-oreille paraissent de moins en moins accessibles (qu’elles concernent
des activités ou des choses plus personnelles, comme les informations sur les
décès). Des services dédiés existent mais malgré tout une grande partie de
l’information passe par internet.
Pour qui ?
- Pour les personnes se sentant seules.
- Pour les personnes qui apprécient rencontrer des connaissances au quotidien
- Pour les gens qui n’utilisent pas (ou peu) les technologies de l’information et de
la communication (ordinateurs, smartphones, navigation sur internet).
Où et quand ?
- Dans un endroit proche du centre d’Ostricourt, aisément accessible à pied
comme en voiture.
- Dans un lieu facilement accessible pour des personnes en fauteuil ou ayant des
difficultés de déplacement ; aménagé de façon accessible tout en étant
convivial.
- Un lieu qui serait ouvert de façon régulière (idéalement chaque jour de la
semaine) dans des horaires eux aussi réguliers.
Objectifs et moyens
- Création d’un café associatif qui serait à la fois un lieu de convivialité et un lieu
d’échanges d’informations (formelles – des affiches, des prospectus, des temps
d’information – comme informelles – le bouche à oreille).
--- PAGE 2 ---
- Renforcer l’attractivité du lieu par des services situés de façon permanente sur
place ou à proximité (dépôt de pains ; point presse…).
- Soutenir l’autonomie des personnes dans leur vie quotidienne grâce à
l’organisation d’événements solidaires ponctuels ou réguliers (du type, « repair
café », permanences d’écrivains publics « numériques », etc.).
Indicateurs de réussite :
- Nombre de partenaires associés au projet.
- Taux de fréquentation du lieu.
- Diversité des personnes qui l’occupent.
- Diversité des activités organisées dans ce lieu.
- Viabilité économique de fonctionnement du lieu.
Ressources :
- Humaines : ingénierie de projet pour repérer les lieux potentiels et rechercher
des fonds d’investissement nécessaires pour le bâtiment ; modalité de gestion
du lieu à préciser (auto-gestion ? délégation de gestion ?...).
- Information et communication : à préciser.
- Financière : soutien à l’investissement (via réponse à appel à projets ?) ; part
d’auto-financement pour le fonctionnement."
FicheAction4_Barlin_vf.pdf,.pdf,FicheAction4_Barlin_vf.txt,3336,541,,"--- PAGE 1 ---
Projet Papot’Age – Démarche de design citoyen à Barlin (62)
Les fiches-actions présentées lors de la restitution publique du 24 avril 2025
Fiche-action n° 4 : « Un t rait d’union entre associations,
mairie et habitants »
Quoi ? (Les constats)
D’un côté, d es habitants de Barlin disent regretter qu’il n’y ait pas davantage de
manifestations ou de services. Certains disent ne pas se sentir suffisamment écoutés
par les élus ou les techniciens de la mairie. Certains habitants ne savent pas vers qui
se tourner à la mairie pour leur soucis (ex. : qui s’occupe du nettoyage des
toilettes publiques ; problèmes de déjection animale ; création d’un
garde communal…)
D’un autre côté, les évènements ou services organisés par la Mairie, l’Assemblée des
ainés ou les associations ne trouvent pas toujours leur public, ce qui peut occasionner
de la déception pour les personnes qui s’investissent pour les organiser.
La communication est souvent faite sur Internet, cela ne peut pas suffire car tous les
ainés ne l’utilisent pas pour s’informer.
Par ailleurs, pour l’ensemble des habitants de Barlin, il existe une certaine confusion,
une certaine incompréhension des missions des différentes associations, clubs et
instances communales destinées aux ainés. Par ailleurs, le mot « ainé » semble
restrictif, en réalité il faudrait parler de « personne disponible ».
Cette fiche action propose des pistes pour améliorer le lien entre habitants, mairie et
associations actives sur la commune.
Pour qui ? (Le public visé)
Personnes de plus de 55 ans, voire futurs retraités.
Se rapprocher des associations de la commune, sportives ou non, pour identifier leurs
besoins en termes d’aide, et favoriser le bénévolat et l’investissement personnel.
Où et quand ?
- Porte à porte en binôme (membre de l’Assemblée des ainés et élu) pour pouvoir se
faire connaître en tant qu’Assemblée des ainés, et remettre aux habitants un
document de présentation.
- Rejoindre les ainés lors de leurs activités
--- PAGE 2 ---
Objectifs et moyens (Le but visé et l’action – ou les actions – à mettre en place)
Proposer des rencontres et ou formations remise à niveau pour les personnes
intéressées. Organiser des moments conviviaux.
Mieux communiquer sur les différents évènements , en direct, en utilisant le journal
communal, et aussi sur Internet (mais attention à ne pas passer que par Internet !)
Mener une réflexion sur les mots à utiliser : « ainé » semble restrictif.
Transports : grâce à « entraidons-nous », avoir la possibilité de se déplacer lorsque la
navette bleue n’est pas en fonction.
Ressources (De quoi a-t-on besoin pour mettre en place cette action ?)
- Humaines : Bénévoles, aide et soutien moral pour les personnes qui
s’investissent, en lien avec le référent en mairie [voir fiche n°3]
- Matérielles : Salle, soutien logistique, livret d’information
- Information et communication : Flyer ; Barlin.com (être sollicités plus
régulièrement pour y apparaître) , Compte Facebook Assemblée des Ainés à
créer ?
- Financières : A voir
Indicateurs de réussite (Les critères qui permettraient d’évaluer le succès de
l’action, si jamais elle est mise en place)
Augmentation de la participation aux évènements (nombre de personnes)
Suivi de ce qui a été mené sous la forme de compte-rendus
Nombre de manifestations organisées en augmentation"
FicheAction4_Ostricourt_VF.pdf,.pdf,FicheAction4_Ostricourt_VF.txt,2897,448,,"--- PAGE 1 ---
Projet Papot’âge – Démarche de design citoyen à Ostricourt (59) – Les fiches-actions présentées lors de la
restitution publique (version du 10 avril 2024)
Fiche-action n°4 : Organisation d’activités et de sorties (culturelles et sociales)
à destination des aînés d’Ostricourt et meilleure information des aînés
Quoi ?
- Ostricourt se caractérise par une grande diversité culturelle, qui est liée à
l’histoire de la mine et de l’immigration de travail.
- Malgré la fin de l’activité minière, cette diversité continue d’exister sur la
commune, mais les occasions de rencontres concrètes apparaissent moins
nombreuses.
- Une piste pour faciliter les occasions de rencontres serait d’organiser davantage
d’activités interculturelles, ou des activités (dont des sorties) qui font écho à
telle ou telle culture.
- De même, avoir des occasions d’également s’ouvrir à ce qui se fait en -dehors
d’Ostricourt apparaît important.
Pour qui ?
- Pour toute personne d’Ostricourt.
- Avec une attention particulière pour les personnes ayant des difficultés de se
déplacer (notamment en soirée).
Où et quand ?
- A tout moment de l’année, dans des lieux à vocation socioculturelle (tels que le
Centre social ou la Médiathèque), dans des salles des fêtes ou de loisirs, (dans
l’éventuel « Café associatif » – voir fiche n° 3), etc.
- Au printemps ou en été, dans certains espaces publics ou certains espaces verts
(partiellement couverts et aménagés pour les personnes ayant des difficultés de
se déplacer).
- Dans des lieux extérieurs à Ostricourt, avec des transports organisés (voir fiche
n°1).
- Des choses existent (notamment au Centre social La Ruche), mais il faudrait
mieux informer sur ce qui est proposé (en ne passant pas seulement par les
réseaux sociaux, que certains aînés ne consultent pas).
Objectifs et moyens :
- Créer et réaliser des choses selon sa culture.
- Organiser des repas, des rencontres culturelles autour d’un repas.
--- PAGE 2 ---
- Organiser un troc de plantes.
- Informer les aînés pas seulement sur internet ou sur l’application du téléphone.
Privilégier l’information humaine, l’affichage, la distribution de tracts sous
format papier (avec la possibilité de s’inscrire pour être informé directement).
Organiser une information distribuée par quartier.
Indicateurs de réussite :
- Taux de fréquentation aux activités.
- Diversité des personnes présentes.
Ressources :
- Humaines : mobiliser le CCAS et le centre social ; mobiliser des personnes
motivées et compétentes pour organiser des sorties (par ex : cinéma).
- Matérielles : prévoir des salles, des cuisines… Pour le troc de plantes : boutures,
graines, racines, compost.
- Information et communication : journal communal, internet, Facebook,
panneau d’information et contacts humains.
- Financière : participation de chacun (participation modeste) pour certaines
activités, d’autres pourraient être gratuites."
FicheAction5_Ostricourt_VF.pdf,.pdf,FicheAction5_Ostricourt_VF.txt,2250,364,,"--- PAGE 1 ---
Projet Papot’âge – Démarche de design citoyen à Ostricourt (59) – Les fiches-actions présentées lors de la
restitution publique (version du 10 avril 2024)
Fiche-action n°5 : Lutter contre l’isolement en organisant des visites
bénévoles au domicile
Quoi ?
De nombreux facteurs concourent pour accentuer le sentiment d’isolement de certains
aînés à Ostricourt : l’éloignement géographique des enfants, le fait pour ces personnes
de ne pas oser ou de ne pas avoir envie d’aller au -devant des gens, le fait que les
services mis en place (par exemple par La Poste) soient payants, parfois la mésentente
financière des enfants par rapport aux aides…
Pour répondre à cet isolement des personnes, une solution pourrait être d’organiser
de visites bénévoles à domicile pour les personnes en demande.
Pour qui ?
Les personnes se sentant seules et en demande de visites extérieures.
Où et quand ?
Cela pourrait se faire sur l’ensemble de la commune d’Ostricourt, voire en lien avec
des communes voisines.
Le temps de mettre en place la dynamique, organiser des visites hebdomadaires ou
toutes les deux semaines.
Objectifs et moyens :
- Des binômes de personnes bénévoles pourraient se déplacer au domicile des
personnes de façon régulière.
- Il s’agirait d’envisager de mettre en lien ces personnes (mise en réseau) et d’envisager
une petite « formation » préalable pour les personnes qui rendent visite.
--- PAGE 2 ---
Indicateurs de réussite :
- Nombre de personnes participant à la dynamique.
- Atteindre et garder un équilibre entre l’offre et la demande de visites.
Ressources :
- Humaines : binômes bénévoles ; personnes retraitées, personnes au RSA qui
(après formation) visiteraient les personnes se sentant seules ; partenariats à
envisager avec le CCAS et la Mairie d’Ostricourt pour le repérage des personnes
se sentant seules (des listes de « personnes vulnérables » existent sans doute
déjà) ; partenariat possible avec le Centre social ou les clubs d’aînés pour ce
repérage mais aussi pour la mobilisation de bénévoles.
- Information et communication : Facebook de la commune et du centre social,
journal communal, panneau.
- Financières : à préciser si nécessaire pour le démarrage de l’initiative (création
de la mise en réseau)."
FicheAction6_Ostricourt_VF.pdf,.pdf,FicheAction6_Ostricourt_VF.txt,2572,431,,"--- PAGE 1 ---
Projet Papot’âge – Démarche de design citoyen à Ostricourt (59) – Les fiches-actions présentées lors de la
restitution publique (version du 10 avril 2024)
Fiche-action n°6 : Améliorer la consultation des habitants afin d’éviter des
problèmes d’aménagement et de mieux prendre en compte les situations
quotidiennes
Quoi ?
- Malgré la qualité et l’intérêt de ce genre de travaux, des aménagements de
trottoir ont été faits sans consultation précise préalable (par exemple, des
arbustes ou des bouches d’eau ont été installés devant des portes d’entrée, ce
qui gêne le fait d’entrer et sortir de chez soi).
- Le marché tel qu’il est organisé actuellement est jugé dangereux et sujet à
commettre des infractions (voir schéma 3).
- Le système et l’équipement de ramassage de déchets ne sont pas adaptés à la
diversité des situations personnelles. Dans le cas de grands terrains, une seule
poubelle verte ne suffit pas. Pour la poubelle jaune, il n’y a parfois pas assez de
place pour un relevé tous les 15 jours, elles sont déjà pleines au bout de 5 jours,
donc il faudrait une plus grande contenance ou un passage plus fréquent.
- Certaines personnes ne savent pas où se débarrasser des huiles de friture
(parfois dans les puisards).
- Certaines personnes rencontrent des difficultés pour mettre les encombrants à
la rue.
Pour qui ?
- Pour tout le monde, y compris les aînés.
Où et quand ?
- Consultations des aménagements lors de prochains travaux : être plus explicite
à propos des aménagements (par exemple : plantation d’arbustes devant une
porte d’entrée : expliciter le projet afin que les personnes puissent se rendre
compte des conséquences et éventuellement trouver d’autres solutions).
- S’inspirer de l’application de Oignies afin que tous les habitants ou usagers
puissent signaler les problèmes rencontrés sur la voirie.
--- PAGE 2 ---
Objectifs et moyens :
- Être informé de façon plus précise et régulière.
- Déplacer le marché vers le fond gauche de la place Albert Thomas.
- Envisager le ramassage hebdomadaire des poubelles vertes, noires et jaunes.
Indicateurs de réussite :
- A préciser
Ressources :
- Humaines : informer les habitants de rentrer au plus vite leurs poubelles afin de
libérer les trottoirs.
- Matérielles : peut-on envisager une aide municipale pour les encombrants ?
- Information et communication : bulletin municipal ou passage d'un agent qui
dépose un rappel dans la boite aux lettres de ceux qui ne libèrent pas le trottoir.
- Financière : voir du côté de la commune ou de la Communauté de communes
ce qui peut se faire."
FichesAction_PaysMormal_VF.pdf,.pdf,FichesAction_PaysMormal_VF.txt,21124,3269,,"--- PAGE 1 ---
« Toujours citoyen ! Mais comment ? » – Pays de Mormal (59) – Restitution publique (21 juin 2024)
Fiche-action n° 1-A : Vie sociale – Être toujours considéré comme citoyen
Principaux constats
- L’EHPAD est souvent perçu comme un lieu « à part ». Or, même s’il s’agit d’un
« établissement », cela doit avant tout être considéré comme une « Maison de vie » !
- Comme la « citoyenneté », il ne suffit de reconnaître « en principe » que l’EHPAD est une
maison de vie, il faut aussi que cela se concrétise dans les pratiques.
- Parfois, en tant que « résident », on est en contact avec l’extérieur uniquement par
l’intermédiaire de l’accueil, des professionnels de l’établissement, de la direction…
- Même si on est aidé dans le quotidien (que l’on vive en EHPAD ou à domicile), il est
important de s’adresser directement à nous car on a des choses à dire sur nos envies.
- Il est par ailleurs important de pouvoir continuer à rencontrer ou croiser des personnes
de tout âge (importance de l’intergénération) et de tout milieu.
Pour qui ?
- Pour les personnes âgées qualifiées de « dépendantes », qu’elles habitent en EHPAD ou au
domicile sur le territoire
- Pour toute personne, quel que soit son âge, qui peut être amenée à fréquenter plus
régulièrement des personnes qui habitent en EHPAD
Où et quand ?
- Dès que possible, aller davantage vers les EHPAD
--- PAGE 2 ---
Objectifs et moyens :
- Recevoir toutes les informations et documentations de la commune et des associations
(bulletins municipaux et autres)
- Être invités aux festivités (à nous de voir si on veut et peut y aller)
- Assister à certaines manifestations sportives (et pourquoi pas des virées sportives à
l’extérieur) ; pouvoir aller à la piscine (ex. Aulnoye-Aymeries ou à l’hôpital de Le Quesnoy)
- Avoir en main propre le présent de la commune lors des fêtes de Noël et non le déposer à
l’accueil puis distribué par les collaborateurs de la résidence et se mettre également en lien
avec la direction afin de connaître nos besoins.
- Il est dommage de ne pas venir vers nous lors des évènements dans nos résidences, la visite
des élus s’arrête généralement aux membres de la direction. Vous êtes pourtant chez nous.
- Créer un va-et-vient régulier avec les écoles (même les maternelles mais aussi collèges et
lycées), afin d’échanger et avoir un lien avec leurs fêtes, leurs cantines. Nous avons besoin
de l’intergénération. C’est déjà le cas avec certains établissements scolaires.
- Avoir la possibilité d’avoir une urne de vote sur place quand on est institutionnalisé pour
les personnes pouvant voter. Nous sommes des citoyens dans vos villes.
- Être attendus, accueillis, et qu’il y ait de quoi stationner près de l’événement et s’asseoir !
(voir fiches-actions relatives aux déplacements)
- Avoir une solution de mobilité, pour les personnes en EHPAD et les personnes au domicile
ne pouvant plus conduire (voir fiches-actions relatives aux déplacements)
Indicateurs de réussite :
- A définir
Ressources :
- Plus que de nouvelles ressources, une extension des moyens existants m obilisés pour la
population en général. Etudier les nécessités éventuelles d’adaptation et , dès lors, de
ressources spécifiques…
--- PAGE 3 ---
Fiche-action n° 1-B : Vie sociale – Les métiers de l’animation et la démarche CADA
- La mission d’animation en EHPAD est essentielle pour que l’établissement soit aussi
(et avant tout) une « maison de vie ».
- Le rôle des animateurs/animatrices est crucial pour réaliser cette mission.
Néanmoins, elle peut aussi être portée et incarnée par d’autres professionnels de
l’EHPAD quand l’organisation permet d’aller plus loin que leurs missions de base.
- On peut d’ailleurs se demander si l’intérêt des professionnels de l’accompagnement
et du soin pour cette mission d’animation n’est pas également présente chez les
personnes qui travaillent dans le secteur du « domicile ».
- Les différentes professionnelles du groupe (principalement des animatrices) ont
trouvé un intérêt à échanger ensemble sur leurs situations de travail et imaginer des
pistes d’amélioration. Par ailleurs, la plupart ont découvert avec intérêt la démarche
« Communauté Amie des Aînés » (CADA) et sont prêtes à aller plus loin dans les
initiatives évoquées.
- Pour l’ensemble des professionnels travaillant sur le territoire dans le champ du
vieillissement (en « établissement » comme au « domicile »)
- Pour les membres de l’Assemblée des seniors
- Pour les acteurs engagés dans la démarche CADA
- Dès que possible (sans doute à partir de septembre 2024)
- Sur le territoire, autour de rencontres régulières
- - Créer des ponts entre les EHPAD, le secteur du « domicile » et la démarche CADA :
notamment par l’intermédiaire de liens à consolider et élargir entre l’Assemblée des
seniors et les professionnels de l’animation
--- PAGE 5 ---
Fiche-action n° 2-A : Mobilité – Aménagement de la voirie et services
La vie sociale et culturelle est un sujet important pour de nombreuses personnes qui vivent en EHPAD
ou chez elles. Pourtant, pour de nombreuses personnes qui ont des difficultés motrices (par exemple,
les personnes qui se déplacent en fauteuil), des difficultés cognitives (par exemple, des personnes qui
rencontrent des difficultés à s’orienter dans l’espace) ou encore des difficultés sensorielles (par
exemple, des personnes qui n’entendent ou ne voient pas bien), les possibilités de participer à cette
vie sociale et culturelle hors de l’EHPAD ou hors de chez soi n’est pas simple. Quel que soit leur lieu
de vie, ces personnes dépendent particulièrement de l’entourage pour accéder à cette vie sociale et
culturelle. L’ entourage familial joue un rôle prépondérant à sujet, mais il est très mal réparti
(présence ou non d’un conjoint, d’enfants ; entente avec ses proches ; éloignement géographique…).
Par ailleurs, les entourages et services professionnels (ou associatifs) jouent également un rôle majeur
dans l’accès à la vie sociale et culturelle.
Autour de ces constats, les questions des effectifs et de la valorisation des métiers de
l’accompagnement et de l’animation ont été abordées à plusieurs reprises. Elles constituent un
préalable essentiel pour envisager la « personne âgée dépendante », le « résident » également comme
des « habitants » d’une ville, d’un village, d’un territoire et comme des « citoyennes » et « citoyens »
de plein droit. Sans ces entourages, la participation sociale devient pratiquement impossible pour
certaines personnes. Ces questions liées à la valorisation de l’accompagnement ont été abordées mais
moins approfondies par le groupe. Elles mérite raient d’être relayées à d’autres niveaux de l’action
publique. En parallèle, est apparue la problématique de l’ environnement urbain et territorial dans
lequel a lieu cette participation sociale. Cet environnement est à la fois matériel et humain. Ces deux
aspects sont étroitement mêlés. Dans les constats qui sont principalement remontés, cela concerne
l’aménagement de la voirie et les services de mobilité , d’une part, l’occupation et le partage de la
voirie, d’autre part.
Cette fiche-action se focalise sur la problématique de l’aménagement de la voirie et des services de
mobilité. Le peu de places de stationnement PMR et l’absence de places de stationnement réservées
à des camions ou camionnettes de transport adapté engendrent des situations de stress et des
comportements qui pourraient être considérés comme des infractions. Ces situations sont
particulièrement ressenties dans les petites villes du territoire (Le Quesnoy, Landrecies, Bavay…) qui
concentrent les équipements sociaux et culturels. Le fait de déposer rapidement un proche le long du
trottoir avant d’aller stationner son véhicule ou le fait de devoir faire descendre en pleine rue des
personnes en fauteuil sont considérés comme des situations stressantes, voire fatigantes. Parfois,
l’anticipation de ce stress ou de cette fatigue génère une attitude d’évitement d’une possibilité de
participation sociale, que ce soit dans le cadre d’une activité organisée (par ex., sortie théâtre,
rencontre inter-EHPAD…) ou dans un cadre moins formel (par ex., faire un tour au marché, se promener
en ville…). D’ailleurs, le transport adapté sur le territoire semble uniquement possible par
l’intermédiaire de l’équipement et des équipes mis à disposition par les EHPAD (en -dehors des
--- PAGE 6 ---
déplacements possibles en ambulanc e, mais réservés aux raisons médicales) . De plus, la marche en
ville ou le long des routes apparaît souvent parsemée d’obstacles qui compliquent ces déplacements,
voire créent des risques (par ex. : les trous dans les trottoirs, les revêtements pavés, la p résence des
poubelles sur les trottoirs, le peu d’espaces sécurisés le long des routes départementales, même en
bordure de village…). Cela est dommageable pour la participation sociale que souhaitent les personnes,
d’autant plus dans un contexte où il est encouragé de continuer à avoir une activité physique quel que
soit son âge.
Cette problématique concerne les personnes qui ont des difficultés motrices, cognitives ou
sensorielles, mais aussi toute personne amenée à accompagner ces personnes rencontrant des
difficultés de déplacement . P lus largement, est concernée toute personne, quel que soit son âge,
amenée à être dans une situation de déplacement rendue difficile (poussette, béquilles, etc.)
Il faudrait améliorer la situatio n en priorité dans les villes du territoire qui à la fois concentrent les
EHPAD et les principaux équipements sociaux et culturels . Puis, progressivement, sur l’ensemble des
communes du territoire, en particulier autour des équipements présents dans les vi llages, et à plus
long terme le long de l’ensemble des espaces habités.
- Favoriser la participation sociale en améliorant les conditions de stationnement ainsi que la
« marchabilité » des voiries
- Favoriser la participation sociale en pérennisant les services de transport solidaire sur le territoire et
en envisageant son extension au niveau d’un transport adapté
- Pour ce faire, il serait utile que les acteurs concernés par l’aménagement et l’occupation matérielle
de la voirie (Mair ies, services voiries, Département, Communauté de communes, Communauté Amie
des Aînés, Assemblée des seniors, associations proposant le transport solidaire… avec des personnes
concernées préalablement citées) puissent se saisir de ce sujet et, sur la base d’une analyse de
l’existant, partager des solutions (places dédiées, dépose -minute, maintenance des trottoirs…), en
envisager d’autres et définir des pistes d’action à mettre en œuvre
- L’organisation de réunions de travail ou de visites sur site entre les différents acteurs concernés
- La définition par ces acteurs d’un plan d’action concerté et d’indicateurs de réussite spécifiques
Ressources : à définir
--- PAGE 7 ---
Fiche-action n° 2-B : Mobilité – Occupation et partage de la voirie
exemple, des personnes qui n’entenden t ou ne voient pas bien), les possibilités de participer à cette
culturelle. L’ entourage familial joue un rôle prépondérant à ce sujet, mais il est très mal réparti
(présence ou non d’un conjoint, le fait d’avoir ou non des enfants ; si la personne a des enfants, la
question de l’entente avec ces enfants, la question de l’éloignement géographique…). Par ailleurs, les
entourages et services professionnels (ou associatifs) jouent également un rôle majeur dans l’accès à
la vie sociale et culturelle.
moins approfondies par le groupe. Elles mériteraient d’être relayées à d’autres niveaux de l’action
Cette fiche-action se focalise sur la problématique du partage de la voirie.
Certains aménagements existants sont jugés positivement : trottoirs -bateaux ; places de
stationnement PMR… Néanmoins, la manière dont d’autres usagers occupent ces espaces aménagés
(principalement, par le fait de se stationner ou de rouler dans ces espaces non autorisés) entravent les
possibilités de déplacement et dès lors l’effectivité de la participation sociale. Ces situations peuvent
générer de l’agacement, voire de la colère. Souvent, cela donne surtout l’impression que les personnes
qui ne rencontrent pas ces difficultés sont incapables de comprendre les situations d’autrui.
--- PAGE 8 ---
Il faudrait améliorer la situation en priorité dans les villes du territoire qui à la fois concentrent les
communes du territoire, en particulier autour des équipements présents dans les villages , et à plus
- Pour ce faire, il serait utile que les acteurs concernés par l’occupation et le partage de la voirie
(Mairies, services voiries, Département, Communauté de communes, services de gestion des déchets,
Communauté Amie des Aînés, Assemblée des seniors, acteurs de la formation et de la sensibilisation,
voire acteurs de la sanction…) puissent se saisir de ce sujet et, sur la base d’une analyse de l’existant,
partager des solutions, en envisager d’autres et définir des pistes d’action à mettre en œuvre
--- PAGE 9 ---
Fiche-action n° 3-A : L’arrivée en établissement – Des résidents référents pour mieux
accueillir les personnes
L’arrivée en établissement est une étape délicate. Il y a beaucoup d’arrivées non préparées ou
mal préparées. La population se diversifie avec des entrées de personnes plus jeunes et avec
des pathologies plus lourdes, qui arrivent pour certaines parce qu’il n’y a aucune structure
adaptée, ou un manque de place dans ces structures.
Ce choix amène aussi des choses positives pour les personnes concernées : la possibilité de
participer à des activités motivantes, de côtoyer d’autres personnes, d’avoir de l’aide sur les
actes de la vie quotidienne.
Propositions d’actions
- Mettre en place des « résidents référents » pour accueillir les nouveaux résidents
- Mettre en place un parrainage (avoir un parrain ou une marraine) dans l’établissement
Les nouveaux résidents en établissement.
Dans l’établissement, le jour de l’arrivée, présentation de l’établissement et accompagnement
les quinze premiers jours (au moins).
- Faire profiter, aux nouveaux résidents, de l’expérience des anciens
- Améliorer l’arrivée en établissement, aider les personnes à se sentir moins seules lors de
l’entrée
- Cela donnerait un rôle intéressant à des résidents volontaires pour accueillir les nouveaux
--- PAGE 10 ---
Bonne intégration de la personne et participation à la vie sociale de l’établissement.
- Humaines : participation nécessaire des résidents volontaires, de l’équipe soignante, de
l’équipe d’animation, de la famille ou des proches
- Information et communication : information orale
- Financières et matérielles : à préciser
--- PAGE 11 ---
Fiche-action n° 3-B : L’arrivée en établissement – Offrir la possibilité d’un « essai »
temporaire
Proposition d’action
Avoir la possibilité de faire 15 jours d’essai, dans le cadre d’un placement temporaire. Pouvoir
s’habituer au fonctionnement d’un établissement, voir si cela convient.
Les futurs résidents en établissement.
Dans l’établissement, une période de 15 jours.
Aider les personnes âgées à accepter la transition entre le logement et l’institution.
Après la période de 15 jours, l’acceptation et l’entrée de la personne.
--- PAGE 12 ---
- Humaines : équipe pluridisciplinaire de l’établissement, la famille
--- PAGE 13 ---
Fiche-action n° 4 : Organiser une meilleure information et un meilleur suivi des
mesures de protection juridique
De nombreuses personnes âgées sont concernées par des mesures de protection juridique (tutelle,
curatelle, sauvegarde de justice). Plusieurs membres de notre groupe sont directement concernés. Les
professionnelles des établissements associées au groupe soulignent l’importance du sujet, en particulier
dans le cas d’une mesure de tutelle con cernant le plus souvent des personnes vulnérables, qui pour
certaines n’ont que peu d’entourage présent . Pourtant, ces mesures de protection juridiques restent
particulièrement opaques en ce qui concerne les droits des personnes, en particulier dans le cas des
mesures de tutelle. Les personnes concernées ne connaissent pas bien leurs droits, ne savent pas
forcément quelles démarches doivent être entreprises (par exemple pour demander un changement de
tuteur), regrettent de ne pas rencontrer suffisamment souvent leurs tuteurs, et constatent ne pas disposer
des informations auxquelles elles estiment pourtant avoir droit (par exemple les relevés bancaires). C’est
d’autant plus regrettable qu’être placé sous mesure de protection peut être vécu difficilement par les
personnes, et peut signifier renoncer à une certaine autonomie de décision et de gestion de la vie
quotidienne, parfois subitement. La mesure de sauvegarde de justice est parfois mieux vécue. Ce constat
du manque d’information est également vrai pour l es personnes qui pourraient être concernées par ces
mesures prochainement, ou pour les entourages.
La coopération entre les professionnels qui accompagnent les personnes âgées et les acteurs qui
interviennent dans les mesures de protection juridique (juges, tuteurs, curateurs, acteurs de la sauvegarde
de justice) est jugée peu satisfaisante et peu fluide. Les professionnelles en établissement souffrent d’un
manque de connaissances sur le fonctionnement de ces mesures, et ont souvent des difficultés à obteni r
des informations de la part des acteurs concernés. Cela pose de multiples problèmes lors de l’organisation
d’activités collectives au sein des établissements : des personnes résidant dans un établissement ne
peuvent pas participer à une activité impliquant une dépense exceptionnelle (frais liés à un voyage, achat
de vêtements lors d’une journée sur la mode…) parce que le tuteur n’a tout simplement donné aucune
réponse à la sollicitation de l’établissement. Lorsque la réponse parvient et est négative, elle n’est pas
toujours argumentée ou expliquée. Cela occasionne des injustices entre résidents, une incompréhension
pour les personnes concernées, et met les animatrices en porte -à-faux. Les tuteurs sont trop souvent un
« nom dans un dossier » avec lequel il n’y a pas d’interconnaissance. L’interconnaissance semble plus facile
lorsque les tuteurs ou curateurs sont des membres de l’entourage. De plus, très souvent, aucune astreinte
n’est prévue côté organismes de tutelle sur les week -ends et jours fériés, ce qui pose problème dans les
situations d’urgence.
Pistes d’actions :
- Organiser une fois par an une réunion d’information sur ces questions dans les établissements.
- Former une personne référente à ces questions dans chaque établissement du territoire, en lien avec les
acteurs professionnels du champ des mesures de protection.
--- PAGE 14 ---
- Demander aux organismes de tuteurs de prévoir une plateforme téléphonique ou par e-mail joignable en
cas d’urgence les week-ends et jours fériés.
Pour les personnes sous mesure de protection, qu’elles résident en établissement ou au domicile, pour
celles qui pourraient être concernées à l’avenir, pour les professionnels, pour les entourages.
Concernant la réunion : elle serait organisée une fois par an dans chaque établissement du territoire,
ouverte aux personnes qui vivent en-dehors des établissements sur le territoire. Une personne référente à
ces questions serait située dans chaque établissement du territoire.
Objectifs :
- Informer toutes les personnes concernées des droits, démarches, et du fonctionnement de ces mesures
de protection.
- Favoriser une meilleure interconnaissance entre professionnels qui accompagnent les personnes âgées et
professionnels des mesures de protection. Faciliter un contact en cas d’urgence nécessitant une décision
de tutelle rapide.
Moyens :
- Organiser ces réunions en prévoyant l’intervention de professionnels des mesures de protection : juge
des tutelles, tuteurs professionnels, etc.
- Mettre en place un professionnel « référent » par établissement sur ces questions, qui serait formé sur
ces questions et susceptible de répondre à tous les questionnements des résidents, des professionnels, des
personnes de leur entourage. Ce référent pourrait relayer les informations à l ’ensemble de l’équipe
professionnelle.
- Prévoir une plateforme de contact (téléphone ou mail) des organismes de tutelle en cas d’urgence.
- Nombre de réunions qui se sont tenues sur le territoire d’ici un an
- Mise en place de référents ayant bénéficié de formation sur ces sujets dans chaque établissement
- Diminution des situations urgentes problématiques
Humaines : déplacement des intervenants dans le cadre des réunions, temps de travail des « référents »
dans les ét ablissements, prévoir les moyens nécessaires pour la plateforme téléphonique ou e -mail
(personne d’astreinte au sein des organismes de tutelle ?)
Matérielles : rédaction et mise à disposition d’un guide, coordonnée par l’intercommunalité
Information et com munication : communication à prévoir pour l’équipe professionnelle qui organise la
réunion ; prévoir la rédaction et diffusion d’un guide pour chaque établissement avec le contact et les
coordonnées de la personne référente
Financières : organisation logi stique des réunions avec un soutien de l’intercommunalité ; éventuel
défraiement des intervenants lors des réunions"
ToujoursCitoyen_Saynete_Fiche2B.pdf,.pdf,ToujoursCitoyen_Saynete_Fiche2B.txt,1729,336,,"--- PAGE 1 ---
« Toujours citoyen ! Mais comment ? » : ateliers de design citoyen – Pays de Mormal
1
Saynete en appui à la fiche -action n°2B. Mobilité – Occupation
et partage de la voirie
[Le camion arrive devant le théâtre municipal et s’y arrête. Il reste au milieu de la rue
car il n’y a pas de possibilité de place de stationnement dédiée à proximité.]
- Animatrice [au volant] :
o « Nous voilà arrivées au théâtre , Mesdames ! Je
m’arrête ici pour vous descendre une à une du
camion. Je vais devoir rester sur la rue quelques
minutes. Je n’ai pas le choix. Il n’y a pas de place pour
me mettre sur le côté. »
- [L’animatrice descend du camion. Elle ouvre la porte arrière.]
- Animatrice [à l’arrière] :
o « Et voilà, alors je déplie la rampe et puis je vous aide
à descendre d’abord, Mme Lesage. OK pour vous ? »
- Mme Lesage :
o « Oui, oui, ça va. Merci. »
- Animatrice [en descendant Mme Lesage] :
o « Voilà… je vous dépose sur le trottoir, le temps de
descendre Mme Bien-dans-ses-baskets cette fois-ci. »
- Mme Bien-dans-ses-baskets [qui se cache les yeux] :
o « Ouh la la, j’ai peur. Descendre comme ça du camion,
en arrière… avec cette descente en plus… ça me fait
peur. Je ferme les yeux. »
o « Allez, allez, Madame, ça va bien se passer .
On est là. »
- [On entend des coups de klaxon]
- Mme Bien-dans-ses-baskets [stressée] :
o « ah ! C’est quoi ce bruit !!! »
- Un automobiliste pressé qui attend derrière le camion :
o « Vous en avez pour combien de temps ? »
- [Pendant que l’animatrice dépose Mme Bien -dans-ses-baskets sur le trottoir,
Mme Lesage répond à l’automobiliste.]
o « Dites, Monsieur, vous pouvez bien patienter.
Nous aussi, on a le droit d’aller au théâtre !
On peut aller à son rythme quand même… »"
ToujoursCitoyen_support_Fiche1.pdf,.pdf,ToujoursCitoyen_support_Fiche1.txt,3154,549,,"--- PAGE 1 ---
Toujours citoyen!
Mais comment?
Démarche de design citoyen au
Pays de Mormal (59)
Support aux fiches-actions 1A et 1B – Vie sociale
--- PAGE 2 ---
Les enjeux autour de la
vie collective et des liens
sociaux sur le territoire.
De cet atelier, 4 constats!
Constat n °1: On veut changer l’appellation Ehpad.
Constat n °2: A nouvelle vie sociale, nouveaux rythmes de vie.
Constat n °3: La vie en collectivité permet d’avoir des activités sociales appréciées et en respectant l’avis des
résidents .
Constat n
° 4: « On voudrait être mieux considérés par les autorités extérieures. »
--- PAGE 3 ---
Il est temps
d’ouvrir les
yeux!
Ehpad
Constat n ° 1: «On veut changer l’appellation EHPAD.»
Maison de vie!
--- PAGE 4 ---
Constat n°2: A nouvelle vie sociale, nouveaux rythmes
de vie.
• « Comme dans tous les Ehpad , on s’arrange pour vivre ensemble… Et puis je n’ai pas de problèmes! »
• « En établissement on a le souci du bon équilibre entre tous »
• « Nos souhaits sont respectés et nous ne sommes plus seuls! »
• « On ne fait pas à ma place, on m’aide simplement quand j’en ai besoin et on respecte mon choix »
• « Le rythme n’est pas le même qu’à a maison mais j’ai toujours le droit à mes grasses matinées, je suis heureuse de retrouver m es copines en fin de matinée et en
forme »
Le souci du bon équilibre est évoqué. Oui, en établissement c’est une situation nouvelle: ça demande aussi des efforts d’adap tation mais
cela n’est pas une punition, nous sommes là aussi par choix et nous voulons continuer de jouir des mêmes droits.
--- PAGE 5 ---
Constat n°3: La vie en collectivité permet d’avoir des
activités sociales appréciées.
Activités diverses
(LOTO, pétanque, quiz, gym
etc…)
Intergénérationnelle
Famille / Ecoles
Fêter les anniversaires
Lien avec les clubs séniors
Oser s’accorder des escapades
Réunions
Comités des résidents
Projets (ex: ruche pour son avoir son propre miel, création d’un marché en Ehpad
ouvert à tous etc…)
Ouverture des portes
Aux personnes extérieures
Sans préjugés
Activités diverses en extérieurs
Invitation aux événements associatifs
Partage, échange
Lien d’amitié
Sans compter nos idées futures! Maison
De Vie
--- PAGE 6 ---
Constat n°4 : « On voudrait être mieux considéré par
l’extérieur. »
• Avoir toutes les informations et documentations de la commune et des associations.
• Être invités aux festivités.
• Être attendus, accueillis, et qu’il y ait de quoi stationner près de l’événement et s’asseoir!
• Avoir une solution de mobilité (pour les personnes en EHPAD et personnes au domicile ne pouvant plus conduire)
• Avoir la possibilité d’avoir une urne de vote sur place quand on est institutionnalisé pour les personnes pouvant voter. Nous
sommes des citoyens dans vos villes.
• Avoir en main propre le présent de la commune lors des fêtes de Noël et non le déposer à l’accueil puis distribué par les
collaborateurs de la résidence et se mettre également en lien avec la direction afin de connaître nos besoins.
• Il est dommage de ne pas venir vers nous lors des évènements dans nos résidences, la visite des élus s’arrête généralement au x
membres de la direction. Vous êtes pourtant chez nous."
