status;title;url;programme;appel;annee;etat;duree;subvention;financeurs;disciplines;path
rejected;Robots sociaux et prise en charge de la dépendance : enjeux méthodologiques, sanitaires et sociaux;https://iresp.net/projets_finances/15205/;Services, interventions et politiques favorables à la santé;Général - volet Recherche sur les services de santé;2018;En cours;12 mois;45 100,00 €;INSERM;Sociologie / Anthropologie / Santé publique;C:\Users\PC\Desktop\Project_Internship\Index_Insight\temp\iresp_rejected\001_2018_robots_sociaux_et_prise_en_charge_de_la_dependance_enjeux_methodologiques_sanitaires_et_sociaux.txt
accepted;Accepter et résister aux aides. Avoir 75 ans et plus en ville et à la campagne;https://iresp.net/projets_finances/accepter-et-resister-aux-aides-avoir-75-ans-et-plus-en-ville-et-a-la-campagne/;Autonomie;Analyse des politiques de l’autonomie, de l’offre médico-sociale et des besoins des publics;2024;En cours;18 mois;50 000,00;CNSA;Ce projet d'amorçage vise à comprendre de quelle manière les personnes de 75 ans et plus vivant à domicile et faisant face à des limitations dans la vie quotidienne restent à l'écart des aides professionnelles auxquelles elles auraient droit.;C:\Users\PC\Desktop\Project_Internship\Index_Insight\Database\iresp_autonomie_database\001_2024_accepter_et_resister_aux_aides_avoir_75_ans_et_plus_en_ville_et_a_la_campagne.txt
rejected;Accès au soin et indifférence à l’alcool : Etude sur les perceptions, les pratiques et les comportements relatifs à la prise en charge de l’alcool auprès des personnes présentant une consommation d’alcool nocive et des médecins généralistes de ville;https://iresp.net/projets_finances/acces-au-soin-et-indifference-a-lalcool-etude-sur-les-perceptions-les-pratiques-et-les-comportements-relatifs-a-la-prise-en-charge-de-lalcool-aupres-des-personnes-presentant-une-c/;Services, interventions et politiques favorables à la santé;Général - Volet Prévention;2016;Clos;36 mois;60839;MILDECA;Santé publique;C:\Users\PC\Desktop\Project_Internship\Index_Insight\temp\iresp_rejected\002_2016_acces_au_soin_et_indifference_a_l_alcool_etude_sur_les_perceptions_les_pratiques_et_les_comportements_relatifs_a_la_pris.txt
accepted;Accessibilité et Droit à l’espace public des Aînés : une entrée par la Marche;https://iresp.net/projets_finances/accessibilite-et-droit-a-lespace-public-des-aines-une-entree-par-la-marche/;Autonomie;Blanc (session 12);2021;En cours;48 mois;249 566,00 €;CNSA;;C:\Users\PC\Desktop\Project_Internship\Index_Insight\Database\iresp_autonomie_database\002_2021_accessibilite_et_droit_a_l_espace_public_des_aines_une_entree_par_la_marche.txt
accepted;ACCompagnants des MAlades DIagnostiqués Alzheimer;https://iresp.net/projets_finances/accompagnants-des-malades-diagnostiques-alzheimer/;Autonomie;Blanc (session 10);2019;Clos;24 mois;135 359,00 €;CNSA;;C:\Users\PC\Desktop\Project_Internship\Index_Insight\Database\iresp_autonomie_database\003_2019_accompagnants_des_malades_diagnostiques_alzheimer.txt
accepted;Accompagnement à l’Appropriation, l’aUtoGestion et l’édUcation théRapeutique continuE concernant la prévention secondaire du Lesé Médullaire – AUGURE-LME;https://iresp.net/projets_finances/accompagnement-a-lappropriation-lautogestion-et-leducation-therapeutique-continue-concernant-la-prevention-secondaire-du-lese-medullaire-augure-lme/;Autonomie;Blanc (session 13);2022;En cours;30 mois;203 795,00 €;CNSA;1) Médecine Physique et Réadaptation 2) Recherche qualitative sur le handicap et les pratiques éducatives 3) Education thérapeutique du patient 4) Accompagnement social 5) Partenariat patient;C:\Users\PC\Desktop\Project_Internship\Index_Insight\Database\iresp_autonomie_database\004_2022_accompagnement_a_l_appropriation_l_autogestion_et_l_education_therapeutique_continue_concernant_la_prevention_secondaire.txt
rejected;Accompagnement des médecins généralistes au bon usage des antibiotiques par une intervention de feedback sur les prescriptions d’antibiotiques;https://iresp.net/projets_finances/accompagnement-des-medecins-generalistes-au-bon-usage-des-antibiotiques-par-une-intervention-de-feedback-sur-les-prescriptions-dantibiotiques/;Services, interventions et politiques favorables à la santé;Services, interventions et politiques favorables à la santé;2022;En cours;36 mois;249 908,00 €;DGS;"Santé publique ; Evaluation intervention complexe ; Médecine générale ; Infectiologie ; Sciences Humaines et Sociales";C:\Users\PC\Desktop\Project_Internship\Index_Insight\temp\iresp_rejected\003_2022_accompagnement_des_medecins_generalistes_au_bon_usage_des_antibiotiques_par_une_intervention_de_feedback_sur_les_prescri.txt
rejected;Accompagnement et soins personnalisés de la naissance en filière physiologique versus conventionnelle en France: effet sur la santé psychique des couples et la santé de la mère et de l’enfant à 2 ans;https://iresp.net/projets_finances/accompagnement-et-soins-personnalises-de-la-naissance-en-filiere-physiologique-versus-conventionnelle-en-france-effet-sur-la-sante-psychique-des-couples-et-la-sante-de-la-mere-et-de-lenfant-a-2-ans/;Services, interventions et politiques favorables à la santé;Services, interventions et politiques favorables à la santé;2024;En cours;24 mois;143 720,00;Santé Publique France;Santé Publique / Épidémiologie / Maïeutique / Psychologie;C:\Users\PC\Desktop\Project_Internship\Index_Insight\temp\iresp_rejected\004_2024_accompagnement_et_soins_personnalises_de_la_naissance_en_filiere_physiologique_versus_conventionnelle_en_france_effet_su.txt
rejected;Accouchements moins médicalisés : attentes des usagères et pratiques dans les maternités au niveau national;https://iresp.net/projets_finances/accouchements-moins-medicalises-attentes-des-usageres-et-pratiques-dans-les-maternites-au-niveau-national/;Services, interventions et politiques favorables à la santé;Général - volet Recherche sur les services de santé;2017;Clos;36 mois;99 464,00 €;DGS;Epidémiologie;C:\Users\PC\Desktop\Project_Internship\Index_Insight\temp\iresp_rejected\005_2017_accouchements_moins_medicalises_attentes_des_usageres_et_pratiques_dans_les_maternites_au_niveau_national.txt
rejected;Analyse Cartographique et Socio-Economique du non-accès aux Soins en Santé mentale (ACSESS);https://iresp.net/projets_finances/acsess-analyse-cartographique-et-socio-economique-du-non-acces-aux-soins-en-sante-mentale/;Services, interventions et politiques favorables à la santé;Général -Volet Recherche sur les services de santé;2017;Clos;12 mois;49773;CNAMTS;"Géographie de la santé ; Psychiatrie";C:\Users\PC\Desktop\Project_Internship\Index_Insight\temp\iresp_rejected\006_2017_analyse_cartographique_et_socio_economique_du_non_acces_aux_soins_en_sante_mentale_acsess.txt
rejected;Activité physique adaptée en addictologie : étude de la pratique des professionnels et de son appropriation par les usagers;https://iresp.net/projets_finances/activite-physique-adaptee-en-addictologie-etude-de-la-pratique-des-professionnels-et-de-son-appropriation-par-les-usagers/;Addictions;Substances psychoactives et comportements avec pouvoir addictif;2023;En cours;48 mois;542 705,52;Fonds de lutte contre les addictions;Sociologie / anthropologie;C:\Users\PC\Desktop\Project_Internship\Index_Insight\temp\iresp_rejected\007_2023_activite_physique_adaptee_en_addictologie_etude_de_la_pratique_des_professionnels_et_de_son_appropriation_par_les_usager.txt
rejected;Les addictions dans la prévention secondaire des accidents vasculaires cérébraux (ADDICT-STROKE);https://iresp.net/projets_finances/addict-stroke-les-addictions-dans-la-prevention-secondaire-des-accidents-vasculaires-cerebraux/;Addictions;Lutter contre les usages et les addictions aux substances psychoactives;2022;En cours;48 mois;488 734;Fonds de Lutte Contre les Addictions;Epidémiologie clinique, Psychiatrie, Neurologie, Addictologie;C:\Users\PC\Desktop\Project_Internship\Index_Insight\temp\iresp_rejected\008_2022_les_addictions_dans_la_prevention_secondaire_des_accidents_vasculaires_cerebraux_addict_stroke.txt
rejected;ADdictions et Dépression dans la cohorte ConsTances – ADDICT;https://iresp.net/projets_finances/addictions-and-depression-in-the-constances-cohort/;Services, interventions et politiques favorables à la santé;Général - Volet Prévention;2017;Clos;24 mois;84 979,50;MILDECA;"Psychiatrie ; Addictologie ; Epidémiologie";C:\Users\PC\Desktop\Project_Internship\Index_Insight\temp\iresp_rejected\009_2017_addictions_et_depression_dans_la_cohorte_constances_addict.txt
rejected;Addictions et Soins primaires : constitution d’un réseau pluridisciplinaire et d’une branche addictologie pour l’entrepôt de données P4DP;https://iresp.net/projets_finances/addictions-et-soins-primaires-constitution-dun-reseau-pluridisciplinaire-et-dune-branche-addictologie-pour-lentrepot-de-donnees-p4dp/;Addictions;Appel à actions structurantes - Recherche sur les conduites addictives (avec ou sans substances);2024;En cours;36 mois;297 471,00;Fonds de lutte contre les addictions;Soins primaires, Médecine générale, Addictologie, Sciences sociales, Psychologie, Travail Social;C:\Users\PC\Desktop\Project_Internship\Index_Insight\temp\iresp_rejected\010_2024_addictions_et_soins_primaires_constitution_d_un_reseau_pluridisciplinaire_et_d_une_branche_addictologie_pour_l_entrepot_.txt
rejected;ADELY – Traitement de la dépendance à l’alcool avec l’acide lysergique diéthylamide : approche translationnelle et étude clinique d’efficacité;https://iresp.net/projets_finances/adely-traitement-de-la-dependance-a-lalcool-avec-lacide-lysergique-diethylamide-approche-translationnelle-et-etude-clinique-defficacite/;Addictions;Lutter contre les usages de substances psychoactives et les addictions;2021;En cours;48 mois;1 193 440;Fonds de Lutte Contre les Addictions;"Psychiatrie ; Addictologie ; Neurosciences";C:\Users\PC\Desktop\Project_Internship\Index_Insight\temp\iresp_rejected\011_2021_adely_traitement_de_la_dependance_a_l_alcool_avec_l_acide_lysergique_diethylamide_approche_translationnelle_et_etude_cli.txt
rejected;Agir sur l’axe vagal intestin-cerveau pour contrecarrer les dysfonctionnements de la récompense associés aux drogues d’abus.;https://iresp.net/projets_finances/agir-sur-laxe-vagal-intestin-cerveau-pour-contrecarrer-les-dysfonctionnements-de-la-recompense-associes-aux-drogues-dabus/;Addictions;Substances psychoactives et comportements avec pouvoir addictif;2023;En cours;24 mois;149 973,12;Fonds de lutte contre les addictions;Neurosciences/Physiologie Intégrative/Pharmacologie;C:\Users\PC\Desktop\Project_Internship\Index_Insight\temp\iresp_rejected\012_2023_agir_sur_l_axe_vagal_intestin_cerveau_pour_contrecarrer_les_dysfonctionnements_de_la_recompense_associes_aux_drogues_d_a.txt
rejected;Alignement du sommeil et de la prise alimentaire sur les rythmes circadiens pour une santé métabolique et mentale optimale chez les adolescents avec obésité;https://iresp.net/projets_finances/alignement-du-sommeil-et-de-la-prise-alimentaire-sur-les-rythmes-circadiens-pour-une-sante-metabolique-et-mentale-optimale-chez-les-adolescents-avec-obesite/;Services, interventions et politiques favorables à la santé;Services, interventions et politiques favorables à la santé;2024;En cours;36 mois;248 713,00;Santé Publique France;Endocrinologie / Chronobiologie / Psychologie / Neurosciences / Cognition;C:\Users\PC\Desktop\Project_Internship\Index_Insight\temp\iresp_rejected\013_2024_alignement_du_sommeil_et_de_la_prise_alimentaire_sur_les_rythmes_circadiens_pour_une_sante_metabolique_et_mentale_optima.txt
rejected;Alimentation consciente: adaptation d’outils observationnels et interventionnels aux populations françaises générales et vulnérables;https://iresp.net/projets_finances/alimentation-consciente-adaptation-doutils-observationnels-et-interventionnels-aux-populations-francaises-generales-et-vulnerables/;Services, interventions et politiques favorables à la santé;Recherche en santé publique;2020;En cours;36 mois;191 081,00 €;DGS;;C:\Users\PC\Desktop\Project_Internship\Index_Insight\temp\iresp_rejected\014_2020_alimentation_consciente_adaptation_d_outils_observationnels_et_interventionnels_aux_populations_francaises_generales_et_.txt
rejected;ALLIANCE pour la santé : une recherche interventionnelle développant des environnements favorables à la santé autour des élèves des écoles primaires – Véronique REGNIER DENOIS;https://iresp.net/projets_finances/alliance-pour-la-sante-une-recherche-interventionnelle-developpant-des-environnements-favorables-a-la-sante-autour-des-eleves-des-ecoles-primaires/;Services, interventions et politiques favorables à la santé;Services, interventions et politiques favorables à la santé;2021;Clos;24 mois;319 458,00 €;DGS;Educational sciences/ Public Health/ Sociology;C:\Users\PC\Desktop\Project_Internship\Index_Insight\temp\iresp_rejected\015_2021_alliance_pour_la_sante_une_recherche_interventionnelle_developpant_des_environnements_favorables_a_la_sante_autour_des_e.txt
accepted;Amélioration du parcours d’appropriation des dispositifs prothétiques : usages des personnes amputées appareillées, pratiques des soignants et savoirs expérientiels;https://iresp.net/projets_finances/amelioration-du-parcours-dappropriation-des-dispositifs-prothetiques-usages-des-personnes-amputees-appareillees-pratiques-des-soignants-et-savoirs-experientiels/;Autonomie;Blanc (session 10);2019;Clos;36 mois;149 836,00 €;CNSA;;C:\Users\PC\Desktop\Project_Internship\Index_Insight\Database\iresp_autonomie_database\005_2019_amelioration_du_parcours_d_appropriation_des_dispositifs_prothetiques_usages_des_personnes_amputees_appareillees_pratiqu.txt
rejected;Améliorer les résultats de la greffe pulmonaire;https://iresp.net/projets_finances/ameliorer-les-resultats-de-la-greffe-pulmonaire/;MESSIDORE;Méthodologie des essais cliniques innovants, dispositifs, outils et recherches exploitant les données de santé et biobanques;2024;En cours;48 mois;1 064 279,00;INSERM;Pneumologie/ Immunologie / Biologie / Intelligence artificielle / / Bioinformatique;C:\Users\PC\Desktop\Project_Internship\Index_Insight\temp\iresp_rejected\016_2024_ameliorer_les_resultats_de_la_greffe_pulmonaire.txt
rejected;Analyse de la Prévalence des Violences Subies ou Commises par des Patients Souffrant d’Addiction pris en charge dans une structure de soin;https://iresp.net/projets_finances/analyse-de-la-prevalence-des-violences-subies-ou-commises-par-des-patients-souffrant-daddiction-pris-en-charge-dans-une-structure-de-soin/;Addictions;Lutter contre les usages de substances psychoactives et les addictions;2021;En cours;18 mois;50 917;Fonds de Lutte Contre les Addictions;Addictologie;C:\Users\PC\Desktop\Project_Internship\Index_Insight\temp\iresp_rejected\017_2021_analyse_de_la_prevalence_des_violences_subies_ou_commises_par_des_patients_souffrant_d_addiction_pris_en_charge_dans_une.txt
rejected;Analyse de l’élaboration, de la mise en œuvre et des effets de la « taxe soda » appliquée en France depuis Juillet 2018 – Françoise JABOT;https://iresp.net/projets_finances/analyse-de-lelaboration-de-la-mise-en-oeuvre-et-des-effets-de-la-taxe-soda-appliquee-en-france-depuis-juillet-2018/;Services, interventions et politiques favorables à la santé;Général - volet Prévention et promotion de la santé;2018;Clos;48 mois;348 527,00 €;Ligue contre le cancer;;C:\Users\PC\Desktop\Project_Internship\Index_Insight\temp\iresp_rejected\018_2018_analyse_de_l_elaboration_de_la_mise_en_uvre_et_des_effets_de_la_taxe_soda_appliquee_en_france_depuis_juillet_2018_franco.txt
rejected;Analyse des parcours de soins des sujets atteints de Maladie d’Alzheimer et syndrome apparentés (MASA) en France dans les bases de données médico-administratives de 2012 à 2017 : approche longitudinale (PATH – FRADEM);https://iresp.net/projets_finances/analyse-des-parcours-de-soins-des-sujets-atteints-de-maladie-dalzheimer-et-syndrome-apparentes-masa-en-france-dans-les-bases-de-donnees-medico-administratives-de-2012-a-2017-approche-long/;Services, interventions et politiques favorables à la santé;Général -Volet Recherche sur les services de santé;2017;En cours;18 mois;84833;CNAMTS;"Santé Publique ; Economie de la santé ; Médecine interne ; Gériatrie ; Neurologie ; Soins infirmiers";C:\Users\PC\Desktop\Project_Internship\Index_Insight\temp\iresp_rejected\019_2017_analyse_des_parcours_de_soins_des_sujets_atteints_de_maladie_d_alzheimer_et_syndrome_apparentes_masa_en_france_dans_les_.txt
accepted;Analyse des parcours de vie des personnes avec TSA suivies par le dispositif SCATED en Ile-de-France depuis sa création;https://iresp.net/projets_finances/analyse-des-parcours-de-vie-des-personnes-avec-tsa-suivies-par-le-dispositif-scated-en-ile-de-france-depuis-sa-creation/;Autonomie;Autisme (session 3);2016;Clos;24 mois;140 550€;CNSA;"Psychiatrie ; Sociologie";C:\Users\PC\Desktop\Project_Internship\Index_Insight\Database\iresp_autonomie_database\006_2016_analyse_des_parcours_de_vie_des_personnes_avec_tsa_suivies_par_le_dispositif_scated_en_ile_de_france_depuis_sa_creation.txt
accepted;Analyse des profils et des parcours des personnes vivants dans le grande Précarité Âgée;https://iresp.net/projets_finances/analyse-des-profils-et-des-parcours-des-personnes-vivants-dans-le-grande-precarite-agee/;Autonomie;Analyse des politiques de l’autonomie, de l’offre médico-sociale et des besoins des publics;2024;En cours;36 mois;137 925,00;CNSA;Epidémiologie, santé publique, sciences sociale;C:\Users\PC\Desktop\Project_Internship\Index_Insight\Database\iresp_autonomie_database\007_2024_analyse_des_profils_et_des_parcours_des_personnes_vivants_dans_le_grande_precarite_agee.txt
rejected;Analyses des trajectoires développementales pour prédire l’évolution des troubles psychiatriques;https://iresp.net/projets_finances/analyses-des-trajectoires-developpementales-pour-predire-levolution-des-troubles-psychiatriques/;MESSIDORE;Méthodologie des essais cliniques innovants, dispositifs, outils et recherches exploitant les données de santé et biobanques;2024;En cours;36 mois;850 973,00;INSERM;Psychiatry - Mental Health / Neurosciences / Data sciences;C:\Users\PC\Desktop\Project_Internship\Index_Insight\temp\iresp_rejected\020_2024_analyses_des_trajectoires_developpementales_pour_predire_l_evolution_des_troubles_psychiatriques.txt
accepted;Analyses situées des tensions entre aides humaines et aides techniques;https://iresp.net/projets_finances/analyses-situees-des-tensions-entre-aides-humaines-et-aides-techniques/;Autonomie;Blanc (session 8);2017;Clos;18 mois;124 554,00 €;CNSA;Sociologie;C:\Users\PC\Desktop\Project_Internship\Index_Insight\Database\iresp_autonomie_database\008_2017_analyses_situees_des_tensions_entre_aides_humaines_et_aides_techniques.txt
rejected;Exposition au tabac in utero et trajectoires pulmonaires de l’enfance à l’âge adulte : impact sur la régénération alvéolaire (ANTETAB);https://iresp.net/projets_finances/antetab-exposition-au-tabac-in-utero-et-trajectoires-pulmonaires-de-lenfance-a-lage-adulte-impact-sur-la-regeneration-alveolaire/;Addictions;Lutter contre les usages et les addictions aux substances psychoactives;2022;En cours;36 mois;431 800;Fonds de Lutte Contre les Addictions;Médecine néonatale, Pneumologie;C:\Users\PC\Desktop\Project_Internship\Index_Insight\temp\iresp_rejected\021_2022_exposition_au_tabac_in_utero_et_trajectoires_pulmonaires_de_l_enfance_a_l_age_adulte_impact_sur_la_regeneration_alveolai.txt
accepted;Appels d’urgence en multimodalité pour des personnes aphasiques;https://iresp.net/projets_finances/appels-durgence-en-multimodalite-pour-des-personnes-aphasiques/;Autonomie;Blanc (session 11);2020;Clos;36 mois;291 439,00 €;CNSA;;C:\Users\PC\Desktop\Project_Internship\Index_Insight\Database\iresp_autonomie_database\009_2020_appels_d_urgence_en_multimodalite_pour_des_personnes_aphasiques.txt
accepted;Apport des semelles connectées à l’autonomisation dans la rééducation : apprentissages, pratiques et vécus de l’utilisations d’objets connectés pour la rééducation à la marche avec prothèse par les patients amputés du membre inférieur;https://iresp.net/projets_finances/apport-des-semelles-connectees-a-lautonomisation-dans-la-reeducation-apprentissages-pratiques-et-vecus-de-lutilisations-dobjets-connectes-pour-la-reeducation-a-la-marche/;Autonomie;Blanc (session 10);2019;Clos;36 mois;149 989,00 €;CNSA;;C:\Users\PC\Desktop\Project_Internship\Index_Insight\Database\iresp_autonomie_database\010_2019_apport_des_semelles_connectees_a_l_autonomisation_dans_la_reeducation_apprentissages_pratiques_et_vecus_de_l_utilisation.txt
rejected;Apprendre à adapter son logement pour prévenir la chute au domicile : recherche collaborative en milieu HLM ciblant des personnes âgées concernées par la chute (EducPAlog);https://iresp.net/projets_finances/apprendre-a-adapter-son-logement-pour-prevenir-la-chute-au-domicile-recherche-collaborative-en-milieu-hlm-ciblant-des-personnes-agees-concernees-par-la-chute/;Services, interventions et politiques favorables à la santé;Général - Volet Prévention;2016;Clos;16 mois;49978;DGS;"Sciences de l’éducation ; Santé publique ; Gériatrie";C:\Users\PC\Desktop\Project_Internship\Index_Insight\temp\iresp_rejected\022_2016_apprendre_a_adapter_son_logement_pour_prevenir_la_chute_au_domicile_recherche_collaborative_en_milieu_hlm_ciblant_des_pe.txt
rejected;Apprendre à décider: une perspective neurocognitive chez le Rat / Noradrénaline préfrontale comme facilitateur de la flexibilité comportementale;https://iresp.net/projets_finances/apprendre-a-decider-une-perspective-neurocognitive-chez-le-rat-noradrenaline-prefrontale-comme-facilitateur-de-la-flexibilite-comportementale/;Addictions;Conduites Addictives et Drogues : Prévention, Mécanismes, Repérage et Accompagnement;2024;En cours;12 mois;50 027,00;Fonds de lutte contre les addictions;;C:\Users\PC\Desktop\Project_Internship\Index_Insight\temp\iresp_rejected\023_2024_apprendre_a_decider_une_perspective_neurocognitive_chez_le_rat_noradrenaline_prefrontale_comme_facilitateur_de_la_flexib.txt
rejected;Approche épistémologique et éthique de l’éducation thérapeutique dans le champ de la maladie de Parkinson : savoirs transmis, finalités, usages – (ÉTHÉ);https://iresp.net/projets_finances/approche-epistemologique-et-ethique-de-leducation-therapeutique-dans-le-champ-de-la-maladie-de-parkinson-savoirs-transmis-finalites-usages-ethe/;Services, interventions et politiques favorables à la santé;Général -Volet Recherche sur les services de santé;2017;Clos;18 mois;76520;INSERM;Philosophie;C:\Users\PC\Desktop\Project_Internship\Index_Insight\temp\iresp_rejected\024_2017_approche_epistemologique_et_ethique_de_l_education_therapeutique_dans_le_champ_de_la_maladie_de_parkinson_savoirs_transm.txt
rejected;Approche neuropsychologique de la pratique de jeux vidéo commerciaux : perspectives et limites;https://iresp.net/projets_finances/approche-neuropsychologique-de-la-pratique-de-jeux-video-commerciaux-perspectives-et-limites/;Addictions;Conduites Addictives et Drogues : Prévention, Mécanismes, Repérage et Accompagnement;2024;En cours;36 mois;160 384,00;Fonds de lutte contre les addictions;;C:\Users\PC\Desktop\Project_Internship\Index_Insight\temp\iresp_rejected\025_2024_approche_neuropsychologique_de_la_pratique_de_jeux_video_commerciaux_perspectives_et_limites.txt
rejected;Approches Efficaces d’Apprentissage Profond pour la Détection Rapide et Interprétable des Arythmies Mortelles dans les Données ECG;https://iresp.net/projets_finances/approches-efficaces-dapprentissage-profond-pour-la-detection-rapide-et-interpretable-des-arythmies-mortelles-dans-les-donnees-ecg/;MESSIDORE;Méthodologie des essais cliniques innovants, dispositifs, outils et recherches exploitant les données de santé et biobanques;2024;En cours;48 mois;1 199 253,00;INSERM;Artificial Intelligence / Cardiovascular Diseases / Electrophysiology / Health Data and Biobanks / Personalized Medicine;C:\Users\PC\Desktop\Project_Internship\Index_Insight\temp\iresp_rejected\026_2024_approches_efficaces_d_apprentissage_profond_pour_la_detection_rapide_et_interpretable_des_arythmies_mortelles_dans_les_d.txt
rejected;APROCHES – Les Addictions dans le PROgramme « Un CHEz Soi d’abord »;https://iresp.net/projets_finances/aproches-les-addictions-dans-le-programme-un-chez-soi-dabord/;Services, interventions et politiques favorables à la santé;Général - Volet Prévention;2016;Clos;12 mois;99689,90;MILDECA;"Psychiatrie ; Santé publique ; Epidémiologie ; Sciences sociales ; Sociologie";C:\Users\PC\Desktop\Project_Internship\Index_Insight\temp\iresp_rejected\027_2016_aproches_les_addictions_dans_le_programme_un_chez_soi_d_abord.txt
rejected;Assembler, Coordonner, COmprendre, Rechercher, Débattre en soins primaires (ACCORD) – Olivier SAINT LARY;https://iresp.net/projets_finances/assembler-coordonner-comprendre-rechercher-debattre-en-soins-primaires-accord/;Services, interventions et politiques favorables à la santé;Général - volet Recherche sur les services de santé;2018;Clos;12 mois;50 000,00 €;CNAM;None;C:\Users\PC\Desktop\Project_Internship\Index_Insight\temp\iresp_rejected\028_2018_assembler_coordonner_comprendre_rechercher_debattre_en_soins_primaires_accord_olivier_saint_lary.txt
accepted;Assignation à résidence. Handicaps, trajectoires résidentielles et politiques publiques – Pierre Yves Baudot;https://iresp.net/projets_finances/assignation-a-residence-handicaps-trajectoires-residentielles-et-politiques-publiques/;Autonomie;Blanc (session 11);2020;Clos;24 mois;141 825,00 €;CNSA;None;C:\Users\PC\Desktop\Project_Internship\Index_Insight\Database\iresp_autonomie_database\011_2020_assignation_a_residence_handicaps_trajectoires_residentielles_et_politiques_publiques_pierre_yves_baudot.txt
rejected;Ateliers de pratiques narratives en santé : Des leviers d’éducation en santé pour les personnes en situation d’exclusion;https://iresp.net/projets_finances/ateliers-de-pratiques-narratives-en-sante-des-leviers-deducation-en-sante-pour-les-personnes-en-situation-dexclusion/;Services, interventions et politiques favorables à la santé;Services, interventions et politiques favorables à la santé;2024;En cours;36 mois;249 495,00;Santé Publique France;Médecine / Littérature / Philosophie / Arts Visuels / Éthique;C:\Users\PC\Desktop\Project_Internship\Index_Insight\temp\iresp_rejected\029_2024_ateliers_de_pratiques_narratives_en_sante_des_leviers_d_education_en_sante_pour_les_personnes_en_situation_d_exclusion.txt
accepted;Attractivité professionnelle en EHPAD : le rôle du visuel et de l’environnement.;https://iresp.net/projets_finances/attractivite-professionnelle-en-ehpad-le-role-du-visuel-et-de-lenvironnement/;Autonomie;Blanc;2024;En cours;36 mois;155 691,00;CNSA;Psychologie, Gérontologie, Sociologie, Architecture;C:\Users\PC\Desktop\Project_Internship\Index_Insight\Database\iresp_autonomie_database\012_2024_attractivite_professionnelle_en_ehpad_le_role_du_visuel_et_de_l_environnement.txt
accepted;AutiSport : Identifier les freins et les leviers sociaux à la participation sportive des personnes ayant un trouble du spectre de l’autisme lors du passage à l’âge adulte.;https://iresp.net/projets_finances/autisport-identifier-les-freins-et-les-leviers-sociaux-a-la-participation-sportive-des-personnes-ayant-un-trouble-du-spectre-de-lautisme-lors-du-passage-a-lage-adulte/;Autonomie;Autisme et Sciences Humaines et Sociales (session 3);2022;En cours;36 mois;136 190,02 €;CNSA;;C:\Users\PC\Desktop\Project_Internship\Index_Insight\Database\iresp_autonomie_database\013_2022_autisport_identifier_les_freins_et_les_leviers_sociaux_a_la_participation_sportive_des_personnes_ayant_un_trouble_du_spe.txt
accepted;Autonomie du sujet âgé : Ses différents modes d’évaluation et ses relations avec la solitude.;https://iresp.net/projets_finances/autonomie-du-sujet-age-ses-differents-modes-devaluation-et-ses-relations-avec-la-solitude/;Autonomie;Dispositif Doctoral du programme Autonomie;2023;En cours;36 mois;139 776,00 €;CNSA;Psycho-épidémiologie;C:\Users\PC\Desktop\Project_Internship\Index_Insight\Database\iresp_autonomie_database\014_2023_autonomie_du_sujet_age_ses_differents_modes_d_evaluation_et_ses_relations_avec_la_solitude.txt
accepted;Avoir une vie « normale » dans l’expérience de la maladie chronique, du handicap et du vieillissement : épreuve personnelle, enjeu social et clinique (NORMAVI);https://iresp.net/projets_finances/avoir-une-vie-normale-dans-lexperience-de-la-maladie-chronique-du-handicap-et-du-vieillissement-epreuve-personnelle-enjeu-social-et-clinique-normavi/;Autonomie;Blanc (session 8);2017;Clos;12 mois;34500€;CNSA;Philosophie;C:\Users\PC\Desktop\Project_Internship\Index_Insight\Database\iresp_autonomie_database\015_2017_avoir_une_vie_normale_dans_l_experience_de_la_maladie_chronique_du_handicap_et_du_vieillissement_epreuve_personnelle_enj.txt
rejected;BABET – BAclofene pour soutenir la titration des benzodiazépines dans les troubles liés à l’utilisation des benzodiazépines;https://iresp.net/projets_finances/babet-baclofene-pour-soutenir-la-titration-des-benzodiazepines-dans-les-troubles-lies-a-lutilisation-des-benzodiazepines/;Addictions;Lutter contre les usages de substances psychoactives et les addictions;2021;En cours;48 mois;415 720;Fonds de Lutte Contre les Addictions;"Addictologie ; Pharmacologie";C:\Users\PC\Desktop\Project_Internship\Index_Insight\temp\iresp_rejected\030_2021_babet_baclofene_pour_soutenir_la_titration_des_benzodiazepines_dans_les_troubles_lies_a_l_utilisation_des_benzodiazepine.txt
rejected;Balance bénéfice-risque des thérapies avancées dans les maladies inflammatoires chroniques intestinales : développement et validation d’un modèle basé sur plusieurs sources de données de vie réelle;https://iresp.net/projets_finances/balance-benefice-risque-des-therapies-avancees-dans-les-maladies-inflammatoires-chroniques-intestinales-developpement-et-validation-dun-modele-base-sur-plusieurs-sources-de-donnees-de-vie-r/;MESSIDORE;Méthodologie des essais cliniques innovants, dispositifs, outils et recherches exploitant les données de santé et biobanques;2023;En cours;48 mois;762 996,00 €;INSERM;Pharmaco-épidémiologie / Méthodologie / Gastro-entérologie / Intelligence artificielle;C:\Users\PC\Desktop\Project_Internship\Index_Insight\temp\iresp_rejected\031_2023_balance_benefice_risque_des_therapies_avancees_dans_les_maladies_inflammatoires_chroniques_intestinales_developpement_et.txt
accepted;Bien-être des parents d’enfants ayant un trouble du spectre de l’autisme : études comparatives interculturelle et inter-trouble;https://iresp.net/projets_finances/bien-etre-des-parents-denfants-ayant-un-trouble-du-spectre-de-lautisme-etudes-comparatives-interculturelle-et-inter-trouble/;Autonomie;Autisme et sciences humaines et sociales (session 2);2021;En cours;36 mois;148 746,00 €;CNSA;None;C:\Users\PC\Desktop\Project_Internship\Index_Insight\Database\iresp_autonomie_database\016_2021_bien_etre_des_parents_d_enfants_ayant_un_trouble_du_spectre_de_l_autisme_etudes_comparatives_interculturelle_et_inter_tr.txt
rejected;Biomarqueurs de la maladie d’Alzheimer dans le Syndrome de Korsakoff;https://iresp.net/projets_finances/biomarqueurs-de-la-maladie-dalzheimer-dans-le-syndrome-de-korsakoff/;Addictions;Conduites Addictives et Drogues;2024;En cours;48 mois;304 398,00;Fonds de lutte contre les addictions;Neuropsychologie/Neuroimagerie/Biologie/Addiction;C:\Users\PC\Desktop\Project_Internship\Index_Insight\temp\iresp_rejected\032_2024_biomarqueurs_de_la_maladie_d_alzheimer_dans_le_syndrome_de_korsakoff.txt
rejected;BPCO incidente : trajectoire du sevrage tabagique et impact sur la santé respiratoire;https://iresp.net/projets_finances/bpco-incidente-trajectoire-du-sevrage-tabagique-et-impact-sur-la-sante-respiratoire/;Addictions;Appel à projets de recherche et d’intervention pour réduire et lutter contre le tabagisme;2018;En cours;36 mois;107 937;Fonds de Lutte Contre le Tabac;Médecine;C:\Users\PC\Desktop\Project_Internship\Index_Insight\temp\iresp_rejected\033_2018_bpco_incidente_trajectoire_du_sevrage_tabagique_et_impact_sur_la_sante_respiratoire.txt
accepted;CAP-APPA – Coordinations pour l’Activité Physique Adaptée à la Prévention de la Perte d’Autonomie des personnes âgées;https://iresp.net/projets_finances/cap-appa-coordinations-pour-lactivite-physique-adaptee-a-la-prevention-de-la-perte-dautonomie-des-personnes-agees/;Autonomie;Blanc (session 13);2022;Clos;12 mois;49 680,00 €;CNSA;Sciences sociales: santé publique, sociologie, psychologie, psychosociologie, sciences juridiques, épidémiologie;C:\Users\PC\Desktop\Project_Internship\Index_Insight\Database\iresp_autonomie_database\017_2022_cap_appa_coordinations_pour_l_activite_physique_adaptee_a_la_prevention_de_la_perte_d_autonomie_des_personnes_agees.txt
rejected;ChecKnow : Evaluation du déploiement et de l’efficacité de l’analyse de drogues en France;https://iresp.net/projets_finances/checknow-evaluation-du-deploiement-et-de-lefficacite-de-lanalyse-de-drogues-en-france/;Addictions;Lutter contre les usages de substances psychoactives et les addictions;2021;En cours;36 mois;206 287;Fonds de Lutte Contre les Addictions;"Médecine ; Santé publique ; Toxicologie (analyse des drogues)";C:\Users\PC\Desktop\Project_Internship\Index_Insight\temp\iresp_rejected\034_2021_checknow_evaluation_du_deploiement_et_de_l_efficacite_de_l_analyse_de_drogues_en_france.txt
rejected;Chômage, alimentation et habitudes de vie dans Constances;https://iresp.net/projets_finances/chomage-alimentation-et-habitudes-de-vie-dans-constances/;Services, interventions et politiques favorables à la santé;Général - volet Prévention;2017;Clos;36 mois;50 100,00 €;MILDECA;Sociologie / Epidémiologie / Biostatistiques;C:\Users\PC\Desktop\Project_Internship\Index_Insight\temp\iresp_rejected\035_2017_chomage_alimentation_et_habitudes_de_vie_dans_constances.txt
rejected;Cinétique de croissance précoce : déterminants et liens avec la santé ultérieure dans les cohortes de naissance EDEN et Elfe (EarlyGrowth);https://iresp.net/projets_finances/cinetique-de-croissance-precoce-determinants-et-liens-avec-la-sante-ulterieure-dans-les-cohortes-de-naissance-eden-et-elfe/;Services, interventions et politiques favorables à la santé;Général - Volet Prévention;2016;Clos;30 mois;100100;DGS;"Epidémiologie ; Biostatistiques ; Pédiatrie";C:\Users\PC\Desktop\Project_Internship\Index_Insight\temp\iresp_rejected\036_2016_cinetique_de_croissance_precoce_determinants_et_liens_avec_la_sante_ulterieure_dans_les_cohortes_de_naissance_eden_et_el.txt
accepted;Co-construction d’une Éducation Thérapeutique du patient dans une démarche de recherche communautaire avec des patients APhasiques Et leurs aidantS (ETAPES);https://iresp.net/projets_finances/co-construction-dune-deducation-therapeutique-du-patient-dans-une-demarche-de-recherche-communautaire-avec-des-patients-aphasiques-et-leurs-aidants-etapes/;Autonomie;Blanc (session 12);2021;Clos;24 mois;128 962,00 €;CNSA;;C:\Users\PC\Desktop\Project_Internship\Index_Insight\Database\iresp_autonomie_database\018_2021_co_construction_d_une_education_therapeutique_du_patient_dans_une_demarche_de_recherche_communautaire_avec_des_patients_.txt
accepted;Co-construction, expérimentation et validation d’un questionnaire de mesure de la Qualité de Vie et des Conditions de Travail des professionnels exerçant dans le secteur du Handicap;https://iresp.net/projets_finances/co-construction-experimentation-et-validation-dun-questionnaire-de-mesure-de-la-qualite-de-vie-et-des-conditions-de-travail-des-professionnels-exercant-dans-le-secteur-du-handicap/;Autonomie;Analyse des politiques de l’autonomie, de l’offre médico-sociale et des besoins des publics;2024;En cours;18 mois;106 511,00;CNSA;Sciences de gestion, Sociologie du travail, Psychologie du travail, Psychométrie,Gestion des ressources humaines;C:\Users\PC\Desktop\Project_Internship\Index_Insight\Database\iresp_autonomie_database\019_2024_co_construction_experimentation_et_validation_d_un_questionnaire_de_mesure_de_la_qualite_de_vie_et_des_conditions_de_tra.txt
rejected;Co-usage de tabac-cannabis chez les jeunes adultes : explorer les trajectoires, pratiques, perceptions et attentes;https://iresp.net/projets_finances/co-usage-de-tabac-cannabis-chez-les-jeunes-adultes-explorer-les-trajectoires-pratiques-perceptions-et-attentes/;Addictions;Substances psychoactives et comportements avec pouvoir addictif;2023;En cours;36 mois;168 175,00;Fonds de lutte contre les addictions;Sciences humaines et sociales / Santé publique;C:\Users\PC\Desktop\Project_Internship\Index_Insight\temp\iresp_rejected\037_2023_co_usage_de_tabac_cannabis_chez_les_jeunes_adultes_explorer_les_trajectoires_pratiques_perceptions_et_attentes.txt
accepted;Collaborations professionnelles et solidarités au travail dans les Etablissements d’Hébergement pour Personnes Agées Dépendantes : une interrogation au prisme de la crise sanitaire;https://iresp.net/projets_finances/collaborations-professionnelles-et-solidarites-au-travail-dans-les-etablissements-dhebergement-pour-personnes-agees-dependantes-une-interrogation-au-prisme-de-la-crise-sanitaire/;Autonomie;Établissements, services et transformation de l'offre médico-sociale (session 2);2020;Clos;24 mois;107 065,00 €;CNSA;;C:\Users\PC\Desktop\Project_Internship\Index_Insight\Database\iresp_autonomie_database\020_2020_collaborations_professionnelles_et_solidarites_au_travail_dans_les_etablissements_d_hebergement_pour_personnes_agees_dep.txt
rejected;Elaboration d’outils collaboratifs de réduction des risques en pathologies duelle pour des personnes accueillies sur des dispositifs de type un chez soi d’abord (COLOC PAIRR UCSA);https://iresp.net/projets_finances/coloc-pairr-ucsa-elaboration-doutils-collaboratifs-de-reduction-des-risques-en-pathologies-duelle-pour-des-personnes-accueillies-sur-des-dispositifs-de-type-un-chez-soi-dabord/;Addictions;Lutter contre les usages et les addictions aux substances psychoactives;2022;Clos;12 mois;50 000;Fonds de Lutte Contre les Addictions;Addictologie, Psychiatrie;C:\Users\PC\Desktop\Project_Internship\Index_Insight\temp\iresp_rejected\038_2022_elaboration_d_outils_collaboratifs_de_reduction_des_risques_en_pathologies_duelle_pour_des_personnes_accueillies_sur_des.txt
accepted;COMMENT REDONNER LE PLAISIR DE MANGER A LA PERSONNE AGEE DEPENDANTE;https://iresp.net/projets_finances/comment-redonner-le-plaisir-de-manger-a-la-personne-agee-dependante/;Autonomie;Les établissements et services médico-sociaux pour personnes âgées en perte d’autonomie et personnes handicapées;2018;Clos;36 mois;150 000,00 €;CNSA;;C:\Users\PC\Desktop\Project_Internship\Index_Insight\Database\iresp_autonomie_database\021_2018_comment_redonner_le_plaisir_de_manger_a_la_personne_agee_dependante.txt
accepted;Communauté de recherche mixte sur les déficiences visuelles;https://iresp.net/projets_finances/communaute-de-recherche-mixte-sur-les-deficiences-visuelles/;Autonomie;Soutien aux communautés mixtes de recherche;2023;En cours;48 mois;248 877,00 €;CNSA;Ergonomie, Psychologie, Sciences de l'éducation, Informatique, Sciences cognitives;C:\Users\PC\Desktop\Project_Internship\Index_Insight\Database\iresp_autonomie_database\022_2023_communaute_de_recherche_mixte_sur_les_deficiences_visuelles.txt
accepted;Communauté mixte de recherche « Santé mentale-Handicap psychique » Bretagne;https://iresp.net/projets_finances/communaute-mixte-de-recherche-sante-mentale-handicap-psychique-bretagne/;Autonomie;Soutien à la structuration de communauté mixte de recherche (session 3);2022;En cours;36 mois;190 929,00 €;CNSA;sociologie, géographie de la santé, science politique;C:\Users\PC\Desktop\Project_Internship\Index_Insight\Database\iresp_autonomie_database\023_2022_communaute_mixte_de_recherche_sante_mentale_handicap_psychique_bretagne.txt
accepted;Communication, Expression, Lecture, Ecriture pour les Personnes Autistes dites à bas niveau de fonctionnement – Recherche participative avec création d’un outil de sciences citoyennes;https://iresp.net/projets_finances/communication-expression-lecture-ecriture-pour-les-personnes-autistes-dites-a-bas-niveau-de-fonctionnement-recherche-participative-avec-creation-dun-outil-de-sciences-citoyennes/;Autonomie;Autisme et sciences humaines et sociales (session 1);2020;En cours;48 mois;246 857,00 €;CNSA;;C:\Users\PC\Desktop\Project_Internship\Index_Insight\Database\iresp_autonomie_database\024_2020_communication_expression_lecture_ecriture_pour_les_personnes_autistes_dites_a_bas_niveau_de_fonctionnement_recherche_par.txt
accepted;Communication numérique en contexte de surdité : le cas des pilotes sourds;https://iresp.net/projets_finances/communication-numerique-en-contexte-de-surdite-le-cas-des-pilotes-sourds/;Autonomie;Blanc (session 9);2018;Clos;36 mois;148 841,00 €;CNSA;None;C:\Users\PC\Desktop\Project_Internship\Index_Insight\Database\iresp_autonomie_database\025_2018_communication_numerique_en_contexte_de_surdite_le_cas_des_pilotes_sourds.txt
rejected;Comparaison d’un suivi en filière physiologique, avec prise en charge globale et personnalisée des couples en périnatalité, versus suivi en filière conventionnelle, sur l’établissement précoce de la relation mère-enfant, le vécu de l’accouchement et;https://iresp.net/projets_finances/comparaison-dun-suivi-en-filiere-physiologique-avec-prise-en-charge-globale-et-personnalisee-des-couples-en-perinatalite-versus-suivi-en-filiere-conventionnelle-sur-letablissement/;Services, interventions et politiques favorables à la santé;Recherche en santé publique;2020;Clos;31 mois;307 473,00 €;DGS;;C:\Users\PC\Desktop\Project_Internship\Index_Insight\temp\iresp_rejected\039_2020_comparaison_d_un_suivi_en_filiere_physiologique_avec_prise_en_charge_globale_et_personnalisee_des_couples_en_perinatalit.txt
accepted;Comparaison et changement dans le financement des aides techniques pour les personnes handicapées – une étude internationale;https://iresp.net/projets_finances/comparaison-et-changement-dans-le-financement-des-aides-techniques-pour-les-personnes-handicapees-une-etude-internationale/;Autonomie;Blanc (session 10);2019;Clos;24 mois;147 860,00 €;CNSA;;C:\Users\PC\Desktop\Project_Internship\Index_Insight\Database\iresp_autonomie_database\026_2019_comparaison_et_changement_dans_le_financement_des_aides_techniques_pour_les_personnes_handicapees_une_etude_internationa.txt
rejected;ComPaRe Addictions : une e-cohorte nationale d’usagers de substances nichée dans la plateforme de recherche collaborative ComPaRe;https://iresp.net/projets_finances/compare-addictions/;Addictions;Lutter contre les usages et les addictions aux substances psychoactives;2022;En cours;36 mois;337 437;Fonds de Lutte Contre les Addictions;Santé Publique, Epidémiologie, Sciences sociales, Neurosciences, Psychiatrie, Psychologie, Neuropsychologie;C:\Users\PC\Desktop\Project_Internship\Index_Insight\temp\iresp_rejected\040_2022_compare_addictions_une_e_cohorte_nationale_d_usagers_de_substances_nichee_dans_la_plateforme_de_recherche_collaborative_.txt
rejected;Approches statistiques complexes pour modéliser et quantifier l’impact de l’exposition aux médicaments à partir de données médico-administratives : application à la grossesse;https://iresp.net/projets_finances/complex-statistical-approaches-for-modelling-and-quantifying-the-impact-of-drug-exposure-from-medico-administrative-data-application-to-pregnancy/;Services, interventions et politiques favorables à la santé;Général - Volet Prévention;2017;Clos;36 mois;99 990,00;CNAMTS;"Biostatistique ; Pharmaco-épidémiologie ;";C:\Users\PC\Desktop\Project_Internship\Index_Insight\temp\iresp_rejected\041_2017_approches_statistiques_complexes_pour_modeliser_et_quantifier_l_impact_de_l_exposition_aux_medicaments_a_partir_de_donne.txt
rejected;Compréhension de la singularité psychique des sujets adultes à Haut Potentiel Intellectuel face aux conduites addictives et nouvelles pistes de prise en charge;https://iresp.net/projets_finances/comprehension-de-la-singularite-psychique-des-sujets-adultes-a-haut-potentiel-intellectuel-face-aux-conduites-addictives-et-nouvelles-pistes-de-prise-en-charge/;Addictions;Recherches pour lutter contre les usages de substances psychoactives et les addictions;2020;En cours;36 mois;;Fonds de Lutte Contre les Addictions;Psychologie;C:\Users\PC\Desktop\Project_Internship\Index_Insight\temp\iresp_rejected\042_2020_comprehension_de_la_singularite_psychique_des_sujets_adultes_a_haut_potentiel_intellectuel_face_aux_conduites_addictives.txt
rejected;COmprendre et favoriser les changements de COmportements NUTritionnels des étudiant(e)s;https://iresp.net/projets_finances/comprendre-et-favoriser-les-changements-de-comportements-nutritionnels-des-etudiantes/;Services, interventions et politiques favorables à la santé;Services, interventions et politiques favorables à la santé;2022;En cours;18 mois;99 684,00 €;DGS;Nutrition / Epidemiologie / Santé Publique / Promotion de la santé;C:\Users\PC\Desktop\Project_Internship\Index_Insight\temp\iresp_rejected\043_2022_comprendre_et_favoriser_les_changements_de_comportements_nutritionnels_des_etudiant_e_s.txt
rejected;Comprendre les changements d’implication des médecins généralistes dans la prise en charge en soins premiers des patients ayant un trouble de l’usage des opioïdes (Impli-MG-TUO) – Julie Dupouy;https://iresp.net/projets_finances/comprendre-les-changements-dimplication-des-medecins-generalistes-dans-la-prise-en-charge-en-soins-premiers-des-patients-ayant-un-trouble-de-lusage-des-opioides-impli-mg-tuo/;Addictions;Lutte contre les addictions aux substances psychoactives;2019;Clos;24 mois;99870;Fonds de Lutte Contre les Addictions;"Médecine générale ; Épidémiologie ; Sociologie";C:\Users\PC\Desktop\Project_Internship\Index_Insight\temp\iresp_rejected\044_2019_comprendre_les_changements_d_implication_des_medecins_generalistes_dans_la_prise_en_charge_en_soins_premiers_des_patient.txt
rejected;Comprendre les stratégies d’apprentissages réalisées par les internautes sur les forums de santé dédiés aux maladies chroniques : quelles implications pour l’éducation thérapeutique du patient ? (StrApForaMaChro);https://iresp.net/projets_finances/comprendre-les-strategies-dapprentissages-realisees-par-les-internautes-sur-les-forums-de-sante-dedies-aux-maladies-chroniques-quelles-implications-pour-leducation-therapeutique-du-patien/;Services, interventions et politiques favorables à la santé;Général - Volet Recherche sur les services de santé;2016;Clos;12 mois;31775;CNAMTS;"Sciences de l’éducation ; Santé publique";C:\Users\PC\Desktop\Project_Internship\Index_Insight\temp\iresp_rejected\045_2016_comprendre_les_strategies_d_apprentissages_realisees_par_les_internautes_sur_les_forums_de_sante_dedies_aux_maladies_chr.txt
rejected;Comprendre l’Hésitation Vaccinale anti-HPV – COHEVA;https://iresp.net/projets_finances/comprendre-lhesitation-vaccinale-anti-hpv-coheva/;Services, interventions et politiques favorables à la santé;Général - Volet Prévention;2017;Clos;24 mois;196 819,20;Plan Cancer;"Economie ; Sociologie ; Statistique ; Santé publique ;";C:\Users\PC\Desktop\Project_Internship\Index_Insight\temp\iresp_rejected\046_2017_comprendre_l_hesitation_vaccinale_anti_hpv_coheva.txt
rejected;Conception, Adaptation et Planification d’une intervention pour le développement des compétences psychosociales pour prévenir le tabagisme chez les enfants de 8 à 12 ans : co-Construction et Implication des acTeurs Educatifs et socio-culturels locaux (CapaCité);https://iresp.net/projets_finances/conception-adaptation-et-planification-dune-intervention-pour-le-developpement-des-competences-psychosociales-pour-prevenir-le-tabagisme-chez-les-enfants-de-8-a-12-ans-co-construction-et-i/;Addictions;Appel à projets de recherche et d’intervention pour réduire et lutter contre le tabagisme;2019;Clos;18 mois;49 920;Fonds de Lutte Contre le Tabagisme;"Santé publique ; Prévention et promotion de la santé ; Éducation en santé ; Tabacologie ; Sciences Humaines et Sociales";C:\Users\PC\Desktop\Project_Internship\Index_Insight\temp\iresp_rejected\047_2019_conception_adaptation_et_planification_d_une_intervention_pour_le_developpement_des_competences_psychosociales_pour_prev.txt
rejected;Conception et évaluation d’une stratégie individualisée de réduction progressive des médicaments biologiques basée sur le dosage des médicaments biologiques;https://iresp.net/projets_finances/conception-et-evaluation-dune-strategie-individualisee-de-reduction-progressive-des-medicaments-biologiques-basee-sur-le-dosage-des-medicaments-biologiques/;MESSIDORE;Méthodologie des essais cliniques innovants, dispositifs, outils et recherches exploitant les données de santé et biobanques;2023;En cours;48 mois;644 720,00 €;INSERM;Immuno-rhumatologie;C:\Users\PC\Desktop\Project_Internship\Index_Insight\temp\iresp_rejected\048_2023_conception_et_evaluation_d_une_strategie_individualisee_de_reduction_progressive_des_medicaments_biologiques_basee_sur_l.txt
rejected;COnditions de Vie des JEunes & COronavirus – Patrick PERETTI WATEL;https://iresp.net/projets_finances/conditions-de-vie-des-jeunes-coronavirus/;Services, interventions et politiques favorables à la santé;Recherche en santé publique;2020;Clos;18 mois;244 875,00 €;DGS;;C:\Users\PC\Desktop\Project_Internship\Index_Insight\temp\iresp_rejected\049_2020_conditions_de_vie_des_jeunes_coronavirus_patrick_peretti_watel.txt
accepted;Configurations d’Aides et Situations d’Emploi pour les PRoches Aidants. Le cas des enfants atteints de maladies rares avec déficience intellectuelle;https://iresp.net/projets_finances/configurations-daides-et-situations-demploi-pour-les-proches-aidants-le-cas-des-enfants-atteints-de-maladies-rares-avec-deficience-intellectuelle/;Autonomie;Blanc (session 11);2020;Clos;30 mois;148 890,00 €;CNSA;;C:\Users\PC\Desktop\Project_Internship\Index_Insight\Database\iresp_autonomie_database\027_2020_configurations_d_aides_et_situations_d_emploi_pour_les_proches_aidants_le_cas_des_enfants_atteints_de_maladies_rares_ave.txt
rejected;Connais-toi toi-même (Etude de faisabilité);https://iresp.net/projets_finances/connais-toi-toi-meme-etude-de-faisabilite/;Services, interventions et politiques favorables à la santé;Général - Volet Prévention;2017;Clos;12 mois;50 000;Santé Publique France;"Psychiatrie ; Addictologie ; Neurosciences ; Psychologie sociale ;";C:\Users\PC\Desktop\Project_Internship\Index_Insight\temp\iresp_rejected\050_2017_connais_toi_toi_meme_etude_de_faisabilite.txt
rejected;Connais-toi toi-même – Georges BROUSSE;https://iresp.net/projets_finances/connais-toi-toi-meme/;Services, interventions et politiques favorables à la santé;Général - volet Prévention et promotion de la santé;2018;Clos;36 mois;203 320,00 €;DGS;Psychologie / Prevention / Santé publique;C:\Users\PC\Desktop\Project_Internship\Index_Insight\temp\iresp_rejected\051_2018_connais_toi_toi_meme_georges_brousse.txt
accepted;Conséquences de la pandémie de Covid-19 sur les parcours de prise en charge sanitaire et médico-sociale de personnes en situation de handicap;https://iresp.net/projets_finances/consequences-de-la-pandemie-de-covid-19-sur-les-parcours-de-prise-en-charge-sanitaire-et-medico-sociale-de-personnes-en-situation-de-handicap/;Autonomie;Dispositif Doctoral du programme Autonomie;2024;Clos;12 mois;47 221,17 €;CNSA;Démographie, santé publique;C:\Users\PC\Desktop\Project_Internship\Index_Insight\Database\iresp_autonomie_database\028_2024_consequences_de_la_pandemie_de_covid_19_sur_les_parcours_de_prise_en_charge_sanitaire_et_medico_sociale_de_personnes_en_.txt
accepted;Conséquences des restrictions d’accès aux soins et à l’accompagnement habituels des personnes en situation de handicap pendant la pandémie de Covid-19;https://iresp.net/projets_finances/consequences-des-restrictions-dacces-aux-soins-et-a-laccompagnement-habituels-des-personnes-en-situation-de-handicap-pendant-la-pandemie-de-covid-19/;Autonomie;Blanc (session 12);2021;En cours;36 mois;149 990,00 €;CNSA;;C:\Users\PC\Desktop\Project_Internship\Index_Insight\Database\iresp_autonomie_database\029_2021_consequences_des_restrictions_d_acces_aux_soins_et_a_l_accompagnement_habituels_des_personnes_en_situation_de_handicap_p.txt
rejected;Consommation d’alcool et paramètres computationnels dans l’apprentissage par renforcement;https://iresp.net/projets_finances/consommation-dalcool-et-parametres-computationels-dans-lapprentissage-par-renforcement/;Addictions;Recherches pour lutter contre les usages de substances psychoactives et les addictions;2020;Clos;36 mois;;Fonds de Lutte Contre les Addictions;"Sciences-Cognitives ; Épidémiologie";C:\Users\PC\Desktop\Project_Internship\Index_Insight\temp\iresp_rejected\052_2020_consommation_d_alcool_et_parametres_computationnels_dans_l_apprentissage_par_renforcement.txt
rejected;Consommation d’alcool, morbidité et mortalité associées à la cirrhose et au carcinome hépatocellulaire en France d’Outre-Mer;https://iresp.net/projets_finances/consommation-dalcool-morbidite-et-mortalite-associees-a-la-cirrhose-et-au-carcinome-hepatocellulaire-en-france-doutre-mer/;Addictions;Lutter contre les usages et les addictions aux substances psychoactives;2022;En cours;36 mois;217 092;Fonds de Lutte Contre les Addictions;Epidémiologie (Santé Publique);C:\Users\PC\Desktop\Project_Internship\Index_Insight\temp\iresp_rejected\053_2022_consommation_d_alcool_morbidite_et_mortalite_associees_a_la_cirrhose_et_au_carcinome_hepatocellulaire_en_france_d_outre_.txt
rejected;CONSONANCE – Conséquences de la pandémie de COVID-19 pour les usagers de substances : psychoactives : risque d’infection et changements dans les modes de consommation. Analyses longitudinales des répondeurs SAPRIS de la cohorte CONSTANCES;https://iresp.net/projets_finances/consonance-consequences-de-la-pandemie-de-covid-19-pour-les-usagers-de-substances-psychoactives-risque-dinfection-et-changements-dans-les-modes-de-consommation-analyses-longitudinales-des-rep/;Addictions;Lutter contre les usages de substances psychoactives et les addictions;2021;En cours;36 mois;155 264;;"Santé publique ; Epidémiologie ; Addictologie ; Psychiatrie ; Psychologie";C:\Users\PC\Desktop\Project_Internship\Index_Insight\temp\iresp_rejected\054_2021_consonance_consequences_de_la_pandemie_de_covid_19_pour_les_usagers_de_substances_psychoactives_risque_d_infection_et_ch.txt
rejected;Construction d’une intervention pour améliorer la coordination des acteurs de la prévention territoriale;https://iresp.net/projets_finances/construction-dune-intervention-pour-ameliorer-la-coordination-des-acteurs-de-la-prevention-territoriale/;Services, interventions et politiques favorables à la santé;Services, interventions et politiques favorables à la santé;2022;Clos;24 mois;94 025,00 €;DGS;Santé publique, épidémiologie, sociologie, géographie de la santé, soins primaires;C:\Users\PC\Desktop\Project_Internship\Index_Insight\temp\iresp_rejected\055_2022_construction_d_une_intervention_pour_ameliorer_la_coordination_des_acteurs_de_la_prevention_territoriale.txt
rejected;Contribution de la voie hyperdirecte à l’émergence de la recherche compulsive de cocaïne et d’alcool chez le rat;https://iresp.net/projets_finances/contribution-de-la-voie-hyperdirecte-a-lemergence-de-la-recherche-compulsive-de-cocaine-et-dalcool-chez-le-rat/;Addictions;Recherches sur les substances psychoactives et les comportements avec pouvoir addictif;2023;En cours;36 mois;127 861,00;Fonds de lutte contre les addictions;;C:\Users\PC\Desktop\Project_Internship\Index_Insight\temp\iresp_rejected\056_2023_contribution_de_la_voie_hyperdirecte_a_l_emergence_de_la_recherche_compulsive_de_cocaine_et_d_alcool_chez_le_rat.txt
rejected;Contribution physiopathologique de polymorphisme du récepteur nicotinique humain au cours de la bronchopneumopathie chronique obstructive et de ses exacerbations (PINACRAECOPD);https://iresp.net/projets_finances/contribution-physiopathologique-de-polymorphisme-du-recepteur-nicotinique-humain-au-cours-de-la-bronchopneumopathie-chronique-obstructive-et-de-ses-exacerbations-pinacraecopd/;Addictions;Appel à projets de recherche et d’intervention pour réduire et lutter contre le tabagisme;2019;En cours;48 mois;863 200;Fonds de Lutte Contre le Tabagisme;"Immunologie ; Pneumologie ; Biologie cellulaire";C:\Users\PC\Desktop\Project_Internship\Index_Insight\temp\iresp_rejected\057_2019_contribution_physiopathologique_de_polymorphisme_du_recepteur_nicotinique_humain_au_cours_de_la_bronchopneumopathie_chro.txt
rejected;Coopération et concurrence dans les Maisons de Santé Pluridisciplinaires : une analyse multi-niveaux (MULTICOOP);https://iresp.net/projets_finances/cooperation-et-concurrence-dans-les-maisons-de-sante-pluridisciplinaires-une-analyse-multi-niveaux-multicoop/;Services, interventions et politiques favorables à la santé;Général - Volet Recherche sur les services de santé;2016;Clos;18 mois;112824,94;CNAMTS;"Sociologie ; Sciences de gestion ; Santé publique";C:\Users\PC\Desktop\Project_Internship\Index_Insight\temp\iresp_rejected\058_2016_cooperation_et_concurrence_dans_les_maisons_de_sante_pluridisciplinaires_une_analyse_multi_niveaux_multicoop.txt
rejected;Coordination des soins en psychiatrie, une approche par les réseaux (Psycoord);https://iresp.net/projets_finances/coordination-des-soins-en-psychiatrie-une-approche-par-les-reseaux-psycoord/;Services, interventions et politiques favorables à la santé;Général - Volet Recherche sur les services de santé;2016;Clos;24 mois;141614,3;CNAMTS;"Géographie ; Statistiques ; Economie ; Santé publique ; Psychiatrie ; Epidémiologie";C:\Users\PC\Desktop\Project_Internship\Index_Insight\temp\iresp_rejected\059_2016_coordination_des_soins_en_psychiatrie_une_approche_par_les_reseaux_psycoord.txt
accepted;COOrdination et Parcours de soins psychiques chez les Enfants : une Recherche-ACTION autour du CMPP de Haute Marne;https://iresp.net/projets_finances/coordination-et-parcours-de-soins-psychiques-chez-les-enfants-une-recherche-action-autour-du-cmpp-de-haute-marne/;Autonomie;Établissements, services et transformation de l’offre médico-sociale (session 3);2021;En cours;36 mois;218 949,00 €;CNSA;;C:\Users\PC\Desktop\Project_Internship\Index_Insight\Database\iresp_autonomie_database\030_2021_coordination_et_parcours_de_soins_psychiques_chez_les_enfants_une_recherche_action_autour_du_cmpp_de_haute_marne.txt
rejected;Création d’un Système Addictions France d’Accès Numérique aux données de santé du médico-social en addictologie pour la Communauté scientifique – SAFRANC;https://iresp.net/projets_finances/creation-dun-systeme-addictions-france-dacces-numerique-aux-donnees-de-sante-du-medico-social-en-addictologie-pour-la-communaute-scientifique-safranc/;Addictions;Appel à actions structurantes - Recherche sur les usages et les addictions aux substances psychoactives;2021;Clos;36 mois;399251;Fonds de Lutte Contre les Addictions;"Addictologie ; Epidémiologie ; Sciences sociales";C:\Users\PC\Desktop\Project_Internship\Index_Insight\temp\iresp_rejected\060_2021_creation_d_un_systeme_addictions_france_d_acces_numerique_aux_donnees_de_sante_du_medico_social_en_addictologie_pour_la_.txt
rejected;De la cellule à la société et inversement : aspects épistémologiques et éthiques de la causalité en santé publique – nouvelles approches – Thierry LANG;https://iresp.net/projets_finances/de-la-cellule-a-la-societe-et-inversement-aspects-epistemologiques-et-ethiques-de-la-causalite-en-sante-publique-nouvelles-approches/;Services, interventions et politiques favorables à la santé;Général - volet Prévention et promotion de la santé;2018;Clos;36 mois;193 689,00 €;Ligue contre le cancer;;C:\Users\PC\Desktop\Project_Internship\Index_Insight\temp\iresp_rejected\061_2018_de_la_cellule_a_la_societe_et_inversement_aspects_epistemologiques_et_ethiques_de_la_causalite_en_sante_publique_nouvell.txt
rejected;De la prise de risque au jeu pathologique : Les réseaux périneuronaux du cortex préfrontal comme substrats neurobiologiques des comportements addictifs.;https://iresp.net/projets_finances/de-la-prise-de-risque-au-jeu-pathologique-les-reseaux-perineuronaux-du-cortex-prefrontal-comme-substrats-neurobiologiques-des-comportements-addictifs/;Addictions;Substances psychoactives et comportements avec pouvoir addictif;2023;En cours;18 mois;50 976,00;Fonds de lutte contre les addictions;Neuroscience / Neurobiologie comportementale / Substrats neuronaux / Marqueurs biologiques;C:\Users\PC\Desktop\Project_Internship\Index_Insight\temp\iresp_rejected\062_2023_de_la_prise_de_risque_au_jeu_pathologique_les_reseaux_perineuronaux_du_cortex_prefrontal_comme_substrats_neurobiologique.txt
accepted;De l’EHPAD à l’EHPAD : étude de cas d’un déménagement d’EHPAD sur l’appropriation des lieux par les résidents et les professionnels;https://iresp.net/projets_finances/de-lehpad-a-lehpad-etude-de-cas-dun-demenagement-dehpad-sur-lappropriation-des-lieux-par-les-residents-et-les-professionnels/;Autonomie;Établissements, Services et Transformation de l'Offre Médico-Sociale (session 4);2022;Clos;12 mois;61 122,00 €;CNSA;;C:\Users\PC\Desktop\Project_Internship\Index_Insight\Database\iresp_autonomie_database\031_2022_de_l_ehpad_a_l_ehpad_etude_de_cas_d_un_demenagement_d_ehpad_sur_l_appropriation_des_lieux_par_les_residents_et_les_profe.txt
accepted;De l’émergence de la catégorie à la gestion des parcours de vie des personnes en « situation de handicap complexe » : une analyse des dispositifs innovants portés par LADAPT Essonne;https://iresp.net/projets_finances/de-lemergence-de-la-categorie-a-la-gestion-des-parcours-de-vie-des-personnes-en-situation-de-handicap-complexe-une-analyse-des-dispositifs-innovants-portes-par-ladapt-essonne/;Autonomie;Dispositif Doctoral du programme Autonomie;2024;En cours;12 mois;44 706,55;CNSA;Sociologie;C:\Users\PC\Desktop\Project_Internship\Index_Insight\Database\iresp_autonomie_database\032_2024_de_l_emergence_de_la_categorie_a_la_gestion_des_parcours_de_vie_des_personnes_en_situation_de_handicap_complexe_une_anal.txt
rejected;De l’exploration du concept d’agentivité à sa prise en compte dans le développement des interventions éducatives;https://iresp.net/projets_finances/de-lexploration-du-concept-dagentivite-a-sa-prise-en-compte-dans-le-developpement-des-interventions-educatives/;Services, interventions et politiques favorables à la santé;Général - volet Prévention;2017;Clos;12 mois;48 700,00 €;;;C:\Users\PC\Desktop\Project_Internship\Index_Insight\temp\iresp_rejected\063_2017_de_l_exploration_du_concept_d_agentivite_a_sa_prise_en_compte_dans_le_developpement_des_interventions_educatives.txt
rejected;De l’usage de médicaments psychotropes hors prescription aux stratégies de réduction des risques chez des personnes en situation de précarité : étude anthropologique multi-située;https://iresp.net/projets_finances/de-lusage-de-medicaments-psychotropes-hors-prescription-aux-strategies-de-reduction-des-risques-chez-des-personnes-en-situation-de-precarite-etude-anthropologique-multi-situee/;Addictions;Conduites Addictives et Drogues : Prévention, Mécanismes, Repérage et Accompagnement;2024;En cours;36 mois;145 600,00;Fonds de lutte contre les addictions;;C:\Users\PC\Desktop\Project_Internship\Index_Insight\temp\iresp_rejected\064_2024_de_l_usage_de_medicaments_psychotropes_hors_prescription_aux_strategies_de_reduction_des_risques_chez_des_personnes_en_s.txt
rejected;Décisions d’adolescents : accompagner des collégiens en situation de vulnérabilité dans leurs alternatives en santé pour prévenir l’entrée dans la consommation de substances psychoactives (DECID’Addict);https://iresp.net/projets_finances/decidaddict-decisions-dadolescents-accompagner-des-collegiens-en-situation-de-vulnerabilite-dans-leurs-alternatives-en-sante-pour-prevenir-lentree-dans-la-consommation-de/;Addictions;Lutter contre les usages et les addictions aux substances psychoactives;2022;En cours;24 mois;99 952;Fonds de Lutte Contre les Addictions;Education à la santé, Prévention des addictions;C:\Users\PC\Desktop\Project_Internship\Index_Insight\temp\iresp_rejected\065_2022_decisions_d_adolescents_accompagner_des_collegiens_en_situation_de_vulnerabilite_dans_leurs_alternatives_en_sante_pour_p.txt
rejected;Décomposer les mécanismes épigénétiques cérébraux des polyconsommations;https://iresp.net/projets_finances/decomposer-les-mecanismes-epigenetiques-cerebraux-des-polyconsommations/;Addictions;Lutter contre les usages et les addictions aux substances psychoactives;2022;En cours;48 mois;585 740;Fonds de Lutte Contre les Addictions;Neurobiologie;C:\Users\PC\Desktop\Project_Internship\Index_Insight\temp\iresp_rejected\066_2022_decomposer_les_mecanismes_epigenetiques_cerebraux_des_polyconsommations.txt
accepted;Déficience intellectuelle et maladie d’Alzheimer;https://iresp.net/projets_finances/deficience-intellectuelle-et-maladie-dalzheimer/;Autonomie;Soutien à la structuration de communautés mixtes de recherche (session 2);2021;Clos;36 mois;248 258,00 €;CNSA;;C:\Users\PC\Desktop\Project_Internship\Index_Insight\Database\iresp_autonomie_database\033_2021_deficience_intellectuelle_et_maladie_d_alzheimer.txt
accepted;Déficience intellectuelle et parentalité : offres alternatives d’accompagnement de l’adulte;https://iresp.net/projets_finances/deficience-intellectuelle-et-parentalite-offres-alternatives-daccompagnement-de-ladulte/;Autonomie;Dispositifs et modalités d’accompagnement des personnes handicapées dans les établissements et services médico-sociaux;2017;Clos;36 mois;149 933,00 €;CNSA;Psychologie / Droit;C:\Users\PC\Desktop\Project_Internship\Index_Insight\Database\iresp_autonomie_database\034_2017_deficience_intellectuelle_et_parentalite_offres_alternatives_d_accompagnement_de_l_adulte.txt
rejected;Dépistage des médicaments antiépileptiques (MAE): un pipeline prénatal et trans-générationnel pour l’évaluation des risques neuro-développementaux;https://iresp.net/projets_finances/depistage-des-medicaments-antiepileptiques-mae-un-pipeline-prenatal-et-trans-generationnel-pour-levaluation-des-risques-neuro-developpementaux/;Antiépileptiques;Effet de l'exposition précoce aux médicaments antiépileptiques;2023;En cours;36 mois;799 842,00 €;DGS;Neurologie, épileptologie, reproduction.;C:\Users\PC\Desktop\Project_Internship\Index_Insight\temp\iresp_rejected\067_2023_depistage_des_medicaments_antiepileptiques_mae_un_pipeline_prenatal_et_trans_generationnel_pour_l_evaluation_des_risques.txt
rejected;Développement et validation d’outils d’intelligence artificielle pour pleinement exploiter le potentiel des entrepôts de données de santé dans le domaine de la neuroimagerie;https://iresp.net/projets_finances/developpement-et-validation-doutils-dintelligence-artificielle-pour-pleinement-exploiter-le-potentiel-des-entrepots-de-donnees-de-sante-dans-le-domaine-de-la-neuroimagerie/;MESSIDORE;Méthodologie des essais cliniques innovants, dispositifs, outils et recherches exploitant les données de santé et biobanques;2023;En cours;48 mois;1 063 961,00 €;INSERM;informatique / intelligence artificielle / imagerie / neuroradiologie;C:\Users\PC\Desktop\Project_Internship\Index_Insight\temp\iresp_rejected\068_2023_developpement_et_validation_d_outils_d_intelligence_artificielle_pour_pleinement_exploiter_le_potentiel_des_entrepots_de.txt
rejected;Développer et mettre en œuvre des facilitateurs d’activités signifiantes dans une unité gériatrique de court séjour pour prévenir les complications hospitalières gériatriques – Une étude de faisabilité;https://iresp.net/projets_finances/developper-et-mettre-en-oeuvre-des-facilitateurs-dactivites-signifiantes-dans-une-unite-geriatrique-de-court-sejour-pour-prevenir-les-complications-hospitalieres-geriatriques-une-etude-de-faisabili/;Services, interventions et politiques favorables à la santé;Services, interventions et politiques favorables à la santé;2021;Clos;18 mois;97 775,00 €;DGS;Geriatrics/ Health care organisation/ Health services research;C:\Users\PC\Desktop\Project_Internship\Index_Insight\temp\iresp_rejected\069_2021_developper_et_mettre_en_uvre_des_facilitateurs_d_activites_signifiantes_dans_une_unite_geriatrique_de_court_sejour_pour_.txt
rejected;Devenir post-intervention des adolescents de l’essai PRALIMAP-INES. Acceptabilité et efficacité d’une intervention e-Coaching pour les jeunes adultes présentant un surpoids ou une obésité;https://iresp.net/projets_finances/devenir-post-intervention-des-adolescents-de-lessai-pralimap-ines-acceptabilite-et-efficacite-dune-intervention-e-coaching-pour-les-jeunes-adultes-presentant-un-surpoids-ou-une-obes/;Services, interventions et politiques favorables à la santé;Général - volet Prévention;2017;Clos;36 mois;250 000,00 €;;Psychologie / Santé publique / Nutrition;C:\Users\PC\Desktop\Project_Internship\Index_Insight\temp\iresp_rejected\070_2017_devenir_post_intervention_des_adolescents_de_l_essai_pralimap_ines_acceptabilite_et_efficacite_d_une_intervention_e_coac.txt
accepted;Difficultés d’Inclusion des Elèves avec TSA : Attitudes et Comportements des Enseignants (DIETACE);https://iresp.net/projets_finances/difficultes-dinclusion-des-eleves-avec-tsa-attitudes-et-comportements-des-enseignants-dietace/;Autonomie;Autisme (session 4);2017;Clos;36 mois;132 499,16 €;CNSA;Sciences Humaines et Sociales;C:\Users\PC\Desktop\Project_Internship\Index_Insight\Database\iresp_autonomie_database\035_2017_difficultes_d_inclusion_des_eleves_avec_tsa_attitudes_et_comportements_des_enseignants_dietace.txt
accepted;Dispositifs expérimentaux et modèles alternatifs d’habitats intergénérationnels et domotique : une alternative à l’EHPAD ? Conception d’un programme de recherche multidimensionnel;https://iresp.net/projets_finances/dispositifs-experimentaux-et-modeles-alternatifs-dhabitats-intergenerationnels-et-domotique-une-alternative-a-lehpad-conception-dun-programme-de-recherche-multidimension/;Autonomie;Les établissements et services médico-sociaux pour personnes âgées en perte d’autonomie et personnes handicapées;2018;Clos;12 mois;49 755,00 €;CNSA;;C:\Users\PC\Desktop\Project_Internship\Index_Insight\Database\iresp_autonomie_database\036_2018_dispositifs_experimentaux_et_modeles_alternatifs_d_habitats_intergenerationnels_et_domotique_une_alternative_a_l_ehpad_c.txt
accepted;Dispositifs inclusifs pour élèves sourds : comment s’entendre ?;https://iresp.net/projets_finances/dispositifs-inclusifs-pour-eleves-sourds-comment-sentendre/;Autonomie;Analyse des politiques de l’autonomie, de l’offre médico-sociale et des besoins des publics;2023;En cours;24 mois;151 009,00 €;CNSA;Education;C:\Users\PC\Desktop\Project_Internship\Index_Insight\Database\iresp_autonomie_database\037_2023_dispositifs_inclusifs_pour_eleves_sourds_comment_s_entendre.txt
rejected;Disséquer une prédisposition commune entre dépendance tabagique et schizophrénie;https://iresp.net/projets_finances/dissequer-une-predisposition-commune-entre-dependance-tabagique-et-schizophrenie/;Addictions;Conduites Addictives et Drogues;2024;En cours;48 mois;356 400,00;Fonds de lutte contre les addictions;nicotine addiction / schizophrenia;C:\Users\PC\Desktop\Project_Internship\Index_Insight\temp\iresp_rejected\071_2024_dissequer_une_predisposition_commune_entre_dependance_tabagique_et_schizophrenie.txt
rejected;Dopamine-Glutamate receptor heteromers in mice and humans: a targetable molecular candidate at the crossroad of addiction and risk factors (DOGMA);https://iresp.net/projets_finances/dopamine-glutamate-receptor-heteromers-in-mice-and-humans-a-targetable-molecular-candidate-at-the-crossroad-of-addiction-and-risk-factors-dogma/;Addictions;Lutte contre les addictions aux substances psychoactives;2019;En cours;48 mois;494381;Fonds de Lutte Contre les Addictions;"Biochimie ; Imagerie cellulaire ; Électrophysiologie";C:\Users\PC\Desktop\Project_Internship\Index_Insight\temp\iresp_rejected\072_2019_dopamine_glutamate_receptor_heteromers_in_mice_and_humans_a_targetable_molecular_candidate_at_the_crossroad_of_addiction.txt
rejected;Dynamiques alternatives dans le travail de soins primaires;https://iresp.net/projets_finances/dynamiques-alternatives-dans-le-travail-de-soins-primaires/;Services, interventions et politiques favorables à la santé;Services, interventions et politiques favorables à la santé;2024;En cours;36 mois;246 941,00;Santé Publique France;Sociologie / Géographie;C:\Users\PC\Desktop\Project_Internship\Index_Insight\temp\iresp_rejected\073_2024_dynamiques_alternatives_dans_le_travail_de_soins_primaires.txt
rejected;Effet de l’exercice aigu sur les fonctions cognitives et les marqueurs sanguins de la plasticité cérébrale chez le consommateur réguliers de cannabis;https://iresp.net/projets_finances/effet-de-lexercice-aigu-sur-les-fonctions-cognitives-et-les-marqueurs-sanguins-de-la-plasticite-cerebrale-chez-le-consommateur-reguliers-de-cannabis/;Addictions;Recherches pour lutter contre les usages et les addictions aux substances psychoactives;2022;En cours;;;Fonds de Lutte Contre les Addictions;Physiologie;C:\Users\PC\Desktop\Project_Internship\Index_Insight\temp\iresp_rejected\074_2022_effet_de_l_exercice_aigu_sur_les_fonctions_cognitives_et_les_marqueurs_sanguins_de_la_plasticite_cerebrale_chez_le_conso.txt
rejected;Effet de l’exercice aigu sur les fonctions cognitives et les marqueurs sanguins de plasticité cérébrale chez le consommateur régulier de cannabis;https://iresp.net/projets_finances/effet-de-lexercice-aigu-sur-les-fonctions-cognitives-et-les-marqueurs-sanguins-de-plasticite-cerebrale-chez-le-consommateur-regulier-de-cannabis/;Addictions;Lutter contre les usages et les addictions aux substances psychoactives;2022;En cours;24 mois;97 225;Fonds de Lutte Contre les Addictions;Physiologie;C:\Users\PC\Desktop\Project_Internship\Index_Insight\temp\iresp_rejected\075_2022_effet_de_l_exercice_aigu_sur_les_fonctions_cognitives_et_les_marqueurs_sanguins_de_plasticite_cerebrale_chez_le_consomma.txt
rejected;Effets de la source des campagnes de prévention des risques et des dommages liés aux jeux d’argent et de hasard;https://iresp.net/projets_finances/effets-de-la-source-des-campagnes-de-prevention-des-risques-et-des-dommages-lies-aux-jeux-dargent-et-de-hasard/;Addictions;Conduites Addictives et Drogues;2024;En cours;36 mois;181 275,00;Fonds de lutte contre les addictions;Addictology and Public Health;C:\Users\PC\Desktop\Project_Internship\Index_Insight\temp\iresp_rejected\076_2024_effets_de_la_source_des_campagnes_de_prevention_des_risques_et_des_dommages_lies_aux_jeux_d_argent_et_de_hasard.txt
rejected;Effets de la stimulation environnementale sur le risque de rechute dans l’addiction aux drogues (STIIMENVTREATADD);https://iresp.net/projets_finances/effets-de-la-stimulation-environnementale-sur-le-risque-de-rechute-dans-laddiction-aux-drogues-stiimenvtreatadd/;Addictions;Lutte contre les addictions aux substances psychoactives;2019;Clos;18 mois;99 975;Fonds de Lutte Contre les Addictions;"Neurosciences ; Psychiatrie ; Psychologie";C:\Users\PC\Desktop\Project_Internship\Index_Insight\temp\iresp_rejected\077_2019_effets_de_la_stimulation_environnementale_sur_le_risque_de_rechute_dans_l_addiction_aux_drogues_stiimenvtreatadd.txt
rejected;Effets d’un programme interventionenl en vie réelle sur le mode de vie et le sommeil impactant la qualité de vie dans le cadre de prévention primaire;https://iresp.net/projets_finances/effets-dun-programme-interventionenl-en-vie-reelle-sur-le-mode-de-vie-et-le-sommeil-impactant-la-qualite-de-vie-dans-le-cadre-de-prevention-primaire/;Services, interventions et politiques favorables à la santé;Services, interventions et politiques favorables à la santé;2022;En cours;36 mois;392 152,00 €;DGS;Public health / physiology / medicine / sociology / psychology;C:\Users\PC\Desktop\Project_Internship\Index_Insight\temp\iresp_rejected\078_2022_effets_d_un_programme_interventionenl_en_vie_reelle_sur_le_mode_de_vie_et_le_sommeil_impactant_la_qualite_de_vie_dans_le.txt
accepted;Effets d’une nouvelle organisation du travail dans l’aide à domicile : une évaluation par tirage aléatoire;https://iresp.net/projets_finances/effets-dune-nouvelle-organisation-du-travail-dans-laide-a-domicile-une-evaluation-par-tirage-aleatoire/;Autonomie;Établissements, Services et Transformation de l'Offre Médico-Sociale (session 4);2022;En cours;30 mois;97 451,00 €;CNSA;;C:\Users\PC\Desktop\Project_Internship\Index_Insight\Database\iresp_autonomie_database\038_2022_effets_d_une_nouvelle_organisation_du_travail_dans_l_aide_a_domicile_une_evaluation_par_tirage_aleatoire.txt
rejected;Effets transgénérationnels des médicaments anticonvulsivants évalués à l’aide du modèle Zebrafish;https://iresp.net/projets_finances/effets-transgenerationnels-des-medicaments-anticonvulsivants-evalues-a-laide-du-modele-zebrafish/;Antiépileptiques;Effet de l'exposition précoce aux médicaments antiépileptiques;2023;En cours;36 mois;600 861,00 €;DGS;"Epigenetics; Bioinformatics; Neurodevelopment; Toxicology";C:\Users\PC\Desktop\Project_Internship\Index_Insight\temp\iresp_rejected\079_2023_effets_transgenerationnels_des_medicaments_anticonvulsivants_evalues_a_l_aide_du_modele_zebrafish.txt
rejected;Efficience du PRADO Insuffisance Cardiaque en Occitanie (PRADO-IC);https://iresp.net/projets_finances/efficience-du-prado-insuffisance-cardiaque-en-occitanie-prado-ic/;Services, interventions et politiques favorables à la santé;Général - Volet Recherche sur les services de santé;2016;Clos;36 mois;143579;CNAMTS;"Médecine ; Economie de la santé ; Biostatistiques ; Epidémiologie ; Sciences de gestion des systèmes d'information";C:\Users\PC\Desktop\Project_Internship\Index_Insight\temp\iresp_rejected\080_2016_efficience_du_prado_insuffisance_cardiaque_en_occitanie_prado_ic.txt
rejected;Elaboration d’interventions d’accompagnement auprès des personnes VOLontairement inTerdItes de Jeux;https://iresp.net/projets_finances/elaboration-dinterventions-daccompagnement-aupres-des-personnes-volontairement-interdites-de-jeux/;Addictions;Substances psychoactives et comportements avec pouvoir addictif;2023;En cours;24 mois;146 566,00;Fonds de lutte contre les addictions;Addictologie / Santé Publique / Biostatistiques / Sciences Humaines et Sociales;C:\Users\PC\Desktop\Project_Internship\Index_Insight\temp\iresp_rejected\081_2023_elaboration_d_interventions_d_accompagnement_aupres_des_personnes_volontairement_interdites_de_jeux.txt
accepted;Emploi, Parcours de soins et Autonomie des JEUnes adultes avec Paralysie cérébrale : données européennes;https://iresp.net/projets_finances/emploi-parcours-de-soins-et-autonomie-des-jeunes-adultes-avec-paralysie-cerebrale-donnees-europeennes/;Autonomie;Blanc (session 11);2020;Clos;24 mois;173 940,00 €;CNSA;;C:\Users\PC\Desktop\Project_Internship\Index_Insight\Database\iresp_autonomie_database\039_2020_emploi_parcours_de_soins_et_autonomie_des_jeunes_adultes_avec_paralysie_cerebrale_donnees_europeennes.txt
rejected;Emulation d’essais cliniques en présence de biais d’immortalité: Etude de cas sur le rôle de la chirurgie après un traitement systémique chez les patientes ayant un cancer du sein métastatique de novo;https://iresp.net/projets_finances/emulation-dessais-cliniques-en-presence-de-biais-dimmortalite-etude-de-cas-sur-le-role-de-la-chirurgie-apres-un-traitement-systemique-chez-les-patientes-ayant-un-cancer-du-sein-meta/;MESSIDORE;Méthodologie des essais cliniques innovants, dispositifs, outils et recherches exploitant les données de santé et biobanques;2023;En cours;36 mois;296 204,00 €;INSERM;Methodology-Biostatistics / Breast cancer / Oncology;C:\Users\PC\Desktop\Project_Internship\Index_Insight\temp\iresp_rejected\082_2023_emulation_d_essais_cliniques_en_presence_de_biais_d_immortalite_etude_de_cas_sur_le_role_de_la_chirurgie_apres_un_traite.txt
rejected;Endeuillés par le Suicide d’un Proche: étude de faisabilité d’un Outil numérique d’Informations et Ressources pour la Résilience et le Soutien – Edouard LEAUNE;https://iresp.net/projets_finances/endeuilles-par-le-suicide-dun-proche-etude-de-faisabilite-dun-outil-numerique-dinformations-et-ressources-pour-la-resilience-et-le-soutien/;Services, interventions et politiques favorables à la santé;Recherche en santé publique;2020;Clos;18 mois;71 994,00 €;DREES;;C:\Users\PC\Desktop\Project_Internship\Index_Insight\temp\iresp_rejected\083_2020_endeuilles_par_le_suicide_d_un_proche_etude_de_faisabilite_d_un_outil_numerique_d_informations_et_ressources_pour_la_res.txt
rejected;Endotyper la sclérodermie systémique avec une analyse intégrative multidimensionnelle : des données de santé aux mécanismes pathogéniques;https://iresp.net/projets_finances/endotyper-la-sclerodermie-systemique-avec-une-analyse-integrative-multidimensionnelle-des-donnees-de-sante-aux-mecanismes-pathogeniques/;MESSIDORE;Méthodologie des essais cliniques innovants, dispositifs, outils et recherches exploitant les données de santé et biobanques;2023;En cours;48 mois;1 216 328,00 €;INSERM;Immunologie et Technologies de santé;C:\Users\PC\Desktop\Project_Internship\Index_Insight\temp\iresp_rejected\084_2023_endotyper_la_sclerodermie_systemique_avec_une_analyse_integrative_multidimensionnelle_des_donnees_de_sante_aux_mecanisme.txt
accepted;Enfants agités, parcours mouvementés, Agitation, inattention et comportements perturbateurs chez l’enfant, Un réseau de recherche entre l’Europe et l’Amérique Latine;https://iresp.net/projets_finances/enfants-agites-parcours-mouvementes-agitation-inattention-et-comportements-perturbateurs-chez-lenfant-un-reseau-de-recherche-entre-leurope-et-lamerique-latine/;Autonomie;Blanc (session 8);2017;Clos;12 mois;32 800 €;CNSA;"Sociologie ; Anthropologie ; Psychologie ; Sciences de l'éducation";C:\Users\PC\Desktop\Project_Internship\Index_Insight\Database\iresp_autonomie_database\040_2017_enfants_agites_parcours_mouvementes_agitation_inattention_et_comportements_perturbateurs_chez_l_enfant_un_reseau_de_rech.txt
rejected;Enquête sur les connaissances, attitudes et pratiques des professionnels de soins primaires en matière de prise en charge du tabagisme chez les seniors en France (CAPZEROTABAC);https://iresp.net/projets_finances/enquete-sur-les-connaissances-attitudes-et-pratiques-des-professionnels-de-soins-primaires-en-matiere-de-prise-en-charge-du-tabagisme-chez-les-seniors-en-france-capzerotabac/;Addictions;Appel à projets de recherche et d’intervention pour réduire et lutter contre le tabagisme;2018;Clos;12 mois;49 917;Fonds de Lutte Contre le Tabac;"Santé Publique ; Epidémiologie";C:\Users\PC\Desktop\Project_Internship\Index_Insight\temp\iresp_rejected\085_2018_enquete_sur_les_connaissances_attitudes_et_pratiques_des_professionnels_de_soins_primaires_en_matiere_de_prise_en_charge.txt
rejected;Etude de l’évolution et des déterminants des inégalités sociales de santé dans le diabète à partir des enquêtes Entred (ENTRED – ISS) – Virginie RINGA;https://iresp.net/projets_finances/entred-iss-etude-de-levolution-et-des-determinants-des-inegalites-sociales-de-sante-dans-le-diabete-a-partir-des-enquetes-entred/;Services, interventions et politiques favorables à la santé;Général -Volet Recherche sur les services de santé;2017;Clos;18 mois;40000;DGS;"Epidémiologie ; Promotion de la santé ; Statistiques";C:\Users\PC\Desktop\Project_Internship\Index_Insight\temp\iresp_rejected\086_2017_etude_de_l_evolution_et_des_determinants_des_inegalites_sociales_de_sante_dans_le_diabete_a_partir_des_enquetes_entred_e.txt
accepted;Equité géographique et politiques décentralisées : normes et mesures en matière d’aide à l’autonomie des personnes âgées;https://iresp.net/projets_finances/equite-geographique-et-politiques-decentralisees-normes-et-mesures-en-matiere-daide-a-lautonomie-des-personnes-agees/;Autonomie;Blanc (session 12);2021;Clos;24 mois;111 960,00 €;CNSA;;C:\Users\PC\Desktop\Project_Internship\Index_Insight\Database\iresp_autonomie_database\041_2021_equite_geographique_et_politiques_decentralisees_normes_et_mesures_en_matiere_d_aide_a_l_autonomie_des_personnes_agees.txt
rejected;Essais cliniques augmentés à partir de données de vie réelle;https://iresp.net/projets_finances/essais-cliniques-augmentes-a-partir-de-donnees-de-vie-reelle/;MESSIDORE;Méthodologie des essais cliniques innovants, dispositifs, outils et recherches exploitant les données de santé et biobanques;2024;En cours;36 mois;623 023,00;INSERM;Le projet CAIR s'inscrit principalement dans le domaine de la Biostatistique et plus particulièrement les méthodes pour l'inférence causale appliquée à la recherche clinique. De nombreux développements feront appel à du machine learning, à des modèle;C:\Users\PC\Desktop\Project_Internship\Index_Insight\temp\iresp_rejected\087_2024_essais_cliniques_augmentes_a_partir_de_donnees_de_vie_reelle.txt
accepted;Etat de santé, parcours de vie, et vécu des familles des personnes polyhandicapées à domicile;https://iresp.net/projets_finances/etat-de-sante-parcours-de-vie-et-vecu-des-familles-des-personnes-polyhandicapees-a-domicile/;Autonomie;Analyse des politiques de l’autonomie, de l’offre médico-sociale et des besoins des publics;2024;En cours;30 mois;235 717,00;CNSA;Santé publique, Epidémiologie, Psychologie, Sociologie, MPR, neuropédiatrie;C:\Users\PC\Desktop\Project_Internship\Index_Insight\Database\iresp_autonomie_database\042_2024_etat_de_sante_parcours_de_vie_et_vecu_des_familles_des_personnes_polyhandicapees_a_domicile.txt
accepted;Etre un proche aidant pendant les études universitaires en France : prévalence, analyse préliminaire des besoins et impact sur la réussite des études;https://iresp.net/projets_finances/etre-un-proche-aidant-pendant-les-etudes-universitaires-en-france-prevalence-analyse-preliminaire-des-besoins-et-impact-sur-la-reussite-des-etudes/;Autonomie;Blanc (session 12);2021;Clos;12 mois;49 958,00 €;CNSA;;C:\Users\PC\Desktop\Project_Internship\Index_Insight\Database\iresp_autonomie_database\043_2021_etre_un_proche_aidant_pendant_les_etudes_universitaires_en_france_prevalence_analyse_preliminaire_des_besoins_et_impact_.txt
rejected;ETUCARE: Promotion de la santé mentale chez les étudiants;https://iresp.net/projets_finances/etucare-promotion-de-la-sante-mentale-chez-les-etudiants/;Services, interventions et politiques favorables à la santé;Services, interventions et politiques favorables à la santé;2021;Clos;24 mois;197 448,00 €;DGS;psychology/public health/educational sciences/medical sciences;C:\Users\PC\Desktop\Project_Internship\Index_Insight\temp\iresp_rejected\088_2021_etucare_promotion_de_la_sante_mentale_chez_les_etudiants.txt
rejected;Etude de faisabilité et d’acceptabilité de l’application « Chez Maurice » (FA MAURICE);https://iresp.net/projets_finances/etude-de-faisabilite-et-dacceptabilite-de-lapplication-chez-maurice-fa-maurice/;Addictions;Lutte contre les addictions aux substances psychoactives;2019;Clos;12 mois;66845;Fonds de Lutte Contre les Addictions;"Addictologie ; Psychiatrie ; E-santé";C:\Users\PC\Desktop\Project_Internship\Index_Insight\temp\iresp_rejected\089_2019_etude_de_faisabilite_et_d_acceptabilite_de_l_application_chez_maurice_fa_maurice.txt
rejected;Etude de la mise en œuvre d’une consultation de suivi post-hospitalisation en unité de soins intensifs pédiatriques : besoins, acceptabilité, coopérations;https://iresp.net/projets_finances/etude-de-la-mise-en-oeuvre-dune-consultation-de-suivi-post-hospitalisation-en-unite-de-soins-intensifs-pediatriques-besoins-acceptabilite-cooperations/;Services, interventions et politiques favorables à la santé;Services, interventions et politiques favorables à la santé;2021;Clos;18 mois;98 460,00 €;DGS;Pédiatrie médicale/ pratique infirmière avancée/ santé publique/ sociologie;C:\Users\PC\Desktop\Project_Internship\Index_Insight\temp\iresp_rejected\090_2021_etude_de_la_mise_en_uvre_d_une_consultation_de_suivi_post_hospitalisation_en_unite_de_soins_intensifs_pediatriques_besoi.txt
accepted;Etude de la prévalence et de la consommation de soins des patients TSA à partir des données médico-administratives du SNDS;https://iresp.net/projets_finances/etude-de-la-prevalence-et-de-la-consommation-de-soins-des-patients-tsa-a-partir-des-donnees-medico-administratives-du-snds/;Autonomie;Blanc (session 11);2020;En cours;36 mois;149 993,00 €;CNSA;;C:\Users\PC\Desktop\Project_Internship\Index_Insight\Database\iresp_autonomie_database\044_2020_etude_de_la_prevalence_et_de_la_consommation_de_soins_des_patients_tsa_a_partir_des_donnees_medico_administratives_du_sn.txt
rejected;Etude de l’association entre soins PAlliatifs et RIsque Suicidaire : Une approche mixte quantitative et qualitative;https://iresp.net/projets_finances/etude-de-lassociation-entre-soins-palliatifs-et-risque-suicidaire-une-approche-mixte-quantitative-et-qualitative/;MESSIDORE;Méthodologie des essais cliniques innovants, dispositifs, outils et recherches exploitant les données de santé et biobanques;2023;En cours;36 mois;350 962,00 €;INSERM;Soins palliatifs/ Psychiatrie/ Sociologie/ Statistiques/ Santé Publique;C:\Users\PC\Desktop\Project_Internship\Index_Insight\temp\iresp_rejected\091_2023_etude_de_l_association_entre_soins_palliatifs_et_risque_suicidaire_une_approche_mixte_quantitative_et_qualitative.txt
rejected;Étude de l’impact de l’addiction à la cocaïne sur le sommeil;https://iresp.net/projets_finances/etude-de-limpact-de-laddiction-a-la-cocaine-sur-le-sommeil/;Addictions;Conduites Addictives et Drogues : Prévention, Mécanismes, Repérage et Accompagnement;2024;En cours;36 mois;149 820,00;Fonds de lutte contre les addictions;;C:\Users\PC\Desktop\Project_Internship\Index_Insight\temp\iresp_rejected\092_2024_etude_de_l_impact_de_l_addiction_a_la_cocaine_sur_le_sommeil.txt
accepted;Etude des déterminants Précoces de l’Inclusion SCOlaire chez des enfants grands PrÉmaturés porteurs d’une déficience motrice ou cognitive – EPISCOPE;https://iresp.net/projets_finances/etude-des-determinants-precoces-de-linclusion-scolaire-chez-des-enfants-grands-prematures-porteurs-dune-deficience-motrice-ou-cognitive-episcope/;Autonomie;Blanc (session 12);2021;Clos;20 mois;118 594,00 €;CNSA;;C:\Users\PC\Desktop\Project_Internship\Index_Insight\Database\iresp_autonomie_database\045_2021_etude_des_determinants_precoces_de_l_inclusion_scolaire_chez_des_enfants_grands_prematures_porteurs_d_une_deficience_mot.txt
rejected;Étude du lien entre le microbiome intestinal et la vulnérabilité à la cocaïne dans un modèle d’addiction chez le rat;https://iresp.net/projets_finances/etude-du-lien-entre-le-microbiome-intestinal-et-la-vulnerabilite-a-la-cocaine-dans-un-modele-daddiction-chez-le-rat/;Addictions;Recherches pour lutter contre les usages et les addictions aux substances psychoactives;2022;En cours;36 mois;;Fonds de Lutte Contre les Addictions;Addictions (modèle d'étude);C:\Users\PC\Desktop\Project_Internship\Index_Insight\temp\iresp_rejected\093_2022_etude_du_lien_entre_le_microbiome_intestinal_et_la_vulnerabilite_a_la_cocaine_dans_un_modele_d_addiction_chez_le_rat.txt
rejected;Étude épidémiologique sur les liens entre tabagisme maternel pendant la grossesse et comportement des enfants (ESPRIT);https://iresp.net/projets_finances/etude-epidemiologique-sur-les-liens-entre-tabagisme-maternel-pendant-la-grossesse-et-comportement-des-enfants-esprit/;Addictions;Appel à projets de recherche et d’intervention pour réduire et lutter contre le tabagisme;2019;Clos;36 mois;392 488;Fonds de Lutte Contre le Tabagisme;"Épidémiologie ; Santé publique";C:\Users\PC\Desktop\Project_Internship\Index_Insight\temp\iresp_rejected\094_2019_etude_epidemiologique_sur_les_liens_entre_tabagisme_maternel_pendant_la_grossesse_et_comportement_des_enfants_esprit.txt
accepted;Etude évaluative de dispositifs d’emploi accompagné pour les personnes en situation de handicap psychique ou de handicap mental;https://iresp.net/projets_finances/etude-evaluative-de-dispositifs-demploi-accompagne-pour-les-personnes-en-situation-de-handicap-psychique-ou-de-handicap-mental/;Autonomie;Dispositifs et modalités d’accompagnement des personnes handicapées dans les établissements et services médico-sociaux;2017;Clos;36 mois;101 000,00 €;CNSA;Psychologie;C:\Users\PC\Desktop\Project_Internship\Index_Insight\Database\iresp_autonomie_database\046_2017_etude_evaluative_de_dispositifs_d_emploi_accompagne_pour_les_personnes_en_situation_de_handicap_psychique_ou_de_handicap.txt
rejected;Etude exploratoire des réseaux sémantiques des patients présentant un trouble de l’usage d’alcool;https://iresp.net/projets_finances/etude-exploratoire-des-reseaux-semantiques-des-patients-presentant-un-trouble-de-lusage-dalcool/;Addictions;Lutter contre les usages de substances psychoactives et les addictions;2021;En cours;18 mois;49 868;Fonds de Lutte Contre les Addictions;"Psychiatrie ; Addictologie ; Neurosciences cognitives";C:\Users\PC\Desktop\Project_Internship\Index_Insight\temp\iresp_rejected\095_2021_etude_exploratoire_des_reseaux_semantiques_des_patients_presentant_un_trouble_de_l_usage_d_alcool.txt
rejected;Étude historique et sociologique des logiques et des normes influençant la mise en œuvre du recours aux psychédéliques dans la recherche sur les addictions;https://iresp.net/projets_finances/etude-historique-et-sociologique-des-logiques-et-des-normes-influencant-la-mise-en-oeuvre-du-recours-aux-psychedeliques-dans-la-recherche-sur-les-addictions/;Addictions;Substances psychoactives et comportements avec pouvoir addictif;2023;En cours;48 mois;682 669,00;Fonds de lutte contre les addictions;histoire/sociologie/anthropologie/psychiatrie/addictologie;C:\Users\PC\Desktop\Project_Internship\Index_Insight\temp\iresp_rejected\096_2023_etude_historique_et_sociologique_des_logiques_et_des_normes_influencant_la_mise_en_uvre_du_recours_aux_psychedeliques_da.txt
rejected;Étude longitudinale des conséquences neuronales et comportementales spécifiques au sexe de l’exposition périnatale au cannabidiol;https://iresp.net/projets_finances/etude-longitudinale-des-consequences-neuronales-et-comportementales-specifiques-au-sexe-de-lexposition-perinatale-au-cannabidiol-2/;Addictions;Lutter contre les usages et les addictions aux substances psychoactives;2022;En cours;36 mois;167 184;Fonds de Lutte Contre les Addictions;Neurosciences;C:\Users\PC\Desktop\Project_Internship\Index_Insight\temp\iresp_rejected\097_2022_etude_longitudinale_des_consequences_neuronales_et_comportementales_specifiques_au_sexe_de_l_exposition_perinatale_au_ca.txt
rejected;Étude longitudinale des conséquences neuronales et comportementales spécifiques au sexe de l’exposition périnatale au cannabidiol;https://iresp.net/projets_finances/etude-longitudinale-des-consequences-neuronales-et-comportementales-specifiques-au-sexe-de-lexposition-perinatale-au-cannabidiol/;Addictions;Recherches pour lutter contre les usages et les addictions aux substances psychoactives;2022;En cours;36 mois;;Fonds de Lutte Contre les Addictions;Neurobiologie;C:\Users\PC\Desktop\Project_Internship\Index_Insight\temp\iresp_rejected\098_2022_etude_longitudinale_des_consequences_neuronales_et_comportementales_specifiques_au_sexe_de_l_exposition_perinatale_au_ca.txt
rejected;Étude socio-ethnographique des logiques et des normes contemporaines façonnant la structuration du champ des recherches sur les psychédéliques;https://iresp.net/projets_finances/etude-socio-ethnographique-des-logiques-et-des-normes-contemporaines-faconnant-la-structuration-du-champ-des-recherches-sur-les-psychedeliques/;Addictions;Recherches sur les substances psychoactives et les comportements avec pouvoir addictif;2023;En cours;36 mois;133 998,00;Fonds de lutte contre les addictions;;C:\Users\PC\Desktop\Project_Internship\Index_Insight\temp\iresp_rejected\099_2023_etude_socio_ethnographique_des_logiques_et_des_normes_contemporaines_faconnant_la_structuration_du_champ_des_recherches_.txt
rejected;Étude translationnelle de l’influence de la présence d’un pair sur la consommation d’alcool et son substrat neurobiologique (ALCOSOCIO);https://iresp.net/projets_finances/etude-translationnelle-de-linfluence-de-la-presence-dun-pair-sur-la-consommation-dalcool-et-son-substrat-neurobiologique-alcosocio/;Addictions;Lutte contre les addictions aux substances psychoactives;2019;Clos;36 mois;321 920;Fonds de Lutte Contre les Addictions;"Neurosciences ; Sciences sociales";C:\Users\PC\Desktop\Project_Internship\Index_Insight\temp\iresp_rejected\100_2019_etude_translationnelle_de_l_influence_de_la_presence_d_un_pair_sur_la_consommation_d_alcool_et_son_substrat_neurobiologi.txt
rejected;Etudes des mécanismes cellulaires et moléculaires de la mémoire associée au contexte de consommation d’alcool et cibler ces mécanismes avec la psilocybine – RAPSICO (Rechute Alcool PSIlocybine Contexte);https://iresp.net/projets_finances/etudes-des-mecanismes-cellulaires-et-moleculaires-de-la-memoire-associee-au-contexte-de-consommation-dalcool-et-cibler-ces-mecanismes-avec-la-psilocybine-rapsico-rechute-alcool-psi/;Addictions;Lutter contre les usages et les addictions aux substances psychoactives;2022;En cours;48 mois;568 512;Fonds de Lutte Contre les Addictions;Neurosciences;C:\Users\PC\Desktop\Project_Internship\Index_Insight\temp\iresp_rejected\101_2022_etudes_des_mecanismes_cellulaires_et_moleculaires_de_la_memoire_associee_au_contexte_de_consommation_d_alcool_et_cibler_.txt
rejected;Evaluation de l’acceptabilité d’un dispositif numérique de dépistage – Magali BATTY;https://iresp.net/projets_finances/evaluation-de-lacceptabilite-dun-dispositif-numerique-de-depistage/;Services, interventions et politiques favorables à la santé;Recherche en santé publique;2020;Clos;18 mois;75 781,00 €;DGS;;C:\Users\PC\Desktop\Project_Internship\Index_Insight\temp\iresp_rejected\102_2020_evaluation_de_l_acceptabilite_d_un_dispositif_numerique_de_depistage_magali_batty.txt
rejected;Evaluation de l’Appui Parental, une action de soutien précoce à la parentalité;https://iresp.net/projets_finances/evaluation-de-lappui-parental-une-action-de-soutien-precoce-a-la-parentalite/;Services, interventions et politiques favorables à la santé;Général - volet Prévention et promotion de la santé;2018;En cours;24 mois;31 596,00 €;INSERM;Santé mentale;C:\Users\PC\Desktop\Project_Internship\Index_Insight\temp\iresp_rejected\103_2018_evaluation_de_l_appui_parental_une_action_de_soutien_precoce_a_la_parentalite.txt
rejected;Evaluation de l’impact, de la viabilité et de la transférabilité d’un dispositif d’accompagnement en RDRD Alcool basé sur le rétablissement en santé mentale (VITAE) – Judith Martin-Fernandez;https://iresp.net/projets_finances/evaluation-de-limpact-de-la-viabilite-et-de-la-transferabilite-dun-dispositif-daccompagnement-en-rdrd-alcool-base-sur-le-retablissement-en-sante-mentale-vitae/;Addictions;Lutte contre les addictions aux substances psychoactives;2019;Clos;36 mois;399 518;;"Recherche interventionnelle ; Santé Publique ; Addictologie";C:\Users\PC\Desktop\Project_Internship\Index_Insight\temp\iresp_rejected\104_2019_evaluation_de_l_impact_de_la_viabilite_et_de_la_transferabilite_d_un_dispositif_d_accompagnement_en_rdrd_alcool_base_sur.txt
accepted;Evaluation de l’implémentation d’un nouveau programme médico-social d’accompagnement à l’autonomie des personnes en post-AVC et de leurs aidants;https://iresp.net/projets_finances/evaluation-de-limplementation-dun-nouveau-programme-medico-social-daccompagnement-a-lautonomie-des-personnes-en-post-avc-et-de-leurs-aidants/;Autonomie;Établissements, Services et Transformation de l'Offre Médico-Sociale (session 4);2022;En cours;30 mois;168 311,02 €;CNSA;;C:\Users\PC\Desktop\Project_Internship\Index_Insight\Database\iresp_autonomie_database\047_2022_evaluation_de_l_implementation_d_un_nouveau_programme_medico_social_d_accompagnement_a_l_autonomie_des_personnes_en_post.txt
accepted;Evaluation de solutions d’accompagnement de nuit pour les séniors en perte d’autonomie et leurs aidants à domicile : bénéfices et limites.;https://iresp.net/projets_finances/evaluation-de-solutions-daccompagnement-de-nuit-pour-les-seniors-en-perte-dautonomie-et-leurs-aidants-a-domicile-benefices-et-limites/;Autonomie;Établissements, Services et Transformation de l'Offre Médico-Sociale (session 4);2022;En cours;36 mois;249 006,56 €;CNSA;;C:\Users\PC\Desktop\Project_Internship\Index_Insight\Database\iresp_autonomie_database\048_2022_evaluation_de_solutions_d_accompagnement_de_nuit_pour_les_seniors_en_perte_d_autonomie_et_leurs_aidants_a_domicile_benef.txt
rejected;Evaluation des caractéristiques cliniques des conduites suicidaires de l’adolescent durant la période pandémique a COVID19 en Auvergne Rhône Alpes. Etude prospective quantitative et qualitative;https://iresp.net/projets_finances/evaluation-des-caracteristiques-cliniques-des-conduites-suicidaires-de-ladolescent-durant-la-periode-pandemique-a-covid19-en-auvergne-rhone-alpes-etude-prospective-quantitative-et-qualitative/;Services, interventions et politiques favorables à la santé;Services, interventions et politiques favorables à la santé;2021;En cours;18 mois;98 071,00 €;DGS;Pédopsychiatrie/ Psychologie/ Epidémiologie/ Santé Publique;C:\Users\PC\Desktop\Project_Internship\Index_Insight\temp\iresp_rejected\105_2021_evaluation_des_caracteristiques_cliniques_des_conduites_suicidaires_de_l_adolescent_durant_la_periode_pandemique_a_covid.txt
accepted;EVALUATION DES POLITIQUES PUBLIQUES ET DYNAMIQUES PROFESSIONNELLES DES PERSONNES HANDICAPEES;https://iresp.net/projets_finances/evaluation-des-politiques-publiques-et-dynamiques-professionnelles-des-personnes-handicapees/;Autonomie;Blanc (session 8);2017;Clos;36 mois;108 790,00 €;CNSA;Economie;C:\Users\PC\Desktop\Project_Internship\Index_Insight\Database\iresp_autonomie_database\049_2017_evaluation_des_politiques_publiques_et_dynamiques_professionnelles_des_personnes_handicapees.txt
accepted;Évaluation du coût des parcours de soins selon le risque de fragilité hospitalière des patients de 75 ans et plus;https://iresp.net/projets_finances/evaluation-du-cout-des-parcours-de-soins-selon-le-risque-de-fragilite-hospitaliere-des-patients-de-75-ans-et-plus/;Autonomie;Blanc (session 12);2021;Clos;16 mois;90 772,00 €;CNSA;;C:\Users\PC\Desktop\Project_Internship\Index_Insight\Database\iresp_autonomie_database\050_2021_evaluation_du_cout_des_parcours_de_soins_selon_le_risque_de_fragilite_hospitaliere_des_patients_de_75_ans_et_plus.txt
rejected;Evaluation d’un dispositif de transfert de connaissances sur les modalités de pilotage et de mise en œuvre de la prévention en région;https://iresp.net/projets_finances/evaluation-dun-dispositif-de-transfert-de-connaissances-sur-les-modalites-de-pilotage-et-de-mise-en-oeuvre-de-la-prevention-en-region/;Services, interventions et politiques favorables à la santé;Général - Volet Prévention;2016;Clos;27 mois;175184;Santé Publique France;"Santé publique ; Epidémiologie ; Psychologie";C:\Users\PC\Desktop\Project_Internship\Index_Insight\temp\iresp_rejected\106_2016_evaluation_d_un_dispositif_de_transfert_de_connaissances_sur_les_modalites_de_pilotage_et_de_mise_en_uvre_de_la_preventi.txt
accepted;Évaluation d’une formation, utilisant la réalité virtuelle incarnée, pour sensibiliser le personnel universitaire, enseignant et administratif, à l’autisme et aux pratiques inclusives;https://iresp.net/projets_finances/evaluation-dune-formation-utilisant-la-realite-virtuelle-incarnee-pour-sensibiliser-le-personnel-universitaire-enseignant-et-administratif-a-lautisme-et-aux-pratiques-inclusives/;Autonomie;Troubles du spectre de l’autisme, troubles du neuro-développement et Sciences humaines et sociales;2024;En cours;48 mois;249 921,00;CNSA;Psychologie : psychopathologie développementale, psychologie cognitive, psychologie sociale;C:\Users\PC\Desktop\Project_Internship\Index_Insight\Database\iresp_autonomie_database\051_2024_evaluation_d_une_formation_utilisant_la_realite_virtuelle_incarnee_pour_sensibiliser_le_personnel_universitaire_enseigna.txt
rejected;Évaluation d’une intervention en santé publique visant à améliorer les pratiques alimentaires, les comportements liés à l’équilibre énergétique et la croissance des enfants âgés de 0 à 2 ans issus de familles défavorisées : Etude ECAIL;https://iresp.net/projets_finances/evaluation-dune-intervention-en-sante-publique-visant-a-ameliorer-les-pratiques-alimentaires-les-comportements-lies-a-lequilibre-energetique-et-la-croissance-des-enfants-ages-de-0-a-2-ans-issus-de/;Services, interventions et politiques favorables à la santé;Services, interventions et politiques favorables à la santé;2022;En cours;48 mois;393 507,00 €;DGS;Epidemiology / Public Health / Humanities and social sciences / Effectiveness research / Dietetics.;C:\Users\PC\Desktop\Project_Internship\Index_Insight\temp\iresp_rejected\107_2022_evaluation_d_une_intervention_en_sante_publique_visant_a_ameliorer_les_pratiques_alimentaires_les_comportements_lies_a_l.txt
accepted;EVolution de l’Offre de prise en charge de la Perte d’Autonomie et CHOix des Personnes Âgées (EvOPAChoPA) – Amélie Carrère et Delphine Roy;https://iresp.net/projets_finances/evolution-de-loffre-de-prise-en-charge-de-la-perte-dautonomie-et-choix-des-personnes-agees-evopachopa/;Autonomie;Établissements, services et transformation de l’offre médico-sociale (session 3);2021;Clos;18 mois;51 145,00 €;CNSA;;C:\Users\PC\Desktop\Project_Internship\Index_Insight\Database\iresp_autonomie_database\052_2021_evolution_de_l_offre_de_prise_en_charge_de_la_perte_d_autonomie_et_choix_des_personnes_agees_evopachopa_amelie_carrere_e.txt
rejected;Expérience Patient de la Qualité du Parcours Mucoviscidose – Pierre LOMBRAIL;https://iresp.net/projets_finances/experience-patient-de-la-qualite-du-parcours-mucoviscidose/;Services, interventions et politiques favorables à la santé;Général - volet Recherche sur les services de santé;2018;Clos;30 mois;197 320,00 €;DGS;Maladies chroniques / Santé publique;C:\Users\PC\Desktop\Project_Internship\Index_Insight\temp\iresp_rejected\108_2018_experience_patient_de_la_qualite_du_parcours_mucoviscidose_pierre_lombrail.txt
rejected;Expérimentation d’un programme de prévention des violences dans les relations amoureuses « Sortir Ensemble & Se Respecter » chez des jeunes – Robert COURTOIS;https://iresp.net/projets_finances/experimentation-dun-programme-de-prevention-des-violences-dans-les-relations-amoureuses-sortir-ensemble-se-respecter-chez-des-jeunes/;Services, interventions et politiques favorables à la santé;Recherche en santé publique;2020;Clos;18 mois;97 382,00 €;DGS;;C:\Users\PC\Desktop\Project_Internship\Index_Insight\temp\iresp_rejected\109_2020_experimentation_d_un_programme_de_prevention_des_violences_dans_les_relations_amoureuses_sortir_ensemble_se_respecter_ch.txt
rejected;Exploration des conditions d’Analyse des Politiques Publiques à Impact sur l’Enfant (APPIE);https://iresp.net/projets_finances/exploration-des-conditions-danalyse-des-politiques-publiques-a-impact-sur-lenfant-appie/;Services, interventions et politiques favorables à la santé;Services, interventions et politiques favorables à la santé;2021;En cours;36 mois;253 039,00 €;DGS;santé publique;C:\Users\PC\Desktop\Project_Internship\Index_Insight\temp\iresp_rejected\110_2021_exploration_des_conditions_d_analyse_des_politiques_publiques_a_impact_sur_l_enfant_appie.txt
rejected;EXplorer les mécanismes des Inégalités Sociales liées au Tabagisme en population adolescente pour développer une stratégie préventive intégrative (EXIST);https://iresp.net/projets_finances/explorer-les-mecanismes-des-inegalites-sociales-liees-au-tabagisme-en-population-adolescente-pour-developper-une-strategie-preventive-integrative-exist/;Addictions;Appel à projets de recherche et d’intervention pour réduire et lutter contre le tabagisme;2019;En cours;48 mois;1 997 819;Fonds de Lutte Contre le Tabagisme;"Santé publique ; Sociologie ; Épidémiologie ; Psychologie ; Promotion de la santé ; Droit ; Géographie de la santé";C:\Users\PC\Desktop\Project_Internship\Index_Insight\temp\iresp_rejected\111_2019_explorer_les_mecanismes_des_inegalites_sociales_liees_au_tabagisme_en_population_adolescente_pour_developper_une_strateg.txt
rejected;Facteurs associés aux trajectoires de consommation de CANnabis de l’Adolescence à l’Age adulte (CANAAN) – Murielle Mary-Krause;https://iresp.net/projets_finances/facteurs-associes-aux-trajectoires-de-consommation-de-cannabis-de-ladolescence-a-lage-adulte-canaan/;Addictions;Lutte contre les addictions aux substances psychoactives;2019;Clos;36 mois;100 000;Fonds de Lutte Contre les Addictions;"Santé Publique ; Épidémiologie ; Addiction";C:\Users\PC\Desktop\Project_Internship\Index_Insight\temp\iresp_rejected\112_2019_facteurs_associes_aux_trajectoires_de_consommation_de_cannabis_de_l_adolescence_a_l_age_adulte_canaan_murielle_mary_krau.txt
rejected;Facteurs prédictifs du Sevrage TABAgique chez les fumeurs atteints de maladies Cardio-Vasculaires et de leurs facteurs de risque dans la base nationale des consultations de tabacologie CDTnet (STABA-CV);https://iresp.net/projets_finances/facteurs-predictifs-du-sevrage-tabagique-chez-les-fumeurs-atteints-de-maladies-cardio-vasculaires-et-de-leurs-facteurs-de-risque-dans-la-base-nationale-des-consultations-de-tabacologie-cdtnet-staba-c/;Addictions;Recherches pour réduire et lutter contre le tabagisme en Santé Publique;2019;Clos;36 mois;;Fonds de Lutte Contre le Tabagisme;"Santé Publique ; Épidémiologie";C:\Users\PC\Desktop\Project_Internship\Index_Insight\temp\iresp_rejected\113_2019_facteurs_predictifs_du_sevrage_tabagique_chez_les_fumeurs_atteints_de_maladies_cardio_vasculaires_et_de_leurs_facteurs_d.txt
accepted;Faire face à la maladie ou au handicap d’un frère ou d’une sœur : Etude du vécu et de l’aide apportée par des adolescents et des jeunes adultes;https://iresp.net/projets_finances/faire-face-a-la-maladie-ou-au-handicap-dun-frere-ou-dune-soeur-etude-du-vecu-et-de-laide-apportee-par-des-adolescents-et-des-jeunes-adultes/;Autonomie;Analyse des politiques de l’autonomie, de l’offre médico-sociale et des besoins des publics;2023;En cours;24 mois;102 083,52 €;CNSA;Psychopathologie, Psychologie de la Santé, Psychologie du développement;C:\Users\PC\Desktop\Project_Internship\Index_Insight\Database\iresp_autonomie_database\053_2023_faire_face_a_la_maladie_ou_au_handicap_d_un_frere_ou_d_une_s_ur_etude_du_vecu_et_de_l_aide_apportee_par_des_adolescents_.txt
rejected;Faisabilité et efficacité d’une Thérapie Cognitivo-comportementale pour les patients présentant une comorbidité TDAH/addiction comportementale : un essai contrôlé randomisé pilote (ADHDDICT);https://iresp.net/projets_finances/faisabilite-et-efficacite-dune-therapie-cognitivo-comportementale-pour-les-patients-presentant-une-comorbidite-tdah-addiction-comportementale-un-essai-controle-randomise-pilote-adhddict/;Addictions;Substances psychoactives et comportements avec pouvoir addictif;2023;En cours;24 mois;136 100,00;Fonds de lutte contre les addictions;Psychologie clinique/ Psychiatrie;C:\Users\PC\Desktop\Project_Internship\Index_Insight\temp\iresp_rejected\114_2023_faisabilite_et_efficacite_d_une_therapie_cognitivo_comportementale_pour_les_patients_presentant_une_comorbidite_tdah_add.txt
accepted;Familles face au risque d’autisme. Une sociologie du dépistage précoce et des anticipations dans les troubles du spectre autistique;https://iresp.net/projets_finances/familles-face-au-risque-dautisme-une-sociologie-du-depistage-precoce-et-des-anticipations-dans-les-troubles-du-spectre-autistique/;Autonomie;Autisme et Sciences Humaines et Sociales (session 3);2022;En cours;36 mois;141 620,00 €;CNSA;;C:\Users\PC\Desktop\Project_Internship\Index_Insight\Database\iresp_autonomie_database\054_2022_familles_face_au_risque_d_autisme_une_sociologie_du_depistage_precoce_et_des_anticipations_dans_les_troubles_du_spectre_.txt
rejected;Fentanyl et autres opioïdes Overdoses prévention et Réponse Collective;https://iresp.net/projets_finances/fentanyl-et-autres-opioides-overdoses-prevention-et-reponse-collective/;Addictions;Conduites Addictives et Drogues;2024;En cours;18 mois;149 839,00;Fonds de lutte contre les addictions;Santé publique/Pharmacologie médicale/Pharmacologie/Sociologie/Addictologie/Médecine générale;C:\Users\PC\Desktop\Project_Internship\Index_Insight\temp\iresp_rejected\115_2024_fentanyl_et_autres_opioides_overdoses_prevention_et_reponse_collective.txt
accepted;FIN DE VIE DANS LES DOM;https://iresp.net/projets_finances/fin-de-vie-dans-les-dom/;Autonomie;Blanc (session 8);2017;Clos;36 mois;149 600,00 €;CNSA;Sociologie / Démographie / Méthodologie de recherche;C:\Users\PC\Desktop\Project_Internship\Index_Insight\Database\iresp_autonomie_database\055_2017_fin_de_vie_dans_les_dom.txt
rejected;Formes et effet du lobbying des industriels du tabac et de leurs alliés en France (FELITAF);https://iresp.net/projets_finances/formes-et-effet-du-lobbying-des-industriels-du-tabac-et-de-leurs-allies-en-france-felitaf/;Addictions;Appel à projets de recherche et d’intervention pour réduire et lutter contre le tabagisme;2018;Clos;48 mois;289 717;Fonds de Lutte Contre le Tabac;"Santé Publique ; Sciences Sociales ; Sciences Politiques ; Marketing Social";C:\Users\PC\Desktop\Project_Internship\Index_Insight\temp\iresp_rejected\116_2018_formes_et_effet_du_lobbying_des_industriels_du_tabac_et_de_leurs_allies_en_france_felitaf.txt
accepted;Groupe de Recherche et d’Actions Participatif sur les modes d’Habiter, l’Innovation socio-spatiale et la Citoyenneté : situation de handicap et vieillissement;https://iresp.net/projets_finances/groupe-de-recherche-et-dactions-participatif-sur-les-modes-dhabiter-linnovation-socio-spatiale-et-la-citoyennete-situation-de-handicap-et-vieillissement/;Autonomie;Soutien aux communautés mixtes de recherche;2023;En cours;48 mois;249 856,00 €;CNSA;Géographie;C:\Users\PC\Desktop\Project_Internship\Index_Insight\Database\iresp_autonomie_database\056_2023_groupe_de_recherche_et_d_actions_participatif_sur_les_modes_d_habiter_l_innovation_socio_spatiale_et_la_citoyennete_situ.txt
rejected;Groupe de recherche interdisciplinaire et communautaire sur la Réduction des Risques liés à l’usage de drogues;https://iresp.net/projets_finances/groupe-de-recherche-interdisciplinaire-et-communautaire-sur-la-reduction-des-risques-lies-a-lusage-de-drogues/;Addictions;Appel à actions structurantes - Recherche sur les usages et les addictions aux substances psychoactives;2021;En cours;48 mois;368005;Fonds de Lutte Contre les Addictions;"Sociologie ; Psychologie sociales ; Anthropologie ; Addictologie ; Economie ; Droit ; Sciences politiques ; Epidémiologie ; Santé publique ; Pharmacie";C:\Users\PC\Desktop\Project_Internship\Index_Insight\temp\iresp_rejected\117_2021_groupe_de_recherche_interdisciplinaire_et_communautaire_sur_la_reduction_des_risques_lies_a_l_usage_de_drogues.txt
accepted;Habiter avec un accompagnement. Une sociologie de l’accompagnement dans le logement des personnes souffrant de troubles psychiatriques graves : problématisations des besoins, réponses institutionnelles et recours informels;https://iresp.net/projets_finances/habiter-avec-un-accompagnement-une-sociologie-de-laccompagnement-dans-le-logement-des-personnes-souffrant-de-troubles-psychiatriques-graves-problematisations-des-besoins-reponses-institut/;Autonomie;Dispositifs et modalités d’accompagnement des personnes handicapées dans les établissements et services médico-sociaux;2017;Clos;36 mois;144 870,00 €;CNSA;Sociologie / Biostatistiques;C:\Users\PC\Desktop\Project_Internship\Index_Insight\Database\iresp_autonomie_database\057_2017_habiter_avec_un_accompagnement_une_sociologie_de_l_accompagnement_dans_le_logement_des_personnes_souffrant_de_troubles_p.txt
accepted;Handicap et perte d’autonomie chez les personnes sans domicile : exploitation secondaire des données de l’enquête HYTPEAC;https://iresp.net/projets_finances/handicap-et-perte-dautonomie-chez-les-personnes-sans-domicile-exploitation-secondaire-des-donnees-de-lenquete-hytpeac/;Autonomie;Blanc;2016;Clos;12 mois;20 360 €;CNSA;"Santé publique ; Epidémiologie ; Statistiques";C:\Users\PC\Desktop\Project_Internship\Index_Insight\Database\iresp_autonomie_database\058_2016_handicap_et_perte_d_autonomie_chez_les_personnes_sans_domicile_exploitation_secondaire_des_donnees_de_l_enquete_hytpeac.txt
accepted;Handicap, genre et classe sociale : jugements des enseignants et vécu des élèves dans une perspective psychosociale intersectionnelle;https://iresp.net/projets_finances/handicap-genre-et-classe-sociale-jugements-des-enseignants-et-vecu-des-eleves-dans-une-perspective-psychosociale-intersectionnelle/;Autonomie;Dispositif Doctoral du programme Autonomie;2023;En cours;36 mois;141 862,00 €;CNSA;psychologie sociale;C:\Users\PC\Desktop\Project_Internship\Index_Insight\Database\iresp_autonomie_database\059_2023_handicap_genre_et_classe_sociale_jugements_des_enseignants_et_vecu_des_eleves_dans_une_perspective_psychosociale_interse.txt
rejected;HArm reduction REsearch Network;https://iresp.net/projets_finances/harm-reduction-research-network/;Addictions;Appel à actions structurantes - Recherche sur les conduites addictives (avec ou sans substances);2024;En cours;36 mois;299 609,00;Fonds de lutte contre les addictions;Santé publique, pharmacie, sociologie, addictologie, psychologie sociale, économie, droit, sciences politiques, anthropologie, épidémiologie;C:\Users\PC\Desktop\Project_Internship\Index_Insight\temp\iresp_rejected\118_2024_harm_reduction_research_network.txt
accepted;Hausse des salaires des aides à domicile : quels effets sur le secteur ?;https://iresp.net/projets_finances/hausse-des-salaires-des-aides-a-domicile-quels-effets-sur-le-secteur/;Autonomie;Établissements, Services et Transformation de l'Offre Médico-Sociale (session 4);2022;En cours;24 mois;55 722,00 €;CNSA;Economie;C:\Users\PC\Desktop\Project_Internship\Index_Insight\Database\iresp_autonomie_database\060_2022_hausse_des_salaires_des_aides_a_domicile_quels_effets_sur_le_secteur.txt
rejected;HAWA – Evaluation d’une intervention d’éducation au lavage des mains sur les abcès auprès des personnes qui injectent des drogues;https://iresp.net/projets_finances/hawa-evaluation-dune-intervention-deducation-au-lavage-des-mains-sur-les-abces-aupres-des-personnes-qui-injectent-des-drogues/;Addictions;Lutter contre les usages de substances psychoactives et les addictions;2021;En cours;36 mois;367501;Fonds de Lutte Contre les Addictions;"Santé publique ; Médecine";C:\Users\PC\Desktop\Project_Internship\Index_Insight\temp\iresp_rejected\119_2021_hawa_evaluation_d_une_intervention_d_education_au_lavage_des_mains_sur_les_abces_aupres_des_personnes_qui_injectent_des_.txt
rejected;HepatAlc-IM – La dysbiose du microbiote intestinal dans l’Hépatite Alcoolique Aigue Sévère : une approche translationnelle;https://iresp.net/projets_finances/hepatalc-im-la-dysbiose-du-microbiote-intestinal-dans-lhepatite-alcoolique-aigue-severe-une-approche-translationnelle/;Addictions;Lutter contre les usages de substances psychoactives et les addictions;2021;En cours;48 mois;899 370;Fonds de Lutte Contre les Addictions;"Hépatologie ; Microbiologie ; Addictologie";C:\Users\PC\Desktop\Project_Internship\Index_Insight\temp\iresp_rejected\120_2021_hepatalc_im_la_dysbiose_du_microbiote_intestinal_dans_l_hepatite_alcoolique_aigue_severe_une_approche_translationnelle.txt
rejected;IA4DU, L’intelligence artificielle pour adapter les mesures de prévention pour les usagers de drogues;https://iresp.net/projets_finances/ia4du-lintelligence-artificielle-pour-adapter-les-mesures-de-prevention-pour-les-usagers-de-drogues/;Addictions;Lutter contre les usages et les addictions aux substances psychoactives;2022;En cours;36 mois;325 788;Fonds de Lutte Contre les Addictions;Santé Publique (Epidémiologie sociale), Sciences humaines (Psychologie sociale), Recherche communautaire;C:\Users\PC\Desktop\Project_Internship\Index_Insight\temp\iresp_rejected\121_2022_ia4du_l_intelligence_artificielle_pour_adapter_les_mesures_de_prevention_pour_les_usagers_de_drogues.txt
rejected;Identification, co-construction et évaluation d’une intervention multicomposante visant à améliorer l’acceptabilité de la vaccination contre les PapillomaVirus Humains (HPV) en France;https://iresp.net/projets_finances/identification-co-construction-et-evaluation-dune-intervention-multicomposante-visant-a-ameliorer-lacceptabilite-de-la-vaccination-contre-les-papillomavirus-humains-hpv-en-france/;Services, interventions et politiques favorables à la santé;Pour une co-construction de projets de recherche en sciences humaines et sociales et en épidémiologie en lien avec l'acceptabilité de la vaccinantion;2018;En cours;36 mois;1 926 599,00 €;Plan Cancer;;C:\Users\PC\Desktop\Project_Internship\Index_Insight\temp\iresp_rejected\122_2018_identification_co_construction_et_evaluation_d_une_intervention_multicomposante_visant_a_ameliorer_l_acceptabilite_de_la.txt
rejected;Identification de nouveaux biomarqueurs sériques maternels associés à la chorioamniotite après une rupture prématurée des membranes fœtales à l’aide d’une approche protéomique ciblée.;https://iresp.net/projets_finances/identification-de-nouveaux-biomarqueurs-seriques-maternels-associes-a-la-chorioamniotite-apres-une-rupture-prematuree-des-membranes-foetales-a-laide-dune-approche-proteomique-ciblee/;MESSIDORE;Méthodologie des essais cliniques innovants, dispositifs, outils et recherches exploitant les données de santé et biobanques;2024;En cours;16 mois;119 718,00;INSERM;Obstétrique / biochimie / biostatistiques;C:\Users\PC\Desktop\Project_Internship\Index_Insight\temp\iresp_rejected\123_2024_identification_de_nouveaux_biomarqueurs_seriques_maternels_associes_a_la_chorioamniotite_apres_une_rupture_prematuree_de.txt
rejected;Identification des biomarqueurs des maladies du foie dans l’immunodéficience variable commune;https://iresp.net/projets_finances/identification-des-biomarqueurs-des-maladies-du-foie-dans-limmunodeficience-variable-commune/;MESSIDORE;Méthodologie des essais cliniques innovants, dispositifs, outils et recherches exploitant les données de santé et biobanques;2024;En cours;24 mois;399 009,00;INSERM;microbiology;C:\Users\PC\Desktop\Project_Internship\Index_Insight\temp\iresp_rejected\124_2024_identification_des_biomarqueurs_des_maladies_du_foie_dans_l_immunodeficience_variable_commune.txt
rejected;Identification du surfaceome des cellules sénescentes dans l’emphysème;https://iresp.net/projets_finances/identification-du-surfaceome-des-cellules-senescentes-dans-lemphyseme/;Addictions;Conduites Addictives et Drogues;2024;En cours;18 mois;149 137,00;Fonds de lutte contre les addictions;Pneumology;C:\Users\PC\Desktop\Project_Internship\Index_Insight\temp\iresp_rejected\125_2024_identification_du_surfaceome_des_cellules_senescentes_dans_l_emphyseme.txt
rejected;Identification et Impact des Biomarqueurs Neurobiologiques et Sociaux sur la Vulnérabilité aux Comportements Addictifs;https://iresp.net/projets_finances/identification-et-impact-des-biomarqueurs-neurobiologiques-et-sociaux-sur-la-vulnerabilite-aux-comportements-addictifs/;Addictions;Conduites Addictives et Drogues : Prévention, Mécanismes, Repérage et Accompagnement;2024;En cours;12 mois;45 566,00;Fonds de lutte contre les addictions;;C:\Users\PC\Desktop\Project_Internship\Index_Insight\temp\iresp_rejected\126_2024_identification_et_impact_des_biomarqueurs_neurobiologiques_et_sociaux_sur_la_vulnerabilite_aux_comportements_addictifs.txt
rejected;Identifier les populations neuronales et mécanismes moléculaires impliqués dans l’expression de comportements de type addictif;https://iresp.net/projets_finances/identifier-les-populations-neuronales-et-mecanismes-moleculaires-impliques-dans-lexpression-de-comportements-de-type-addictif/;Addictions;Recherches sur les substances psychoactives et les comportements avec pouvoir addictif;2023;En cours;36 mois;154 916,00;Fonds de lutte contre les addictions;;C:\Users\PC\Desktop\Project_Internship\Index_Insight\temp\iresp_rejected\127_2023_identifier_les_populations_neuronales_et_mecanismes_moleculaires_impliques_dans_l_expression_de_comportements_de_type_ad.txt
rejected;Impact de la crise sanitaire liée au COVID-19 sur le recours à l’hospitalisation à domicile chez les patients atteints de cancers traités par chimiothérapie IV. L’exemple de la région Occitanie;https://iresp.net/projets_finances/impact-de-la-crise-sanitaire-liee-au-covid-19-sur-le-recours-a-lhospitalisation-a-domicile-chez-les-patients-atteints-de-cancers-traites-par-chimiotherapie-iv-lexemple-de-la-region/;Services, interventions et politiques favorables à la santé;Recherche en santé publique;2020;Terminé;24 mois;151 207,00 €;DGS;;C:\Users\PC\Desktop\Project_Internship\Index_Insight\temp\iresp_rejected\128_2020_impact_de_la_crise_sanitaire_liee_au_covid_19_sur_le_recours_a_l_hospitalisation_a_domicile_chez_les_patients_atteints_d.txt
rejected;Impact de la fumée de cigarette sur les capacités de régénération alvéolaire au cours de l’emphysème pulmonaire;https://iresp.net/projets_finances/impact-de-la-fumee-de-cigarette-sur-les-capacites-de-regeneration-alveolaire-au-cours-de-lemphyseme-pulmonaire/;Addictions;Lutter contre les usages de substances psychoactives et les addictions;2021;En cours;36 mois;359 684;Fonds de Lutte Contre les Addictions;Pneumologie;C:\Users\PC\Desktop\Project_Internship\Index_Insight\temp\iresp_rejected\129_2021_impact_de_la_fumee_de_cigarette_sur_les_capacites_de_regeneration_alveolaire_au_cours_de_l_emphyseme_pulmonaire.txt
accepted;Impact de la naissance d’un enfant handicapé sur les trajectoires professionnelles des parents et le revenu des ménages;https://iresp.net/projets_finances/impact-de-la-naissance-dun-enfant-handicape-sur-les-trajectoires-professionnelles-des-parents-et-le-revenu-des-menages/;Autonomie;Analyse des politiques de l’autonomie, de l’offre médico-sociale et des besoins des publics;2024;En cours;18 mois;90 728,00;CNSA;Economie de la santé;C:\Users\PC\Desktop\Project_Internship\Index_Insight\Database\iresp_autonomie_database\061_2024_impact_de_la_naissance_d_un_enfant_handicape_sur_les_trajectoires_professionnelles_des_parents_et_le_revenu_des_menages.txt
rejected;Impact de l’isolement social sur la rechute : Rôle du circuit cortico-habénulo-mésencéphalique;https://iresp.net/projets_finances/impact-de-lisolement-social-sur-la-rechute-role-du-circuit-cortico-habenulo-mesencephalique/;Addictions;Substances psychoactives et comportements avec pouvoir addictif;2023;En cours;12 mois;56 160,00;Fonds de lutte contre les addictions;Neurosciences;C:\Users\PC\Desktop\Project_Internship\Index_Insight\temp\iresp_rejected\130_2023_impact_de_l_isolement_social_sur_la_rechute_role_du_circuit_cortico_habenulo_mesencephalique.txt
accepted;Impact des vagues de chaleur et de la pollution sur le risque de poussées de sclérose en plaques et d’accumulation du handicap neurologique dans différentes zones microclimatiques;https://iresp.net/projets_finances/impact-des-vagues-de-chaleur-et-de-la-pollution-sur-le-risque-de-poussees-de-sclerose-en-plaques-et-daccumulation-du-handicap-neurologique-dans-differentes-zones-microclimatiques/;Autonomie;Blanc;2023;En cours;24 mois;233 913,00 €;CNSA;Santé publique, épidémiologie, géographie, neurologie, climatologie;C:\Users\PC\Desktop\Project_Internship\Index_Insight\Database\iresp_autonomie_database\062_2023_impact_des_vagues_de_chaleur_et_de_la_pollution_sur_le_risque_de_poussees_de_sclerose_en_plaques_et_d_accumulation_du_ha.txt
rejected;Impact du repérage précoce associé à une intervention brève par le pharmacien d’officine sur la déprescription des benzodiazépines et apparentés, chez les patients adultes consommateurs chroniques;https://iresp.net/projets_finances/impact-du-reperage-precoce-associe-a-une-intervention-breve-par-le-pharmacien-dofficine-sur-la-deprescription-des-benzodiazepines-et-apparentes-chez-les-patients-adultes-consommateurs-chroni/;Addictions;Lutter contre les usages et les addictions aux substances psychoactives;2022;En cours;36 mois;268 728;Fonds de Lutte Contre les Addictions;Soins primaires (santé mentale), Addictologie;C:\Users\PC\Desktop\Project_Internship\Index_Insight\temp\iresp_rejected\131_2022_impact_du_reperage_precoce_associe_a_une_intervention_breve_par_le_pharmacien_d_officine_sur_la_deprescription_des_benzo.txt
rejected;Impact d’un programme d’activité physique en ligne sur la santé sexuelle et la fertilité des hommes obèses : une étude pilote;https://iresp.net/projets_finances/impact-dun-programme-dactivite-physique-en-ligne-sur-la-sante-sexuelle-et-la-fertilite-des-hommes-obeses-une-etude-pilote/;Services, interventions et politiques favorables à la santé;Services, interventions et politiques favorables à la santé;2022;En cours;24 mois;250 000,00 €;DGS;Epidemiology / Public health / Nutrition / Evaluative research / Economy;C:\Users\PC\Desktop\Project_Internship\Index_Insight\temp\iresp_rejected\132_2022_impact_d_un_programme_d_activite_physique_en_ligne_sur_la_sante_sexuelle_et_la_fertilite_des_hommes_obeses_une_etude_pil.txt
rejected;Impact d’un programme d’éducation thérapeutique spécifiquement adapté aux personnes précaires prises en charge en appartement de coordination thérapeutique sur l’acceptation de leurs maladies et la gestion de leurs soins (EDUPACT);https://iresp.net/projets_finances/impact-dun-programme-deducation-therapeutique-specifiquement-adapte-aux-personnes-precaires-prises-en-charge-en-appartement-de-coordination-therapeutique-sur-lacceptation-de/;Services, interventions et politiques favorables à la santé;Général - Volet Recherche sur les services de santé;2016;Clos;48 mois;154018,08;CNAMTS;"Santé publique ; Education thérapeutique ; Psychologie ; Biostatistiques";C:\Users\PC\Desktop\Project_Internship\Index_Insight\temp\iresp_rejected\133_2016_impact_d_un_programme_d_education_therapeutique_specifiquement_adapte_aux_personnes_precaires_prises_en_charge_en_appart.txt
accepted;Impact d’une intervention précoce intensive sur la scolarisation des enfants avec un trouble du spectre autistique à moyen terme;https://iresp.net/projets_finances/impact-dune-intervention-precoce-intensive-sur-la-scolarisation-des-enfants-avec-un-trouble-du-spectre-autistique-a-moyen-terme/;Autonomie;Autisme (session 3);2016;Clos;36 mois;102 546€;CNSA;"Psychiatrie ; Santé publique";C:\Users\PC\Desktop\Project_Internship\Index_Insight\Database\iresp_autonomie_database\063_2016_impact_d_une_intervention_precoce_intensive_sur_la_scolarisation_des_enfants_avec_un_trouble_du_spectre_autistique_a_moy.txt
accepted;Impact familial du polyhandicap : approche méthodologique mixte;https://iresp.net/projets_finances/impact-familial-du-polyhandicap-approche-methodologique-mixte/;Autonomie;Polyhandicap;2019;Clos;24 mois;118 174,00 €;CNSA;;C:\Users\PC\Desktop\Project_Internship\Index_Insight\Database\iresp_autonomie_database\064_2019_impact_familial_du_polyhandicap_approche_methodologique_mixte.txt
accepted;Impact sur le cursus universitaire des étudiants des situations de handicap et des dispositifs d’accompagnement : faisabilité d’une étude de cohorte;https://iresp.net/projets_finances/impact-sur-le-cursus-universitaire-des-etudiants-des-situations-de-handicap-et-des-dispositifs-daccompagnement-faisabilite-dune-etude-de-cohorte/;Autonomie;Blanc (session 13);2022;Clos;12 mois;49 608,07 €;CNSA;Epidémiologie, Santé publique, Economie de la santé, Statistique;C:\Users\PC\Desktop\Project_Internship\Index_Insight\Database\iresp_autonomie_database\065_2022_impact_sur_le_cursus_universitaire_des_etudiants_des_situations_de_handicap_et_des_dispositifs_d_accompagnement_faisabil.txt
rejected;Impacts clinico-biologiques des systèmes électroniques de délivrance de nicotine sur la barrière broncho alvéolo capillaire et l’évolution de la bronchopneumopathie chronique obstructive (Séro-BPCO);https://iresp.net/projets_finances/impacts-clinico-biologiques-des-systemes-electroniques-de-delivrance-de-nicotine-sur-la-barriere-broncho-alveolo-capillaire-et-levolution-de-la-bronchopneumopathie-chronique-obstructive-sero/;Addictions;Appel à projets de recherche et d’intervention pour réduire et lutter contre le tabagisme;2019;Clos;18 mois;50 000;Fonds de Lutte Contre le Tabagisme;"Biologie Médicale ; Pharmacologie ; Toxicologie ; Pneumologie ; Biochimie";C:\Users\PC\Desktop\Project_Internship\Index_Insight\temp\iresp_rejected\134_2019_impacts_clinico_biologiques_des_systemes_electroniques_de_delivrance_de_nicotine_sur_la_barriere_broncho_alveolo_capilla.txt
rejected;Implants guidant favorisant la régénération cérébrale chez les traumatisés crâniens graves : Conception, Evaluation Biologique et Soumission du dossier à l’ANSM;https://iresp.net/projets_finances/implants-guidant-favorisant-la-regeneration-cerebrale-chez-les-traumatises-craniens-graves-conception-evaluation-biologique-et-soumission-du-dossier-a-lansm/;MESSIDORE;Méthodologie des essais cliniques innovants, dispositifs, outils et recherches exploitant les données de santé et biobanques;2023;En cours;36 mois;450 050,00 €;INSERM;Neurosciences / biology / neuroimaging / medical device science / biomedical engineering;C:\Users\PC\Desktop\Project_Internship\Index_Insight\temp\iresp_rejected\135_2023_implants_guidant_favorisant_la_regeneration_cerebrale_chez_les_traumatises_craniens_graves_conception_evaluation_biologi.txt
rejected;Implémentation du modèle de Promotion de la santé au sein des clubs sportifs;https://iresp.net/projets_finances/implementation-du-modele-de-promotion-de-la-sante-au-sein-des-clubs-sportifs/;Services, interventions et politiques favorables à la santé;Services, interventions et politiques favorables à la santé;2024;Clos;5 mois;31 640,00;Santé Publique France;Interdisciplinaire: physiologie, psychologie, management du sport, santé publique, sociologie;C:\Users\PC\Desktop\Project_Internship\Index_Insight\temp\iresp_rejected\136_2024_implementation_du_modele_de_promotion_de_la_sante_au_sein_des_clubs_sportifs.txt
rejected;Implication des circuits de récompense intestin-cerveau dans la motivation accrue à consommer du sucre;https://iresp.net/projets_finances/implication-des-circuits-de-recompense-intestin-cerveau-dans-la-motivation-accrue-a-consommer-du-sucre/;Addictions;Conduites Addictives et Drogues;2024;En cours;24 mois;60 000,00;Fonds de lutte contre les addictions;Neurosciences / Addiction;C:\Users\PC\Desktop\Project_Internship\Index_Insight\temp\iresp_rejected\137_2024_implication_des_circuits_de_recompense_intestin_cerveau_dans_la_motivation_accrue_a_consommer_du_sucre.txt
rejected;Implication du craving dans la consommation de substances chez les sujets dépendants. Une étude d’évaluation écologique momentanée (CUSEMA);https://iresp.net/projets_finances/implication-du-craving-dans-la-consommation-de-substances-chez-les-sujets-dependants-une-etude-devaluation-ecologique-momentanee-cusema/;Addictions;Lutte contre les addictions aux substances psychoactives;2019;Clos;36 mois;262215;Fonds de Lutte Contre les Addictions;"Addictions ; Neurosciences cliniques ; Psychiatrie";C:\Users\PC\Desktop\Project_Internship\Index_Insight\temp\iresp_rejected\138_2019_implication_du_craving_dans_la_consommation_de_substances_chez_les_sujets_dependants_une_etude_d_evaluation_ecologique_m.txt
accepted;Incapacité et perte d’autonomie des personnes âgées dans les départements d’outremer – un enjeu de politique sociale;https://iresp.net/projets_finances/incapacite-et-perte-dautonomie-des-personnes-agees-dans-les-departements-doutremer-un-enjeu-de-politique-sociale/;Autonomie;Blanc;2016;Clos;36 mois;137 972 €;CNSA;"Démographie ; Statistiques ; Santé publique ; Socio-démographie";C:\Users\PC\Desktop\Project_Internship\Index_Insight\Database\iresp_autonomie_database\066_2016_incapacite_et_perte_d_autonomie_des_personnes_agees_dans_les_departements_d_outremer_un_enjeu_de_politique_sociale.txt
accepted;Inclusion des enfants : Focus sur les Relations entre pairs pour les Enfants en situation de Handicap (6 mois-6 ans);https://iresp.net/projets_finances/inclusion-des-enfants-focus-sur-les-relations-entre-pairs-pour-les-enfants-en-situation-de-handicap-6-mois-6-ans/;Autonomie;Blanc;2016;Clos;36 mois;108 838€;CNSA;"Psychologie ; Psychopédagogie ; Psychomotricité ; Neuropédiatrie ; Psychologie du développement ; Psychanalyse et éducation ; Sociologie";C:\Users\PC\Desktop\Project_Internship\Index_Insight\Database\iresp_autonomie_database\067_2016_inclusion_des_enfants_focus_sur_les_relations_entre_pairs_pour_les_enfants_en_situation_de_handicap_6_mois_6_ans.txt
rejected;Inégalités sociales de santé dans un contexte urbain à l’heure de changements socioéconomiques majeurs: étude des déterminants individuels et contextuels dans le Grand Paris;https://iresp.net/projets_finances/inegalites-sociales-de-sante-dans-un-contexte-urbain-a-lheure-de-changements-socioeconomiques-majeurs-etude-des-determinants-individuels-et-contextuels-dans-le-grand-paris/;Services, interventions et politiques favorables à la santé;Général - volet Prévention;2017;Abandon;36 mois;198,000.00;DGS;Epidémiologie sociale / Sociologie;C:\Users\PC\Desktop\Project_Internship\Index_Insight\temp\iresp_rejected\139_2017_inegalites_sociales_de_sante_dans_un_contexte_urbain_a_l_heure_de_changements_socioeconomiques_majeurs_etude_des_determi.txt
rejected;Inégalités sociales vis-à-vis des conduites addictives dans le contexte de l’épidemie de COVID-19;https://iresp.net/projets_finances/inegalites-sociales-vis-a-vis-des-conduites-addictives-dans-le-contexte-de-lepidemie-de-covid-19/;Addictions;Recherches pour lutter contre les usages de substances psychoactives et les addictions;2020;En cours;36 mois;;Fonds de Lutte Contre les Addictions;Épidémiologie sociale;C:\Users\PC\Desktop\Project_Internship\Index_Insight\temp\iresp_rejected\140_2020_inegalites_sociales_vis_a_vis_des_conduites_addictives_dans_le_contexte_de_l_epidemie_de_covid_19.txt
rejected;Inégalités socio-territoriales dans la consommation de substances psychoactives;https://iresp.net/projets_finances/inegalites-socio-territoriales-dans-la-consommation-de-substances-psychoactives/;Addictions;Recherches pour lutter contre les usages de substances psychoactives et les addictions;2021;En cours;36 mois;;Fond de Lutte Contre les Addictions;Epidémiologie sociale;C:\Users\PC\Desktop\Project_Internship\Index_Insight\temp\iresp_rejected\141_2021_inegalites_socio_territoriales_dans_la_consommation_de_substances_psychoactives.txt
rejected;Influence de la présence d’un congénère sur la consommation de drogue et son substrat neurobiologique : une affaire de genre et de type de drogue ?;https://iresp.net/projets_finances/influence-de-la-presence-dun-congenere-sur-la-consommation-de-drogue-et-son-substrat-neurobiologique-une-affaire-de-genre-et-de-type-de-drogue/;Addictions;Substances psychoactives et comportements avec pouvoir addictif;2023;En cours;48 mois;310 405,00;Fonds de lutte contre les addictions;Neurosciences/Maladies psychiatriques/;C:\Users\PC\Desktop\Project_Internship\Index_Insight\temp\iresp_rejected\142_2023_influence_de_la_presence_d_un_congenere_sur_la_consommation_de_drogue_et_son_substrat_neurobiologique_une_affaire_de_gen.txt
rejected;Influence des références théoriques et du sTAtut taBAgique des médeCins et des Infirmières sur le sevrage Des patiEnts fumeurs (TABACIDE);https://iresp.net/projets_finances/influence-des-references-theoriques-et-du-statut-tabagique-des-medecins-et-des-infirmieres-sur-le-sevrage-des-patients-fumeurs-tabacide/;Addictions;Appel à projets de recherche et d’intervention pour réduire et lutter contre le tabagisme;2018;Clos;18 mois;50 000;Fonds de Lutte Contre le Tabac;Socio-anthropologie;C:\Users\PC\Desktop\Project_Internship\Index_Insight\temp\iresp_rejected\143_2018_influence_des_references_theoriques_et_du_statut_tabagique_des_medecins_et_des_infirmieres_sur_le_sevrage_des_patients_f.txt
accepted;Innovations managériales dans les SAAD : réceptions et résistances des dirigeants et encadrants d’un secteur en crise;https://iresp.net/projets_finances/innovations-manageriales-dans-les-saad-receptions-et-resistances-des-dirigeants-et-encadrants-dun-secteur-en-crise/;Autonomie;Dispositif Doctoral du programme Autonomie;2023;En cours;12 mois;44 688,00 €;CNSA;Sociologie;C:\Users\PC\Desktop\Project_Internship\Index_Insight\Database\iresp_autonomie_database\068_2023_innovations_manageriales_dans_les_saad_receptions_et_resistances_des_dirigeants_et_encadrants_d_un_secteur_en_crise.txt
accepted;INNOVIDEP (INterventions NOn médicamenteuses pour VIvre mieux avec la DEPendance) Communauté mixte de recherche sur les services de santé et les politiques publiques;https://iresp.net/projets_finances/innovidep-interventions-non-medicamenteuses-pour-vivre-mieux-avec-la-dependance-communaute-mixte-de-recherche-sur-les-services-de-sante-et-les-politiques-publiques/;Autonomie;Soutien à la structuration de communauté mixte de recherche (session 3);2022;Clos;19 mois;132 587,00 €;CNSA;Santé Publique, Science économie, Philosophie;C:\Users\PC\Desktop\Project_Internship\Index_Insight\Database\iresp_autonomie_database\069_2022_innovidep_interventions_non_medicamenteuses_pour_vivre_mieux_avec_la_dependance_communaute_mixte_de_recherche_sur_les_se.txt
rejected;Interactions patients experts en addictologie : Modélisation des interactions patients-patients experts-soignants au cours du parcours de soins en addictologie (IPEXA) – Delphine Moisan;https://iresp.net/projets_finances/interactions-patients-experts-en-addictologie-modelisation-des-interactions-patients-patients-experts-soignants-au-cours-du-parcours-de-soins-en-addictologie-ipexa/;Addictions;Lutte contre les addictions aux substances psychoactives;2019;Terminé;24 mois;100 000;Fonds de Lutte Contre les Addictions;"Médecine ; Psychiatrie ; Addictologie ; Épidémiologie clinique ; Psychologie";C:\Users\PC\Desktop\Project_Internship\Index_Insight\temp\iresp_rejected\144_2019_interactions_patients_experts_en_addictologie_modelisation_des_interactions_patients_patients_experts_soignants_au_cours.txt
rejected;Interactions soignants – patients et reconfigurations des inégalités sociales de santé (Projet ISP-ISS);https://iresp.net/projets_finances/interactions-soignants-patients-et-reconfigurations-des-inegalites-sociales-de-sante/;Services, interventions et politiques favorables à la santé;Général -Volet Recherche sur les services de santé;2017;Clos;36 mois;199224,35;DREES;"Sciences de l'information et de la communication ; Sciences politiques ; Sociologie de la santé ; Épidémiologie ; Santé publique ; Sciences Informatiques ; Droit public";C:\Users\PC\Desktop\Project_Internship\Index_Insight\temp\iresp_rejected\145_2017_interactions_soignants_patients_et_reconfigurations_des_inegalites_sociales_de_sante_projet_isp_iss.txt
rejected;Intérêt de la Réalité Virtuelle en Thérapie Comportementale et Cognitive du Trouble d’Usage de Cocaïne;https://iresp.net/projets_finances/interet-de-la-realite-virtuelle-en-therapie-comportementale-et-cognitive-du-trouble-dusage-de-cocaine/;Addictions;Recherches pour lutter contre les usages de substances psychoactives et les addictions;2021;En cours;36 mois;;Fond de Lutte Contre les Addictions;Thérapie Comportementale (Psychologie);C:\Users\PC\Desktop\Project_Internship\Index_Insight\temp\iresp_rejected\146_2021_interet_de_la_realite_virtuelle_en_therapie_comportementale_et_cognitive_du_trouble_d_usage_de_cocaine.txt
rejected;Intérêt d’une approche « substitut traitement » pour le sevrage tabagique des patients coronariens hospitalisés en unité de soins intensifs cardiologiques;https://iresp.net/projets_finances/interet-dune-approche-substitut-traitement-pour-le-sevrage-tabagique-des-patients-coronariens-hospitalises-en-unite-de-soins-intensifs-cardiologiques/;Addictions;Appel à projets de recherche et d’intervention pour réduire et lutter contre le tabagisme;2018;Clos;18 mois;50 000;Fonds de Lutte Contre le Tabagisme;"Cardiologie ; Addictologie ; Tabacologie";C:\Users\PC\Desktop\Project_Internship\Index_Insight\temp\iresp_rejected\147_2018_interet_d_une_approche_substitut_traitement_pour_le_sevrage_tabagique_des_patients_coronariens_hospitalises_en_unite_de_.txt
rejected;Intervention COmmuNautaire en vue d’Eliminer le VHC parmi les personnes qui utilisent des drogues. Étude d’implémentation dans les villes de Paris, Marseille, Lyon et Fort de France.;https://iresp.net/projets_finances/intervention-communautaire-en-vue-deliminer-le-vhc-parmi-les-personnes-qui-utilisent-des-drogues-etude-dimplementation-dans-les-villes-de-paris-marseille-lyon-et-fort-de-france/;Addictions;Lutter contre les usages et les addictions aux substances psychoactives;2022;En cours;36 mois;99 056,00 €;Fond de Lutte Contre les Addictions;Maladies infectieuses, Psychiatrie;C:\Users\PC\Desktop\Project_Internship\Index_Insight\temp\iresp_rejected\148_2022_intervention_communautaire_en_vue_d_eliminer_le_vhc_parmi_les_personnes_qui_utilisent_des_drogues_etude_d_implementation.txt
rejected;Intervention de prévention des risques des pesticides chez les agriculteurs français, utilisant des méthodes pédagogiques alternatives à l’apport descendant de connaissances.;https://iresp.net/projets_finances/intervention-de-prevention-des-risques-des-pesticides-chez-les-agriculteurs-francais-utilisant-des-methodes-pedagogiques-alternatives-a-lapport-descendant-de-connaissances/;Services, interventions et politiques favorables à la santé;Services, interventions et politiques favorables à la santé;2022;En cours;36 mois;249 080,00 €;DGS;Interventional Epidemiology, Social Psychology, Analytical Chemistry;C:\Users\PC\Desktop\Project_Internship\Index_Insight\temp\iresp_rejected\149_2022_intervention_de_prevention_des_risques_des_pesticides_chez_les_agriculteurs_francais_utilisant_des_methodes_pedagogiques.txt
rejected;Intervention de promotion du bien-être et de la santé mentale dans une communauté en ligne d’adolescents;https://iresp.net/projets_finances/intervention-de-promotion-du-bien-etre-et-de-la-sante-mentale-dans-une-communaute-en-ligne-dadolescents/;Services, interventions et politiques favorables à la santé;Recherche en santé publique;2020;En cours;36 mois;189 703,00 €;DGS;;C:\Users\PC\Desktop\Project_Internship\Index_Insight\temp\iresp_rejected\150_2020_intervention_de_promotion_du_bien_etre_et_de_la_sante_mentale_dans_une_communaute_en_ligne_d_adolescents.txt
accepted;Intervention développementale précoce DENVER pour les enfants avec polyhandicap : une étude pilote de faisabilité et d’efficacité;https://iresp.net/projets_finances/intervention-developpementale-precoce-denver-pour-les-enfants-avec-polyhandicap-une-etude-pilote-de-faisabilite-et-defficacite/;Autonomie;Polyhandicap;2019;Clos;36 mois;147 590,00 €;CNSA;;C:\Users\PC\Desktop\Project_Internship\Index_Insight\Database\iresp_autonomie_database\070_2019_intervention_developpementale_precoce_denver_pour_les_enfants_avec_polyhandicap_une_etude_pilote_de_faisabilite_et_d_eff.txt
accepted;Intervention pour enfant avec un trouble du spectre autistique conduite par les parents, formés et accompagnés par visioconférence : Facilitateurs et obstacles pour les parents;https://iresp.net/projets_finances/intervention-pour-enfant-avec-un-trouble-du-spectre-autistique-conduite-par-les-parents-formes-et-accompagnes-par-visioconference-facilitateurs-et-obstacles-pour-les-parents/;Autonomie;Autisme (session 3);2016;En cours;36 mois;70595,50;CNSA;"Santé publique ; Psychiatrie";C:\Users\PC\Desktop\Project_Internship\Index_Insight\Database\iresp_autonomie_database\071_2016_intervention_pour_enfant_avec_un_trouble_du_spectre_autistique_conduite_par_les_parents_formes_et_accompagnes_par_visioc.txt
rejected;Investigation mutidimensioNnelle de l’Inflammation mICrovasculaire sans anticorps anti-HLA dans la transplantation rénale;https://iresp.net/projets_finances/investigation-mutidimensionnelle-de-linflammation-microvasculaire-sans-anticorps-anti-hla-dans-la-transplantation-renale/;MESSIDORE;Méthodologie des essais cliniques innovants, dispositifs, outils et recherches exploitant les données de santé et biobanques;2024;En cours;36 mois;1 184 059,00;INSERM;Kidney transplantation/ Biostatistics, Bioinformatics/ Personalized Medicine/ Allogenomic / Immunology;C:\Users\PC\Desktop\Project_Internship\Index_Insight\temp\iresp_rejected\151_2024_investigation_mutidimensionnelle_de_l_inflammation_microvasculaire_sans_anticorps_anti_hla_dans_la_transplantation_renal.txt
rejected;Jeunes ayant des comportements à pouvoir addictif en lien avec les jeux vidéos : des interventions pour réduire les risques;https://iresp.net/projets_finances/jeunes-ayant-des-comportements-a-pouvoir-addictif-en-lien-avec-les-jeux-videos-des-interventions-pour-reduire-les-risques/;Addictions;Conduites Addictives et Drogues;2024;En cours;24 mois;149 256,00;Fonds de lutte contre les addictions;Promotion de la santé, prévention;C:\Users\PC\Desktop\Project_Internship\Index_Insight\temp\iresp_rejected\152_2024_jeunes_ayant_des_comportements_a_pouvoir_addictif_en_lien_avec_les_jeux_videos_des_interventions_pour_reduire_les_risque.txt
accepted;La communication des élèves avec polyhandicap en contexte de classe – Etude des interactions entre pairs et entre élève/adulte au sein du groupe pédagogique;https://iresp.net/projets_finances/la-communication-des-eleves-avec-polyhandicap-en-contexte-de-classe-etude-des-interactions-entre-pairs-et-entre-eleve-adulte-au-sein-du-groupe-pedagogique/;Autonomie;Polyhandicap;2019;Clos;18 mois;130 280,00 €;CNSA;;C:\Users\PC\Desktop\Project_Internship\Index_Insight\Database\iresp_autonomie_database\072_2019_la_communication_des_eleves_avec_polyhandicap_en_contexte_de_classe_etude_des_interactions_entre_pairs_et_entre_eleve_ad.txt
rejected;La concertation pluriprofessionnelle au sein des maisons de santé : une étude interdisciplinaire – François Xavier SCHWEYER;https://iresp.net/projets_finances/la-concertation-pluriprofessionnelle-au-sein-des-maisons-de-sante-une-etude-interdisciplinaire/;Services, interventions et politiques favorables à la santé;Général - volet Recherche sur les services de santé;2018;Clos;24 mois;151 998,00 €;CNAMTS;Sociologie / Médecine / Géographie;C:\Users\PC\Desktop\Project_Internship\Index_Insight\temp\iresp_rejected\153_2018_la_concertation_pluriprofessionnelle_au_sein_des_maisons_de_sante_une_etude_interdisciplinaire_francois_xavier_schweyer.txt
accepted;La critique ordinaire des usagers en santé mentale : du processus d’émergence et de traitement des plaintes au sein des établissements à leurs effets sur l’institution;https://iresp.net/projets_finances/la-critique-ordinaire-des-usagers-en-sante-mentale-du-processus-demergence-et-de-traitement-des-plaintes-au-sein-des-etablissements-a-leurs-effets-sur-linstitution/;Autonomie;Blanc (session 8);2017;Clos;24 mois;149 840,00 €;CNSA;Sociologie / Ethique;C:\Users\PC\Desktop\Project_Internship\Index_Insight\Database\iresp_autonomie_database\073_2017_la_critique_ordinaire_des_usagers_en_sante_mentale_du_processus_d_emergence_et_de_traitement_des_plaintes_au_sein_des_et.txt
accepted;La légitimité des concernés : évolutions de l’espace de la cause du handicap depuis la loi 2005;https://iresp.net/projets_finances/la-legitimite-des-concernes-evolutions-de-lespace-de-la-cause-du-handicap-depuis-la-loi-2005/;Autonomie;Dispositif Doctoral du programme Autonomie;2024;Clos;12 mois;48 552,00 €;CNSA;Science politique et sociologie;C:\Users\PC\Desktop\Project_Internship\Index_Insight\Database\iresp_autonomie_database\074_2024_la_legitimite_des_concernes_evolutions_de_l_espace_de_la_cause_du_handicap_depuis_la_loi_2005.txt
accepted;La participation politique des personnes handicapées;https://iresp.net/projets_finances/la-participation-politique-des-personnes-handicapees/;Autonomie;Blanc;2023;En cours;36 mois;250 000,00 €;CNSA;Sociologie;C:\Users\PC\Desktop\Project_Internship\Index_Insight\Database\iresp_autonomie_database\075_2023_la_participation_politique_des_personnes_handicapees.txt
rejected;La place de l’éthique dans l’élaboration des programmes politiques de prévention de santé publique;https://iresp.net/projets_finances/la-place-de-lethique-dans-lelaboration-des-programmes-politiques-de-prevention-de-sante-publique/;Services, interventions et politiques favorables à la santé;Général - volet Prévention;2017;Clos;36 mois;191 576,00 €;;Ethique / Santé publique / Sciences politiques;C:\Users\PC\Desktop\Project_Internship\Index_Insight\temp\iresp_rejected\154_2017_la_place_de_l_ethique_dans_l_elaboration_des_programmes_politiques_de_prevention_de_sante_publique.txt
accepted;La politisation des situations de handicap : accessibilité, participation et citoyenneté des personnes handicapées en France (2019-2022);https://iresp.net/projets_finances/la-politisation-des-situations-de-handicap-accessibilite-participation-et-citoyennete-des-personnes-handicapees-en-france-2019-2022/;Autonomie;Blanc (session 9);2018;Clos;36 mois;149 645,00 €;CNSA;;C:\Users\PC\Desktop\Project_Internship\Index_Insight\Database\iresp_autonomie_database\076_2018_la_politisation_des_situations_de_handicap_accessibilite_participation_et_citoyennete_des_personnes_handicapees_en_franc.txt
accepted;La « prescription d’activité physique » dans les parcours de prise en charge des personnes vieillissantes à l’aune des inégalités de santé : une comparaison entre territoires français;https://iresp.net/projets_finances/la-prescription-dactivite-physique-dans-les-parcours-de-prise-en-charge-des-personnes-vieillissantes-a-laune-des-inegalites-de-sante-une-comparaison-entre-territoires-francais/;Autonomie;Blanc (session 10);2019;En cours;30 mois;149 947,00 €;CNSA;None;C:\Users\PC\Desktop\Project_Internship\Index_Insight\Database\iresp_autonomie_database\077_2019_la_prescription_d_activite_physique_dans_les_parcours_de_prise_en_charge_des_personnes_vieillissantes_a_l_aune_des_inega.txt
rejected;La promotion du sommeil chez les enfants d’âge préscolaire;https://iresp.net/projets_finances/la-promotion-du-sommeil-chez-les-enfants-dage-prescolaire/;Services, interventions et politiques favorables à la santé;Services, interventions et politiques favorables à la santé;2021;En cours;48 mois;399 414,00 €;DGS;Public health medicine/ cognitive psychology/ intervention methodology/ epidemiology;C:\Users\PC\Desktop\Project_Internship\Index_Insight\temp\iresp_rejected\155_2021_la_promotion_du_sommeil_chez_les_enfants_d_age_prescolaire.txt
rejected;La réalité virtuelle pour évaluer et améliorer les messages de prévention anti-tabac;https://iresp.net/projets_finances/la-realite-virtuelle-pour-evaluer-et-ameliorer-les-messages-de-prevention-anti-tabac/;Addictions;Appel à projets de recherche et d’intervention pour réduire et lutter contre le tabagisme;2018;Clos;36 mois;247 312;Fonds de Lutte Contre le Tabac;"Psychologie ; Sciences Humaines et Sociales";C:\Users\PC\Desktop\Project_Internship\Index_Insight\temp\iresp_rejected\156_2018_la_realite_virtuelle_pour_evaluer_et_ameliorer_les_messages_de_prevention_anti_tabac.txt
accepted;La vie au quotidien des personnes en Etat Végétatif Chronique (EVC) ou en Etat Pauci-Relationnel (EPR), à domicile;https://iresp.net/projets_finances/la-vie-au-quotidien-des-personnes-en-etat-vegetatif-chronique-evc-ou-en-etat-pauci-relationnel-epr-a-domicile/;Autonomie;Blanc;2016;Clos;24 mois;80 000 €;CNSA;"Psychologie ; Sciences de l'éducation ; Sociologie";C:\Users\PC\Desktop\Project_Internship\Index_Insight\Database\iresp_autonomie_database\078_2016_la_vie_au_quotidien_des_personnes_en_etat_vegetatif_chronique_evc_ou_en_etat_pauci_relationnel_epr_a_domicile.txt
rejected;L’accès aux soins en santé mentale de la part des jeunes : utilisation des services actuels et enquête sur le rôle d’Internet et des nouvelles technologies pour la détection et prise en charge des troubles psychiques (Se-SaMe-Jeunes);https://iresp.net/projets_finances/lacces-aux-soins-en-sante-mentale-de-la-part-des-jeunes-utilisation-des-services-actuels-et-enquete-sur-le-role-dinternet-et-des-nouvelles-technologies-pour-la-detection-et-prise-e/;Services, interventions et politiques favorables à la santé;Général - Volet Recherche sur les services de santé;2016;Clos;12 mois;49852;CNAMTS;"Epidémiologie ; Communication en santé ; Anthropologie ; Santé publique ; Psychologie ; Psychiatrie ; Sociologie";C:\Users\PC\Desktop\Project_Internship\Index_Insight\temp\iresp_rejected\157_2016_l_acces_aux_soins_en_sante_mentale_de_la_part_des_jeunes_utilisation_des_services_actuels_et_enquete_sur_le_role_d_inter.txt
rejected;L’alcool et les drogues dans l’Université de Caen Normandie ” – Partie 3 « Prévention » (ADUC Part 3);https://iresp.net/projets_finances/lalcool-et-les-drogues-dans-luniversite-de-caen-normandie-partie-3-prevention-aduc-part-3/;Addictions;Lutte contre les addictions aux substances psychoactives;2019;En cours;48 mois;295 793;Fonds de Lutte Contre les Addictions;"Psychologie ; Addictologie ; Épidémiologie ; Santé publique";C:\Users\PC\Desktop\Project_Internship\Index_Insight\temp\iresp_rejected\158_2019_l_alcool_et_les_drogues_dans_l_universite_de_caen_normandie_partie_3_prevention_aduc_part_3.txt
accepted;Le devenir des pilotes MAIA : trajectoires individuelles, dynamiques des compétences et politiques d’organisations dans le champ de l’autonomie;https://iresp.net/projets_finances/le-devenir-des-pilotes-maia-trajectoires-individuelles-dynamiques-des-competences-et-politiques-dorganisations-dans-le-champ-de-lautonomie/;Autonomie;Analyse des politiques de l’autonomie, de l’offre médico-sociale et des besoins des publics;2023;En cours;18 mois;113 792,00 €;CNSA;Sociologie;C:\Users\PC\Desktop\Project_Internship\Index_Insight\Database\iresp_autonomie_database\079_2023_le_devenir_des_pilotes_maia_trajectoires_individuelles_dynamiques_des_competences_et_politiques_d_organisations_dans_le_.txt
rejected;Le rôle du craving dans l’addiction aux écrans, et ses corrélats physiologiques.;https://iresp.net/projets_finances/le-role-du-craving-dans-laddiction-aux-ecrans-et-ses-correlats-physiologiques/;Addictions;Conduites Addictives et Drogues : Prévention, Mécanismes, Repérage et Accompagnement;2024;En cours;36 mois;151 200,00;Fonds de lutte contre les addictions;;C:\Users\PC\Desktop\Project_Internship\Index_Insight\temp\iresp_rejected\159_2024_le_role_du_craving_dans_l_addiction_aux_ecrans_et_ses_correlats_physiologiques.txt
rejected;Lecture de l’information nutritionnelle et usages en populations défavorisées;https://iresp.net/projets_finances/lecture-de-linformation-nutritionnelle-et-usages-en-populations-defavorisees/;Services, interventions et politiques favorables à la santé;Services, interventions et politiques favorables à la santé;2022;En cours;18 mois;95 023,00 €;DGS;"Nutrition ; Education à la santé ; sciences de gestion ; santé publique ; sociologie de l'alimentation";C:\Users\PC\Desktop\Project_Internship\Index_Insight\temp\iresp_rejected\160_2022_lecture_de_l_information_nutritionnelle_et_usages_en_populations_defavorisees.txt
rejected;Les avertissements sanitaires sur les paquets de tabac – L’étude NUHWTOPAC;https://iresp.net/projets_finances/les-avertissements-sanitaires-sur-les-paquets-de-tabac-letude-nuhwtopac/;Addictions;Appel à projets de recherche et d’intervention pour réduire et lutter contre le tabagisme;2018;Clos;18 mois;48 802;Fonds de Lutte Contre le Tabac;"Psychologie ; Économie de la santé ; Économie expérimentale ; Étude des comportements économiques";C:\Users\PC\Desktop\Project_Internship\Index_Insight\temp\iresp_rejected\161_2018_les_avertissements_sanitaires_sur_les_paquets_de_tabac_l_etude_nuhwtopac.txt
accepted;Les certificats médicaux donnant lieu à des demandes d’informations complémentaires dans le cadre de l’évaluation du handicap psychique : l’avis des MDPH, des médecins et des usagers;https://iresp.net/projets_finances/les-certificats-medicaux-donnant-lieu-a-des-demandes-dinformations-complementaires-dans-le-cadre-de-levaluation-du-handicap-psychique-lavis-des-mdph-des-medecins-et-des-u/;Autonomie;Blanc (session 10);2019;Clos;12 mois;49 838,00 €;CNSA;;C:\Users\PC\Desktop\Project_Internship\Index_Insight\Database\iresp_autonomie_database\080_2019_les_certificats_medicaux_donnant_lieu_a_des_demandes_d_informations_complementaires_dans_le_cadre_de_l_evaluation_du_han.txt
accepted;Les expériences du handicap en France et en GrèceRelations entre personnes handicapées, aidants familiaux et professionnelsUn réseau de jeunes chercheurs européens;https://iresp.net/projets_finances/les-experiences-du-handicap-en-france-et-en-grecerelations-entre-personnes-handicapees-aidants-familiaux-et-professionnelsun-reseau-de-jeunes-chercheurs-europeens/;Autonomie;Blanc (session 9);2018;Clos;12 mois;35 495,00 €;CNSA;;C:\Users\PC\Desktop\Project_Internship\Index_Insight\Database\iresp_autonomie_database\081_2018_les_experiences_du_handicap_en_france_et_en_grecerelations_entre_personnes_handicapees_aidants_familiaux_et_professionne.txt
rejected;Les fibres alimentaires pour améliorer la prise en charge du sevrage de l’alcool – étude preuve de concept randomisée contrôlée en ouvert;https://iresp.net/projets_finances/les-fibres-alimentaires-pour-ameliorer-la-prise-en-charge-du-sevrage-de-lalcool-etude-preuve-de-concept-randomisee-controlee-en-ouvert/;Addictions;Lutter contre les usages et les addictions aux substances psychoactives;2022;En cours;24 mois;99 575;Fonds de Lutte Contre les Addictions;Sciences médicales (gastroentérologie et nutrition);C:\Users\PC\Desktop\Project_Internship\Index_Insight\temp\iresp_rejected\162_2022_les_fibres_alimentaires_pour_ameliorer_la_prise_en_charge_du_sevrage_de_l_alcool_etude_preuve_de_concept_randomisee_cont.txt
rejected;Les interventions psychiques dans les services de soins en santé mentale Permanences, hybridations et innovations (LIP3SM);https://iresp.net/projets_finances/les-interventions-psychiques-dans-les-services-de-soins-en-sante-mentale-permanences-hybridations-et-innovations-lip4sm/;Services, interventions et politiques favorables à la santé;Général -Volet Recherche sur les services de santé;2017;Clos;24 mois;146 533,45;DGS;"Sociologie ; Psychologie sociale ; Psychiatrie ; Epidémiologie";C:\Users\PC\Desktop\Project_Internship\Index_Insight\temp\iresp_rejected\163_2017_les_interventions_psychiques_dans_les_services_de_soins_en_sante_mentale_permanences_hybridations_et_innovations_lip3sm.txt
accepted;Les parcours d’accès aux droits et aux services administratifs des personnes handicapées;https://iresp.net/projets_finances/les-parcours-dacces-aux-droits-et-aux-services-administratifs-des-personnes-handicapees/;Autonomie;Analyse des politiques de l’autonomie, de l’offre médico-sociale et des besoins des publics;2024;En cours;36 mois;116 917,00;CNSA;Géographie sociale, Sociologie;C:\Users\PC\Desktop\Project_Internship\Index_Insight\Database\iresp_autonomie_database\082_2024_les_parcours_d_acces_aux_droits_et_aux_services_administratifs_des_personnes_handicapees.txt
rejected;Les pharmaciens dans l’exercice coordonné en soins primaires : conditions d’intégration, attentes et logiques professionnelles – Christine PEYRON;https://iresp.net/projets_finances/les-pharmaciens-dans-lexercice-coordonne-en-soins-primaires-conditions-dintegration-attentes-et-logiques-professionnelles/;Services, interventions et politiques favorables à la santé;Général - volet Recherche sur les services de santé;2018;Clos;24 mois;182 315,00 €;DGS;Economie / Sociologie / Sciences paramédicales;C:\Users\PC\Desktop\Project_Internship\Index_Insight\temp\iresp_rejected\164_2018_les_pharmaciens_dans_l_exercice_coordonne_en_soins_primaires_conditions_d_integration_attentes_et_logiques_professionnel.txt
rejected;Les risques liés à l’alcoolisation et à la santé sexuelle chez les jeunes adultes en France et en Corée du Sud;https://iresp.net/projets_finances/les-risques-lies-a-lalcoolisation-et-a-la-sante-sexuelle-chez-les-jeunes-adultes-en-france-et-en-coree-du-sud/;Addictions;Conduites Addictives et Drogues : Prévention, Mécanismes, Repérage et Accompagnement;2024;En cours;12 mois;48 075,00;Fonds de lutte contre les addictions;;C:\Users\PC\Desktop\Project_Internship\Index_Insight\temp\iresp_rejected\165_2024_les_risques_lies_a_l_alcoolisation_et_a_la_sante_sexuelle_chez_les_jeunes_adultes_en_france_et_en_coree_du_sud.txt
accepted;Les savoirs expérientiels au cœur de l’accompagnement et du soutien par les pairs;https://iresp.net/projets_finances/les-savoirs-experientiels-au-coeur-de-laccompagnement-et-du-soutien-par-les-pairs/;Autonomie;Blanc (session 10);2019;Clos;36 mois;148 524,00 €;CNSA;;C:\Users\PC\Desktop\Project_Internship\Index_Insight\Database\iresp_autonomie_database\083_2019_les_savoirs_experientiels_au_c_ur_de_l_accompagnement_et_du_soutien_par_les_pairs.txt
accepted;L’évaluation de l’autonomie. Des outils aux usages (EVAUTO);https://iresp.net/projets_finances/levaluation-de-lautonomie-des-outils-aux-usages-evauto/;Autonomie;Établissements, Services et Transformation de l'Offre Médico-Sociale (session 4);2022;En cours;36 mois;169 053,00 €;CNSA;Sociologie - Anthropologie - Histoire - Philosophie;C:\Users\PC\Desktop\Project_Internship\Index_Insight\Database\iresp_autonomie_database\084_2022_l_evaluation_de_l_autonomie_des_outils_aux_usages_evauto.txt
accepted;L’évolution des modalités d’accompagnement médico-social : de l’institution totale à l’accompagnement total;https://iresp.net/projets_finances/levolution-des-modalites-daccompagnement-medico-social-de-linstitution-totale-a-laccompagnement-total/;Autonomie;Dispositifs et modalités d’accompagnement des personnes handicapées dans les établissements et services médico-sociaux;2017;Clos;36 mois;10 000,00 €;CNSA;Sociologie;C:\Users\PC\Desktop\Project_Internship\Index_Insight\Database\iresp_autonomie_database\085_2017_l_evolution_des_modalites_d_accompagnement_medico_social_de_l_institution_totale_a_l_accompagnement_total.txt
accepted;L’EXPERIENCE DU HANDICAP ET DE L’AUTONOMIE CHEZ LES PERSONNES CONCERNEES PAR LE TRAUMATISME CRANIEN;https://iresp.net/projets_finances/lexperience-du-handicap-et-de-lautonomie-chez-les-personnes-concernees-par-le-traumatisme-cranien/;Autonomie;Blanc (session 9);2018;Clos;36 mois;149 580,00 €;CNSA;None;C:\Users\PC\Desktop\Project_Internship\Index_Insight\Database\iresp_autonomie_database\086_2018_l_experience_du_handicap_et_de_l_autonomie_chez_les_personnes_concernees_par_le_traumatisme_cranien.txt
rejected;Littératie en santé mentale des enfants: co-création et évaluation d’une intervnetion dans le cadre de l’école afin de développer et de valider une échelle ad hoc;https://iresp.net/projets_finances/litteratie-en-sante-mentale-des-enfants-co-creation-et-evaluation-dune-intervnetion-dans-le-cadre-de-lecole-afin-de-developper-et-de-valider-une-echelle-ad-hoc/;Services, interventions et politiques favorables à la santé;Services, interventions et politiques favorables à la santé;2022;En cours;36 mois;249 983,00 €;DGS;health communication / psychology / statistics / education sciences / public health;C:\Users\PC\Desktop\Project_Internship\Index_Insight\temp\iresp_rejected\166_2022_litteratie_en_sante_mentale_des_enfants_co_creation_et_evaluation_d_une_intervnetion_dans_le_cadre_de_l_ecole_afin_de_de.txt
accepted;Living lab régional Autonomos;https://iresp.net/projets_finances/living-lab-regional-autonomos/;Autonomie;Blanc;2024;En cours;12 mois;47 320,00;CNSA;Sciences humaines et sociales, Design social;C:\Users\PC\Desktop\Project_Internship\Index_Insight\Database\iresp_autonomie_database\087_2024_living_lab_regional_autonomos.txt
rejected;lmpact de l’antibiogramme ciblé sur l’utilisation des antibiotiques à large spectre dans les infections urinaires féminines à E. coli en médecine générale: essai pragmatique randomisé en clusters en population;https://iresp.net/projets_finances/lmpact-de-lantibiogramme-cible-sur-lutilisation-des-antibiotiques-a-large-spectre-dans-les-infections-urinaires-feminines-a-e-coli-en-medecine-generale-essai-pragmatique-randomise/;Services, interventions et politiques favorables à la santé;Services, interventions et politiques favorables à la santé;2022;En cours;30 mois;231 760,00 €;DGS;Médecine générale / Santé publique / Organisation des soins;C:\Users\PC\Desktop\Project_Internship\Index_Insight\temp\iresp_rejected\167_2022_lmpact_de_l_antibiogramme_cible_sur_l_utilisation_des_antibiotiques_a_large_spectre_dans_les_infections_urinaires_femini.txt
rejected;L’ordre négocié de l’alcool au rugby et en escalade (ONARES) – Yannick Le Hénaff;https://iresp.net/projets_finances/lordre-negocie-de-lalcool-au-rugby-et-en-escalade-onares/;Addictions;Lutte contre les addictions aux substances psychoactives;2019;Clos;24 mois;92177;Fonds de Lutte Contre les Addictions;Sociologie;C:\Users\PC\Desktop\Project_Internship\Index_Insight\temp\iresp_rejected\168_2019_l_ordre_negocie_de_l_alcool_au_rugby_et_en_escalade_onares_yannick_le_henaff.txt
accepted;L’orientation scolaire des élèves soutenus par le dispositif ULIS en fin de troisième : continuités des pratiques et des représentations, discontinuités des parcours ?;https://iresp.net/projets_finances/lorientation-scolaire-des-eleves-soutenus-par-le-dispositif-ulis-en-fin-de-troisieme-continuites-des-pratiques-et-des-representations-discontinuites-des-parcours/;Autonomie;Blanc (session 11);2020;Clos;36 mois;150 000,00 €;CNSA;;C:\Users\PC\Desktop\Project_Internship\Index_Insight\Database\iresp_autonomie_database\088_2020_l_orientation_scolaire_des_eleves_soutenus_par_le_dispositif_ulis_en_fin_de_troisieme_continuites_des_pratiques_et_des_r.txt
accepted;L’orthophonie libérale dans le diagnostic des troubles dys (dyslexie, dyscalculie, dysgraphie, dyspraxie).;https://iresp.net/projets_finances/lorthophonie-liberale-dans-le-diagnostic-des-troubles-dys-dyslexie-dyscalculie-dysgraphie-dyspraxie/;Autonomie;Troubles du spectre de l’autisme, troubles du neurodéveloppement et Sciences humaines et sociales;2023;En cours;24 mois;172 792,80 €;CNSA;Sociologie;C:\Users\PC\Desktop\Project_Internship\Index_Insight\Database\iresp_autonomie_database\089_2023_l_orthophonie_liberale_dans_le_diagnostic_des_troubles_dys_dyslexie_dyscalculie_dysgraphie_dyspraxie.txt
rejected;L’usage des activités physiques dans la prise en charge des addictions (APhyChaddi) – Yannick Le Hénaff;https://iresp.net/projets_finances/lusage-des-activites-physiques-dans-la-prise-en-charge-des-addictions-aphychaddi/;Addictions;Lutte contre les addictions aux substances psychoactives;2019;Clos;24 mois;87720;Fonds de Lutte Contre les Addictions;Sociologie;C:\Users\PC\Desktop\Project_Internship\Index_Insight\temp\iresp_rejected\169_2019_l_usage_des_activites_physiques_dans_la_prise_en_charge_des_addictions_aphychaddi_yannick_le_henaff.txt
rejected;Marqueurs biopsychosociaux de l’addiction chez les usagers d’opioïdes : une approche intégrative;https://iresp.net/projets_finances/marqueurs-biopsychosociaux-de-laddiction-chez-les-usagers-dopioides-une-approche-integrative/;Addictions;Lutter contre les usages de substances psychoactives et les addictions;2021;En cours;48 mois;809 650;Fonds de Lutte Contre les Addictions;Psychiatrie, Neurobiologie, Epidémiologie, Santé Publique, Bioinformatique;C:\Users\PC\Desktop\Project_Internship\Index_Insight\temp\iresp_rejected\170_2021_marqueurs_biopsychosociaux_de_l_addiction_chez_les_usagers_d_opioides_une_approche_integrative.txt
rejected;Masculinités, santé et parcours de vie;https://iresp.net/projets_finances/masculinites-sante-et-parcours-de-vie/;Services, interventions et politiques favorables à la santé;Général - Volet Prévention;2016;Clos;12 mois;30000;DGS;Sociologie;C:\Users\PC\Desktop\Project_Internship\Index_Insight\temp\iresp_rejected\171_2016_masculinites_sante_et_parcours_de_vie.txt
rejected;Mécanismes épigénétiques de vulnérabilité à l’addiction à la cocaïne : étude du rôle de l’histone méthyl-transférase PRDM2 au moyen d’un modèle animal basé sur les critères cliniques de la pathologie;https://iresp.net/projets_finances/mecanismes-epigenetiques-de-vulnerabilite-a-laddiction-a-la-cocaine-etude-du-role-de-lhistone-methyl-transferase-prdm2-au-moyen-dun-modele-animal-base-sur-les-criteres-cli/;Addictions;Recherches pour lutter contre les usages de substances psychoactives et les addictions;2021;En cours;36 mois;;Fond de Lutte Contre les Addictions;Neurosciences;C:\Users\PC\Desktop\Project_Internship\Index_Insight\temp\iresp_rejected\172_2021_mecanismes_epigenetiques_de_vulnerabilite_a_l_addiction_a_la_cocaine_etude_du_role_de_l_histone_methyl_transferase_prdm2.txt
rejected;Mécanismes et expression des effets transgénérationels de l’exposition précoce aux 3 médicaments antiépileptiques les plus prescrits chez la femme enceinte (Lamotrigine, Pregabaline et Levetiracetam);https://iresp.net/projets_finances/mecanismes-et-expression-des-effets-transgenerationels-de-lexposition-precoce-aux-3-medicaments-antiepileptiques-les-plus-prescrits-chez-la-femme-enceinte-lamotrigine-pregabaline-et-levetir/;Antiépileptiques;Effet de l'exposition précoce aux médicaments antiépileptiques;2023;En cours;36 mois;797 477,00 €;DGS;Neurosciences;C:\Users\PC\Desktop\Project_Internship\Index_Insight\temp\iresp_rejected\173_2023_mecanismes_et_expression_des_effets_transgenerationels_de_l_exposition_precoce_aux_3_medicaments_antiepileptiques_les_pl.txt
rejected;Mécanismes neuronaux et comportementaux sous-jacents aux déficits préfrontaux lors de la première exposition au cannabis synthétique à l’adolescence.;https://iresp.net/projets_finances/mecanismes-neuronaux-et-comportementaux-sous-jacents-aux-deficits-prefrontaux-lors-de-la-premiere-exposition-au-cannabis-synthetique-a-ladolescence/;Addictions;Conduites Addictives et Drogues;2024;En cours;36 mois;559 185,00;Fonds de lutte contre les addictions;Synaptic physiology / Transcriptomics / Biochemistry / Behavior / Deep Learning;C:\Users\PC\Desktop\Project_Internship\Index_Insight\temp\iresp_rejected\174_2024_mecanismes_neuronaux_et_comportementaux_sous_jacents_aux_deficits_prefrontaux_lors_de_la_premiere_exposition_au_cannabis.txt
rejected;Médiation en santé, associative ou institutionnelle, et évaluation de ses effets sur la santé des populations vulnérables ainsi que sur les conditions de travail du personnel soignant;https://iresp.net/projets_finances/mediation-en-sante-associative-ou-institutionnelle-et-evaluation-de-ses-effets-sur-la-sante-des-populations-vulnerables-ainsi-que-sur-les-conditions-de-travail-du-personnel-soignant/;Services, interventions et politiques favorables à la santé;Services, interventions et politiques favorables à la santé;2024;En cours;36 mois;249 022,00;Santé Publique France;Economie de la santé / psychologie sociale de la santé / Santé publique / Sociologie / Anthropologie;C:\Users\PC\Desktop\Project_Internship\Index_Insight\temp\iresp_rejected\175_2024_mediation_en_sante_associative_ou_institutionnelle_et_evaluation_de_ses_effets_sur_la_sante_des_populations_vulnerables_.txt
rejected;​MEsurer et surmonter les DIfficultés ALIMentaires des Enfants hospitalisés;https://iresp.net/projets_finances/mesurer-et-surmonter-les-difficultes-alimentaires-des-enfants-hospitalises/;Services, interventions et politiques favorables à la santé;Services, interventions et politiques favorables à la santé;2022;Clos;18 mois;94 476,00 €;DGS;Psychologie du développement, sciences des aliments, pédiatrie, sciences cognitives;C:\Users\PC\Desktop\Project_Internship\Index_Insight\temp\iresp_rejected\176_2022_mesurer_et_surmonter_les_difficultes_alimentaires_des_enfants_hospitalises.txt
rejected;Mettre en place une communauté en ligne pour la prévention du tabagisme chez les adolescents (SCOTT);https://iresp.net/projets_finances/mettre-en-place-une-communaute-en-ligne-pour-la-prevention-du-tabagisme-chez-les-adolescents-scott/;Addictions;Appel à projets de recherche et d’intervention pour réduire et lutter contre le tabagisme;2018;Clos;18 mois;50 000;Fonds de Lutte Contre le Tabac;"Santé Publique ; Épidémiologie ; Sciences de l'éducation ; TIC ; Informatique médicale ; Sciences Sociales";C:\Users\PC\Desktop\Project_Internship\Index_Insight\temp\iresp_rejected\177_2018_mettre_en_place_une_communaute_en_ligne_pour_la_prevention_du_tabagisme_chez_les_adolescents_scott.txt
accepted;Mieux Inclure en classe pour le bien-être de tous : Mise en place d’un dispositif de formation des Enseignants basé sur des mises en situation professionnelle d’éducation inclusive;https://iresp.net/projets_finances/mieux-inclure-en-classe-pour-le-bien-etre-de-tous-mise-en-place-dun-dispositif-de-formation-des-enseignants-base-sur-des-mises-en-situation-professionnelle-deducation-inclusive/;Autonomie;Blanc (session 9);2018;Clos;24 mois;107 632,00 €;CNSA;Psychologie sociale, Sciences de l’éducation;C:\Users\PC\Desktop\Project_Internship\Index_Insight\Database\iresp_autonomie_database\090_2018_mieux_inclure_en_classe_pour_le_bien_etre_de_tous_mise_en_place_d_un_dispositif_de_formation_des_enseignants_base_sur_de.txt
rejected;Mise en évidence des effets du LSD sur l’activité comportementale et cérébrale chez la souris;https://iresp.net/projets_finances/mise-en-evidence-des-effets-du-lsd-sur-lactivite-comportementale-et-cerebrale-chez-la-souris/;Addictions;Recherches pour lutter contre les usages et les addictions aux substances psychoactives;2022;En cours;36 mois;;Fonds de Lutte Contre les Addictions;Neurosciences systémiques et comportementales;C:\Users\PC\Desktop\Project_Internship\Index_Insight\temp\iresp_rejected\178_2022_mise_en_evidence_des_effets_du_lsd_sur_l_activite_comportementale_et_cerebrale_chez_la_souris.txt
rejected;Mise en œuvre et évaluation d’une action de développement des compétences psychosociales en milieu scolaire pour l’amélioration du climat scolaire et du bien-être des enfants;https://iresp.net/projets_finances/mise-en-oeuvre-et-evaluation-dune-action-de-developpement-des-competences-psychosociales-en-milieu-scolaire-pour-lamelioration-du-climat-scolaire-et-du-bien-etre-des-enfants/;Services, interventions et politiques favorables à la santé;Services, interventions et politiques favorables à la santé;2024;En cours;36 mois;248 363,00;Santé Publique France;Santé publique;C:\Users\PC\Desktop\Project_Internship\Index_Insight\temp\iresp_rejected\179_2024_mise_en_uvre_et_evaluation_d_une_action_de_developpement_des_competences_psychosociales_en_milieu_scolaire_pour_l_amelio.txt
accepted;MobiRYTHM: Les rythmicités individuelles comme soutien à la mobilisation attentionnelle cognitive et sociale chez les jeunes enfants avec trouble du spectre de l’autisme;https://iresp.net/projets_finances/mobirythm-les-rythmicites-individuelles-comme-soutien-a-la-mobilisation-attentionnelle-cognitive-et-sociale-chez-les-jeunes-enfants-avec-trouble-du-spectre-de-lautisme/;Autonomie;Dispositif Doctoral du programme Autonomie;2024;En cours;36 mois;151 536,00 €;CNSA;Science Humaine et Sociale (Psychologie);C:\Users\PC\Desktop\Project_Internship\Index_Insight\Database\iresp_autonomie_database\091_2024_mobirythm_les_rythmicites_individuelles_comme_soutien_a_la_mobilisation_attentionnelle_cognitive_et_sociale_chez_les_jeu.txt
rejected;Modèle de prédiction de la réponse au traitement à l’aide d’une analyse intégrative de données cliniques, moléculaires et d’imagerie dans une large cohorte de lymphome folliculaire;https://iresp.net/projets_finances/modele-de-prediction-de-la-reponse-au-traitement-a-laide-dune-analyse-integrative-de-donnees-cliniques-moleculaires-et-dimagerie-dans-une-large-cohorte-de-lymphome-follicul/;MESSIDORE;Méthodologie des essais cliniques innovants, dispositifs, outils et recherches exploitant les données de santé et biobanques;2023;En cours;36 mois;1 440 943,00 €;INSERM;Intelligence artificielle / hémato-oncologie / biologie moléculaire;C:\Users\PC\Desktop\Project_Internship\Index_Insight\temp\iresp_rejected\180_2023_modele_de_prediction_de_la_reponse_au_traitement_a_l_aide_d_une_analyse_integrative_de_donnees_cliniques_moleculaires_et.txt
accepted;Modélisation de l’aide informelle : approches économiques et applications au dispositif innovant d’accompagnement et de répit des aidants de la métropole de Lyon;https://iresp.net/projets_finances/modelisation-de-laide-informelle-approches-economiques-et-applications-au-dispositif-innovant-daccompagnement-et-de-repit-des-aidants-de-la-metropole-de-lyon/;Autonomie;Blanc;2016;Clos;36 mois;147 179€;CNSA;"Economie de la santé ; Santé publique ; Statistiques ; Médecine";C:\Users\PC\Desktop\Project_Internship\Index_Insight\Database\iresp_autonomie_database\092_2016_modelisation_de_l_aide_informelle_approches_economiques_et_applications_au_dispositif_innovant_d_accompagnement_et_de_re.txt
rejected;Nanocapteurs métaboliques pour détecter et surveiller la sIgnature de la fibrillation auriculaire;https://iresp.net/projets_finances/nanocapteurs-metaboliques-pour-detecter-et-surveiller-la-signature-de-la-fibrillation-auriculaire/;MESSIDORE;Méthodologie des essais cliniques innovants, dispositifs, outils et recherches exploitant les données de santé et biobanques;2024;En cours;48 mois;718 930,00;INSERM;cardiology/metabolism/clinical study/bioengineering/machine learnign;C:\Users\PC\Desktop\Project_Internship\Index_Insight\temp\iresp_rejected\181_2024_nanocapteurs_metaboliques_pour_detecter_et_surveiller_la_signature_de_la_fibrillation_auriculaire.txt
rejected;Neurogénétique et multi-omique des pathologies neuroinflammatoires chez des familles multiplex pour améliorer la santé des patients;https://iresp.net/projets_finances/neurogenetique-et-multi-omique-des-pathologies-neuroinflammatoires-chez-des-familles-multiplex-pour-ameliorer-la-sante-des-patients/;MESSIDORE;Méthodologie des essais cliniques innovants, dispositifs, outils et recherches exploitant les données de santé et biobanques;2024;En cours;48 mois;926 500,00;INSERM;Neurology / Genomics / Functional genomics / Immunogenetics;C:\Users\PC\Desktop\Project_Internship\Index_Insight\temp\iresp_rejected\182_2024_neurogenetique_et_multi_omique_des_pathologies_neuroinflammatoires_chez_des_familles_multiplex_pour_ameliorer_la_sante_d.txt
rejected;Neuropsychologie des Addictions en Communautés Thérapeutiques (NeuroAddiCT) – Ludivine Ritz;https://iresp.net/projets_finances/neuropsychologie-des-addictions-en-communautes-therapeutiques-neuroaddict/;Addictions;Lutte contre les addictions aux substances psychoactives;2019;Clos;36 mois;386742;Fonds de Lutte Contre les Addictions;"Neuropsychologie ; Addictologie";C:\Users\PC\Desktop\Project_Internship\Index_Insight\temp\iresp_rejected\183_2019_neuropsychologie_des_addictions_en_communautes_therapeutiques_neuroaddict_ludivine_ritz.txt
rejected;Niveaux de consommation d’éthanol et paramètres comportementaux estimés lors de l’apprentissage par renforcement négatif ou positif (ELPENOR);https://iresp.net/projets_finances/niveaux-de-consommation-dethanol-et-parametres-comportementaux-estimes-lors-de-lapprentissage-par-renforcement-negatif-ou-positif-elpenor/;Addictions;Lutte contre les addictions aux substances psychoactives;2019;En cours;36 mois;99931;Fonds de Lutte Contre les Addictions;"Addictologie ; Épidémiologie ; Sciences comportementales ; Sciences computationnelles";C:\Users\PC\Desktop\Project_Internship\Index_Insight\temp\iresp_rejected\184_2019_niveaux_de_consommation_d_ethanol_et_parametres_comportementaux_estimes_lors_de_l_apprentissage_par_renforcement_negatif.txt
accepted;Non recours aux ESMS (après notification vers un établissement ou un service pour personnes handicapées) : profils et motivations;https://iresp.net/projets_finances/non-recours-aux-esms-apres-notification-vers-un-etablissement-ou-un-service-pour-personnes-handicapees-profils-et-motivations/;Autonomie;Dispositifs et modalités d’accompagnement des personnes handicapées dans les établissements et services médico-sociaux;2017;Clos;12 mois;73 832,00 €;CNSA;Géographie / Economie / Démographie;C:\Users\PC\Desktop\Project_Internship\Index_Insight\Database\iresp_autonomie_database\093_2017_non_recours_aux_esms_apres_notification_vers_un_etablissement_ou_un_service_pour_personnes_handicapees_profils_et_motiva.txt
rejected;“Nouvelles Organisations pour les Maladies chroniques des ADolescents” Impact des nouvelles organisations de transition sur le succès de la transition chez les adolescents porteurs de maladie chronique;https://iresp.net/projets_finances/nouvelles-organisations-pour-les-maladies-chroniques-des-adolescents-impact-des-nouvelles-organisations-de-transition-sur-le-succes-de-la-transition-chez-les-adolescents-porteurs-d/;Services, interventions et politiques favorables à la santé;Recherche en santé publique;2020;Clos;18 mois;101 160,00 €;DGS;;C:\Users\PC\Desktop\Project_Internship\Index_Insight\temp\iresp_rejected\185_2020_nouvelles_organisations_pour_les_maladies_chroniques_des_adolescents_impact_des_nouvelles_organisations_de_transition_su.txt
rejected;Observatoire Santé Environnement Local : Identifier, Quantifier et Réduire les inégalités Sociales et environnementales de santé du nouveau-né;https://iresp.net/projets_finances/observatoire-sante-environnement-local-identifier-quantifier-et-reduire-les-inegalites-sociales-et-environnementales-de-sante-du-nouveau-ne/;Services, interventions et politiques favorables à la santé;Général - Volet Prévention;2017;Clos;36 mois;99 962.38;DREES;"Géographie de la santé ; Biostatistiques ; Epidémiologie ; Démographie ; Economiste ;";C:\Users\PC\Desktop\Project_Internship\Index_Insight\temp\iresp_rejected\186_2017_observatoire_sante_environnement_local_identifier_quantifier_et_reduire_les_inegalites_sociales_et_environnementales_de_.txt
rejected;Opioïdes : Profils de prescription à risque chez les sujets âgés;https://iresp.net/projets_finances/opioides-profils-de-prescription-a-risque-chez-les-sujets-ages/;Addictions;Substances psychoactives et comportements avec pouvoir addictif;2023;En cours;36 mois;124 000,00;Fonds de lutte contre les addictions;Pharmacologie;C:\Users\PC\Desktop\Project_Internship\Index_Insight\temp\iresp_rejected\187_2023_opioides_profils_de_prescription_a_risque_chez_les_sujets_ages.txt
rejected;Impact d’une concertation entre médecin coordonnateur et médecin traitant sur l’optimisation de la prescription médicamenteuse de la personne entrant en EHPAD et la diminution des hospitalisations (OPTIM EHPAD) – Philippe MICHEL;https://iresp.net/projets_finances/optim-ehpad-impact-dune-concertation-entre-medecin-coordonnateur-et-medecin-traitant-sur-loptimisation-de-la-prescription-medicamenteuse-de-la-personne-entrant-en-ehpad-et-la-dimin/;Services, interventions et politiques favorables à la santé;Général -Volet Recherche sur les services de santé;2017;Clos;36 mois;195810,55;CNAMTS;"Santé publique ; Gériatrie ; Sociologie";C:\Users\PC\Desktop\Project_Internship\Index_Insight\temp\iresp_rejected\188_2017_impact_d_une_concertation_entre_medecin_coordonnateur_et_medecin_traitant_sur_l_optimisation_de_la_prescription_medicame.txt
rejected;Ordonnance de Non-Prescription Ciblée : une solution contre l’antibiorésistance;https://iresp.net/projets_finances/ordonnance-de-non-prescription-ciblee-une-solution-contre-lantibioresistance/;Services, interventions et politiques favorables à la santé;Services, interventions et politiques favorables à la santé;2022;En cours;18 mois;100 000,00 €;DGS;Sciences comportementales Sociologie Econométrie;C:\Users\PC\Desktop\Project_Internship\Index_Insight\temp\iresp_rejected\189_2022_ordonnance_de_non_prescription_ciblee_une_solution_contre_l_antibioresistance.txt
rejected;Organisation des soins et inégalités sociales face au dépistage du cancer du col utérin : étude de l’offre de soins, du dépistage organisé, de la continuité de l’équipe soignante et du sexe du médecin traitant au sein de la cohorte Constances (OrgaCol) – Laurent RIGAL;https://iresp.net/projets_finances/orgacol-organisation-des-soins-et-inegalites-sociales-face-au-depistage-du-cancer-du-col-uterin-etude-de-loffre-de-soins-du-depistage-organise-de-la-continuite-de-lequipe-soign/;Services, interventions et politiques favorables à la santé;Général -Volet Recherche sur les services de santé;2017;Clos;18 mois;68420;CNAMTS;"Médecine générale ; Santé publique ; Biostatistiques";C:\Users\PC\Desktop\Project_Internship\Index_Insight\temp\iresp_rejected\190_2017_organisation_des_soins_et_inegalites_sociales_face_au_depistage_du_cancer_du_col_uterin_etude_de_l_offre_de_soins_du_dep.txt
accepted;Organisation et pratiques du « médico-social ». Un réseau de recherches transversal aux catégories, aux acteurs, aux disciplines, à l’Europe;https://iresp.net/projets_finances/organisation-et-pratiques-du-medico-social-un-reseau-de-recherches-transversal-aux-categories-aux-acteurs-aux-disciplines-a-leurope/;Autonomie;Les établissements et services médico-sociaux pour personnes âgées en perte d’autonomie et personnes handicapées;2018;Clos;12 mois;39 160,00 €;CNSA;sociologie, sciences politiques, histoire, géographie;C:\Users\PC\Desktop\Project_Internship\Index_Insight\Database\iresp_autonomie_database\094_2018_organisation_et_pratiques_du_medico_social_un_reseau_de_recherches_transversal_aux_categories_aux_acteurs_aux_discipline.txt
accepted;Parcours académique des étudiant·es en situation de handicap invisible : identifier les barrières et leviers à la réussite académique.;https://iresp.net/projets_finances/parcours-academique-des-etudiant%c2%b7es-en-situation-de-handicap-invisible-identifier-les-barrieres-et-leviers-a-la-reussite-academique/;Autonomie;Dispositif Doctoral du programme Autonomie;2023;En cours;36 mois;135 827,00 €;CNSA;Psychologie Sociale;C:\Users\PC\Desktop\Project_Internship\Index_Insight\Database\iresp_autonomie_database\095_2023_parcours_academique_des_etudiant_es_en_situation_de_handicap_invisible_identifier_les_barrieres_et_leviers_a_la_reussite.txt
accepted;Parcours de scolarisation et trajectoires de développement d’enfants avec TSA : suivi longitudinal comparatif dans et après les UEM et dans d’autres dispositifs (AUTISCOL);https://iresp.net/projets_finances/parcours-de-scolarisation-et-trajectoires-de-developpement-denfants-avec-tsa-suivi-longitudinal-comparatif-dans-et-apres-les-uem-et-dans-dautres-dispositifs-autiscol/;Autonomie;Autisme (session 4);2017;Clos;36 mois;136 630 €;CNSA;"Psychologie du développement ; Psychopathologie du développement ; Pédopsychiatrie ; Psychologie ; Ergonomie";C:\Users\PC\Desktop\Project_Internship\Index_Insight\Database\iresp_autonomie_database\096_2017_parcours_de_scolarisation_et_trajectoires_de_developpement_d_enfants_avec_tsa_suivi_longitudinal_comparatif_dans_et_apre.txt
rejected;Parcours de soins en santé mentale des adolescents sur le territoire de la Haute Garonne : développement et évaluation d’un nouveau service de santé, le dispositif départemental pour adolescents – Jean Philippe RAYNAUD;https://iresp.net/projets_finances/parcours-de-soins-en-sante-mentale-des-adolescents-sur-le-territoire-de-la-haute-garonne-developpement-et-evaluation-dun-nouveau-service-de-sante-le-dispositif-departemental-pour-adolescen/;Services, interventions et politiques favorables à la santé;Général - volet Recherche sur les services de santé;2018;Clos;12 mois;41 637,00 €;DGS;Psychiatrie / Santé mentale / Epidémiologie;C:\Users\PC\Desktop\Project_Internship\Index_Insight\temp\iresp_rejected\191_2018_parcours_de_soins_en_sante_mentale_des_adolescents_sur_le_territoire_de_la_haute_garonne_developpement_et_evaluation_d_u.txt
rejected;Parcours de vie et prises en charge médico-sociales des femmes usagères de drogues en France hexagonale et en Guyane;https://iresp.net/projets_finances/parcours-de-vie-et-prises-en-charge-medico-sociales-des-femmes-usageres-de-drogues-en-france-hexagonale-et-en-guyane/;Addictions;Recherches pour lutter contre les usages de substances psychoactives et les addictions;2021;En cours;36 mois;;Fond de Lutte Contre les Addictions;Sociologie;C:\Users\PC\Desktop\Project_Internship\Index_Insight\temp\iresp_rejected\192_2021_parcours_de_vie_et_prises_en_charge_medico_sociales_des_femmes_usageres_de_drogues_en_france_hexagonale_et_en_guyane.txt
accepted;Parcours éducatifs des jeunes enfants avec TSA : le rôle des transitions lors de la petite enfance;https://iresp.net/projets_finances/parcours-educatifs-des-jeunes-enfants-avec-tsa-le-role-des-transitions-lors-de-la-petite-enfance/;Autonomie;Dispositif Doctoral du programme Autonomie;2023;En cours;36 mois;133 484,00 €;CNSA;Sciences de l’éducation et de la formation;C:\Users\PC\Desktop\Project_Internship\Index_Insight\Database\iresp_autonomie_database\097_2023_parcours_educatifs_des_jeunes_enfants_avec_tsa_le_role_des_transitions_lors_de_la_petite_enfance.txt
accepted;Parcours inclusif du jeune enfant ayant un trouble du spectre autistique scolarisé dans les Unités d’Enseignement Maternelle : quelle articulation entre le milieu spécialisé et le milieu ordinaire ? (TSAUEM);https://iresp.net/projets_finances/parcours-inclusif-du-jeune-enfant-ayant-un-trouble-du-spectre-autistique-scolarise-dans-les-unites-denseignement-maternelle-quelle-articulation-entre-le-milieu-specialise-et-le-milieu-ordin/;Autonomie;Autisme (session 4);2017;Clos;36 mois;80870,84€;CNSA;"Psychologie ; Sciences de l'éducation ; Psychologie ; Sociologie de l'éducation";C:\Users\PC\Desktop\Project_Internship\Index_Insight\Database\iresp_autonomie_database\098_2017_parcours_inclusif_du_jeune_enfant_ayant_un_trouble_du_spectre_autistique_scolarise_dans_les_unites_d_enseignement_matern.txt
accepted;Parents et enfants hier, aujourd’hui et demain. Produire l’ordinaire, un travail politique au quotidien;https://iresp.net/projets_finances/parents-et-enfants-hier-aujourdhui-et-demain-produire-lordinaire-un-travail-politique-au-quotidien/;Autonomie;Polyhandicap;2019;Clos;36 mois;149 969,00 €;CNSA;;C:\Users\PC\Desktop\Project_Internship\Index_Insight\Database\iresp_autonomie_database\099_2019_parents_et_enfants_hier_aujourd_hui_et_demain_produire_l_ordinaire_un_travail_politique_au_quotidien.txt
rejected;Passages d’âges et maladie chronique : les trajectoires de soins des 12-21 ans atteints de diabète de type 1 ou d’asthme (PASMAC);https://iresp.net/projets_finances/passages-dages-et-maladie-chronique-les-trajectoires-de-soins-des-12-21-ans-atteints-de-diabete-de-type-1-ou-dasthme-pasmac/;Services, interventions et politiques favorables à la santé;Général - Volet Recherche sur les services de santé;2016;Clos;36 mois;102648,98;DGS;"Sociologie ; Anthropologie ; Médecine ; Ethique";C:\Users\PC\Desktop\Project_Internship\Index_Insight\temp\iresp_rejected\193_2016_passages_d_ages_et_maladie_chronique_les_trajectoires_de_soins_des_12_21_ans_atteints_de_diabete_de_type_1_ou_d_asthme_p.txt
accepted;Performances scolaires d’enfants porteurs de dyslexie : Vers une meilleure compréhension de leurs expériences d’apprentissage;https://iresp.net/projets_finances/performances-scolaires-denfants-porteurs-de-dyslexie-vers-une-meilleure-comprehension-de-leurs-experiences-dapprentissage/;Autonomie;Dispositif Doctoral du programme Autonomie;2023;En cours;36 mois;141 961,00 €;CNSA;Psychologie;C:\Users\PC\Desktop\Project_Internship\Index_Insight\Database\iresp_autonomie_database\100_2023_performances_scolaires_d_enfants_porteurs_de_dyslexie_vers_une_meilleure_comprehension_de_leurs_experiences_d_apprentiss.txt
accepted;Personnes autistes, socialisation et apprentissages. La prise en charge des adolescents et jeunes adultes dans les groupes d’entraînement aux habiletés sociales – Arthur Vuattoux;https://iresp.net/projets_finances/personnes-autistes-socialisation-et-apprentissages-la-prise-en-charge-des-adolescents-et-jeunes-adultes-dans-les-groupes-dentrainement-aux-habiletes-sociales/;Autonomie;Autisme et sciences humaines et sociales (session 1);2020;Clos;36 mois;194 258,00 €;CNSA;Sociologie;C:\Users\PC\Desktop\Project_Internship\Index_Insight\Database\iresp_autonomie_database\101_2020_personnes_autistes_socialisation_et_apprentissages_la_prise_en_charge_des_adolescents_et_jeunes_adultes_dans_les_groupes.txt
accepted;Perspectives comparées des effets du Covid sur les politiques et les professionnels du care auprès des personnes âgées en perte d’autonomie à domicile;https://iresp.net/projets_finances/perspectives-comparees-des-effets-du-covid-sur-les-politiques-et-les-professionnels-du-care-aupres-des-personnes-agees-en-perte-dautonomie-a-domicile/;Autonomie;Établissements, services et transformation de l'offre médico-sociale (session 2);2020;Clos;36 mois;197 535,00 €;CNSA;;C:\Users\PC\Desktop\Project_Internship\Index_Insight\Database\iresp_autonomie_database\102_2020_perspectives_comparees_des_effets_du_covid_sur_les_politiques_et_les_professionnels_du_care_aupres_des_personnes_agees_e.txt
accepted;Perte d’autonomie et environnements age-friendly parmi les personnes âgées en Île-de-France;https://iresp.net/projets_finances/perte-dautonomie-et-environnements-age-friendly-parmi-les-personnes-agees-en-ile-de-france/;Autonomie;Blanc (session 9);2018;En cours;36 mois;109 450,00 €;CNSA;None;C:\Users\PC\Desktop\Project_Internship\Index_Insight\Database\iresp_autonomie_database\103_2018_perte_d_autonomie_et_environnements_age_friendly_parmi_les_personnes_agees_en_ile_de_france.txt
rejected;Phénotypage cellulaire et moléculaire de formes graves d’allergies médicamenteuses (toxidermies sévères) : vers la création d’une première plateforme de données -omiques française.;https://iresp.net/projets_finances/phenotypage-cellulaire-et-moleculaire-de-formes-graves-dallergies-medicamenteuses-toxidermies-severes-vers-la-creation-dune-premiere-plateforme-de-donnees-omiques-francaise/;MESSIDORE;Méthodologie des essais cliniques innovants, dispositifs, outils et recherches exploitant les données de santé et biobanques;2023;En cours;36 mois;579 105,00 €;INSERM;The SCARFACE project aims to bring together a multidisciplinary consortium consisting of clinical, biological and research specialties.;C:\Users\PC\Desktop\Project_Internship\Index_Insight\temp\iresp_rejected\194_2023_phenotypage_cellulaire_et_moleculaire_de_formes_graves_d_allergies_medicamenteuses_toxidermies_severes_vers_la_creation_.txt
rejected;Phénotype transgénérationnel suite à une exposition précoce à des médicaments anti-épileptiques;https://iresp.net/projets_finances/phenotype-transgenerationnel-suite-a-une-exposition-precoce-a-des-medicaments-anti-epileptiques/;Antiépileptiques;Effet de l'exposition précoce aux médicaments antiépileptiques;2023;En cours;36 mois;798 379,00 €;DGS;Neuroscience, Maladies du cerveau, Epigenetique, Pharmacologie;C:\Users\PC\Desktop\Project_Internship\Index_Insight\temp\iresp_rejected\195_2023_phenotype_transgenerationnel_suite_a_une_exposition_precoce_a_des_medicaments_anti_epileptiques.txt
accepted;Politiques d’Appui à la Coordination pour l’accompagnement des personnes en SItuation complexe : dynamiques et enjeux LOcaux dans quatre secteurs d’intervention publique;https://iresp.net/projets_finances/politiques-dappui-a-la-coordination-pour-laccompagnement-des-personnes-en-situation-complexe-dynamiques-et-enjeux-locaux-dans-quatre-secteurs-dintervention-publique/;Autonomie;Établissements, services et transformation de l’offre médico-sociale (session 3);2021;En cours;36 mois;149 993,00 €;CNSA;;C:\Users\PC\Desktop\Project_Internship\Index_Insight\Database\iresp_autonomie_database\104_2021_politiques_d_appui_a_la_coordination_pour_l_accompagnement_des_personnes_en_situation_complexe_dynamiques_et_enjeux_loca.txt
accepted;Polyhandicap : le réseau communautaire de recherche;https://iresp.net/projets_finances/polyhandicap-le-reseau-communautaire-de-recherche/;Autonomie;Soutien à la structuration de communautés mixtes de recherche (session 2);2021;En cours;36 mois;249 237,00 €;CNSA;;C:\Users\PC\Desktop\Project_Internship\Index_Insight\Database\iresp_autonomie_database\105_2021_polyhandicap_le_reseau_communautaire_de_recherche.txt
accepted;Polyhandicap & télémédecine;https://iresp.net/projets_finances/polyhandicap-telemedecine/;Autonomie;Polyhandicap;2019;En cours;24 mois;149 945,00 €;CNSA;;C:\Users\PC\Desktop\Project_Internship\Index_Insight\Database\iresp_autonomie_database\106_2019_polyhandicap_telemedecine.txt
rejected;Pour une culture de l’hospitalité en santé, expérimenter, théoriser et promouvoir un design d’hospitalité dans les services et les organisations des milieux de soins;https://iresp.net/projets_finances/pour-une-culture-de-lhospitalite-en-sante-experimenter-theoriser-et-promouvoir-un-design-dhospitalite-dans-les-services-et-les-organisations-des-milieux-de-soins/;Services, interventions et politiques favorables à la santé;Services, interventions et politiques favorables à la santé;2024;En cours;18 mois;97 472,00;Santé Publique France;Discipine 1 : sciences du design/discipline 2 : philosophie et anthropologie biomédicale/discipline 3 : éthique médicale/discipline 4 : architecture.;C:\Users\PC\Desktop\Project_Internship\Index_Insight\temp\iresp_rejected\196_2024_pour_une_culture_de_l_hospitalite_en_sante_experimenter_theoriser_et_promouvoir_un_design_d_hospitalite_dans_les_service.txt
accepted;Pourquoi quitter les Etablissements d’Hébergement pour Personnes Agées Dépendantes (EHPAD) : analyse des départs et des réorientations professionnelles des soignantes;https://iresp.net/projets_finances/pourquoi-quitter-les-etablissements-dhebergement-pour-personnes-agees-dependantes-ehpad-analyse-des-departs-et-des-reorientations-professionnelles-des-soignantes/;Autonomie;Analyse des politiques de l’autonomie, de l’offre médico-sociale et des besoins des publics;2024;En cours;24 mois;156 632,00;CNSA;Sociologie et économie;C:\Users\PC\Desktop\Project_Internship\Index_Insight\Database\iresp_autonomie_database\107_2024_pourquoi_quitter_les_etablissements_d_hebergement_pour_personnes_agees_dependantes_ehpad_analyse_des_departs_et_des_reor.txt
rejected;POWER PID – L’emPOWERement des personnes handicapées mentales par l’activité physique pour gérer leurs conduites addictives;https://iresp.net/projets_finances/power-pid-lempowerement-des-personnes-handicapees-mentales-par-lactivite-physique-pour-gerer-leurs-conduites-addictives/;Addictions;Lutter contre les usages de substances psychoactives et les addictions;2021;En cours;36 mois;528 152;Fonds de Lutte Contre les Addictions;"Santé publique ; Santé communautaire ; Promotion de la santé";C:\Users\PC\Desktop\Project_Internship\Index_Insight\temp\iresp_rejected\197_2021_power_pid_l_empowerement_des_personnes_handicapees_mentales_par_l_activite_physique_pour_gerer_leurs_conduites_addictive.txt
rejected;Prédiction des complications après revascularisation des membres inférieurs grâce à l’intelligence artificielle et les données du système national des données de santé;https://iresp.net/projets_finances/prediction-des-complications-apres-revascularisation-des-membres-inferieurs-grace-a-lintelligence-artificielle-et-les-donnees-du-systeme-national-des-donnees-de-sante/;MESSIDORE;Méthodologie des essais cliniques innovants, dispositifs, outils et recherches exploitant les données de santé et biobanques;2024;En cours;48 mois;527 529,00;INSERM;public health / statistics / epidemiology / vascular medicine;C:\Users\PC\Desktop\Project_Internship\Index_Insight\temp\iresp_rejected\198_2024_prediction_des_complications_apres_revascularisation_des_membres_inferieurs_grace_a_l_intelligence_artificielle_et_les_d.txt
rejected;Premiers jalons pour une évaluation réaliste des actions menées pour la prise en compte des addictions au sein du mouvement Habitat et Humanisme;https://iresp.net/projets_finances/premiers-jalons-pour-une-evaluation-realiste-des-actions-menees-pour-la-prise-en-compte-des-addictions-au-sein-du-mouvement-habitat-et-humanisme/;Addictions;Substances psychoactives et comportements avec pouvoir addictif;2023;En cours;18 mois;59 780,00;Fonds de lutte contre les addictions;Santé Publique/ Sociologie de la Santé/ Action sociale;C:\Users\PC\Desktop\Project_Internship\Index_Insight\temp\iresp_rejected\199_2023_premiers_jalons_pour_une_evaluation_realiste_des_actions_menees_pour_la_prise_en_compte_des_addictions_au_sein_du_mouvem.txt
accepted;Prendre le relai : Les fratries adultes face au handicap mental;https://iresp.net/projets_finances/prendre-le-relai-les-fratries-adultes-face-au-handicap-mental/;Autonomie;Dispositif Doctoral du programme Autonomie;2024;En cours;12 mois;44 706,55;CNSA;Sociologie;C:\Users\PC\Desktop\Project_Internship\Index_Insight\Database\iresp_autonomie_database\108_2024_prendre_le_relai_les_fratries_adultes_face_au_handicap_mental.txt
rejected;Prescription de nature dans une approche de promotion de la santé pour améliorer la santé et le bien-être : pour qui et comment ? Recherche action en soins primaires et psychiatrie;https://iresp.net/projets_finances/prescription-de-nature-dans-une-approche-de-promotion-de-la-sante-pour-ameliorer-la-sante-et-le-bien-etre-pour-qui-et-comment-recherche-action-en-soins-primaires-et-psychiatrie/;Services, interventions et politiques favorables à la santé;Services, interventions et politiques favorables à la santé;2022;En cours;18 mois;99 862,00 €;DGS;"santé publique/public health ; soins primaires/primary care ; psychiatrie/psychiatry; organisation des soins/health services organization";C:\Users\PC\Desktop\Project_Internship\Index_Insight\temp\iresp_rejected\200_2022_prescription_de_nature_dans_une_approche_de_promotion_de_la_sante_pour_ameliorer_la_sante_et_le_bien_etre_pour_qui_et_co.txt
rejected;Prévention de la transmission intergénérationnelle des conduites addictives : recherche interventionnelle dans le cadre du programme « Une affaire de famille ! » (PATTERN);https://iresp.net/projets_finances/prevention-de-la-transmission-intergenerationnelle-des-conduites-addictives-recherche-interventionnelle-dans-le-cadre-du-programme-une-affaire-de-famille-pattern/;Addictions;Lutte contre les addictions aux substances psychoactives;2019;Clos;12 mois;98 294;Fonds de Lutte Contre les Addictions;"Santé Publique ; Addictologie";C:\Users\PC\Desktop\Project_Internship\Index_Insight\temp\iresp_rejected\201_2019_prevention_de_la_transmission_intergenerationnelle_des_conduites_addictives_recherche_interventionnelle_dans_le_cadre_du.txt
rejected;Produits du Tabac et de l’Alcool sur les Réseaux Sociaux : Dispositif pilote d’intervention en milieu scolaire auprès d’adolescents pour prévenir l’influence de contenus tabac/alcool publiés en ligne;https://iresp.net/projets_finances/produits-du-tabac-et-de-lalcool-sur-les-reseaux-sociaux-dispositif-pilote-dintervention-en-milieu-scolaire-aupres-dadolescents-pour-prevenir-linfluence-de-contenu/;Addictions;Substances psychoactives et comportements avec pouvoir addictif;2023;En cours;24 mois;150 000,00;Fonds de lutte contre les addictions;Sciences de Gestion / Sciences de l’éducation / Marketing Social / Santé Publique / Psychologie de la Santé;C:\Users\PC\Desktop\Project_Internship\Index_Insight\temp\iresp_rejected\202_2023_produits_du_tabac_et_de_l_alcool_sur_les_reseaux_sociaux_dispositif_pilote_d_intervention_en_milieu_scolaire_aupres_d_ad.txt
rejected;Profils, usages et santé des consommateurs réguliers de cannabis dans le contexte français;https://iresp.net/projets_finances/profils-usages-et-sante-des-consommateurs-reguliers-de-cannabis-dans-le-contexte-francais/;Addictions;Recherches pour lutter contre les usages de substances psychoactives et les addictions;2020;Clos;36 mois;;Fonds de Lutte Contre les Addictions;Santé Publique;C:\Users\PC\Desktop\Project_Internship\Index_Insight\temp\iresp_rejected\203_2020_profils_usages_et_sante_des_consommateurs_reguliers_de_cannabis_dans_le_contexte_francais.txt
rejected;Programme de prévention indirecte de la consommation de cannabis à l’adolescence basé sur un outil de médiation de type Manga : quel impact et quelle efficacité sur les compétences émotionnelles ?;https://iresp.net/projets_finances/programme-de-prevention-indirecte-de-la-consommation-de-cannabis-a-ladolescence-base-sur-un-outil-de-mediation-de-type-manga-quel-impact-et-quelle-efficacite-sur-les-competences-emotionnell/;Addictions;Recherches pour lutter contre les usages et les addictions aux substances psychoactives;2022;En cours;36 mois;;Fonds de Lutte Contre les Addictions;"Psychologie ; Santé publique";C:\Users\PC\Desktop\Project_Internship\Index_Insight\temp\iresp_rejected\204_2022_programme_de_prevention_indirecte_de_la_consommation_de_cannabis_a_l_adolescence_base_sur_un_outil_de_mediation_de_type_.txt
rejected;Programme-Réseau Drogues, Sciences Sociales et Sociétés;https://iresp.net/projets_finances/programme-reseau-drogues-sciences-sociales-et-societes/;Addictions;Appel à renouvellement des actions structurantes pour soutenir les réseaux de recherche sur les conduites addictives (avec ou sans substances);2025;En cours;36 mois;299 988,00;Fonds de lutte contre les addictions;Sciences humaines et sociales;C:\Users\PC\Desktop\Project_Internship\Index_Insight\temp\iresp_rejected\205_2025_programme_reseau_drogues_sciences_sociales_et_societes.txt
rejected;projet Pilote : conditions d’Efficacité, Transférabilité et mise à l’échelle d’Interventions pour le repérage Précoce et la Prévention de l’Obésité chez les nourrissons dès la sortie de la maternité;https://iresp.net/projets_finances/projet-pilote-conditions-defficacite-transferabilite-et-mise-a-lechelle-dinterventions-pour-le-reperage-precoce-et-la-prevention-de-lobesite-chez-les-nourrissons/;Services, interventions et politiques favorables à la santé;Recherche en santé publique;2020;Clos;18 mois;99 816,00 €;DGS;;C:\Users\PC\Desktop\Project_Internship\Index_Insight\temp\iresp_rejected\206_2020_projet_pilote_conditions_d_efficacite_transferabilite_et_mise_a_l_echelle_d_interventions_pour_le_reperage_precoce_et_la.txt
rejected;Projet pilote de pipes à crack expérimentales (PROPICE);https://iresp.net/projets_finances/projet-pilote-de-pipes-a-crack-experimentales-propice/;Addictions;Lutte contre les addictions aux substances psychoactives;2019;Clos;12 mois;100 000;Fonds de Lutte Contre les Addictions;"Réduction des risques ; Infectiologie";C:\Users\PC\Desktop\Project_Internship\Index_Insight\temp\iresp_rejected\207_2019_projet_pilote_de_pipes_a_crack_experimentales_propice.txt
rejected;Promotion de la prévention de l’usage des écrans dans les établissements scolaires par l’amélioration de la formation du service sanitaire des étudiants en santé – Franck PIZON;https://iresp.net/projets_finances/promotion-de-la-prevention-de-lusage-des-ecrans-dans-les-etablissements-scolaires-par-lamelioration-de-la-formation-du-service-sanitaire-des-etudiants-en-sante/;Services, interventions et politiques favorables à la santé;Services, interventions et politiques favorables à la santé;2021;Clos;12 mois;100 000,00 €;MILDECA;l’Education/ Sciences Humaines et Sociales/ Epidémiologie/ Recherche Mixte (Qualitative/Quantitative);C:\Users\PC\Desktop\Project_Internship\Index_Insight\temp\iresp_rejected\208_2021_promotion_de_la_prevention_de_l_usage_des_ecrans_dans_les_etablissements_scolaires_par_l_amelioration_de_la_formation_du.txt
rejected;Psilocybine dans le trouble lié à l’usage de l’alcool avec dépression comorbide : une étude pilote;https://iresp.net/projets_finances/psilocybine-dans-le-trouble-lie-a-lusage-de-lalcool-avec-depression-comorbide-une-etude-pilote/;Addictions;Lutter contre les usages et les addictions aux substances psychoactives;2022;En cours;24 mois;98 014;Fonds de Lutte Contre les Addictions;Psychiatrie;C:\Users\PC\Desktop\Project_Internship\Index_Insight\temp\iresp_rejected\209_2022_psilocybine_dans_le_trouble_lie_a_l_usage_de_l_alcool_avec_depression_comorbide_une_etude_pilote.txt
rejected;PSYCHEDELIK : une enquête auprès des consommateurs réguliers de psychédéliques;https://iresp.net/projets_finances/psychedelik-une-enquete-aupres-des-consommateurs-reguliers-de-psychedeliques/;Addictions;Lutter contre les usages et les addictions aux substances psychoactives;2022;En cours;12 mois;42 593;Fonds de Lutte Contre les Addictions;Santé Publique, Réduction des Risques;C:\Users\PC\Desktop\Project_Internship\Index_Insight\temp\iresp_rejected\210_2022_psychedelik_une_enquete_aupres_des_consommateurs_reguliers_de_psychedeliques.txt
rejected;Psychiatrie et libertés individuelles : étude d’établissements caractérisés par un moindre recours à la coercition – Sébastien SAETTA;https://iresp.net/projets_finances/psychiatrie-et-libertes-individuelles-etude-detablissements-caracterises-par-un-moindre-recours-a-la-coercition/;Services, interventions et politiques favorables à la santé;Recherche en santé publique;2020;Clos;24 mois;238 083,00 €;DGS;;C:\Users\PC\Desktop\Project_Internship\Index_Insight\temp\iresp_rejected\211_2020_psychiatrie_et_libertes_individuelles_etude_d_etablissements_caracterises_par_un_moindre_recours_a_la_coercition_sebasti.txt
rejected;Qualité de vie et tabagisme liée à la santé du personnel hospitalier de nuit (ALADDIN);https://iresp.net/projets_finances/qualite-de-vie-et-tabagisme-liee-a-la-sante-du-personnel-hospitalier-de-nuit-aladdin/;Addictions;Recherches pour réduire et lutter contre le tabagisme en Santé Publique;2019;Clos;36 mois;;Fonds de Lutte Contre le Tabagisme;Santé Publique;C:\Users\PC\Desktop\Project_Internship\Index_Insight\temp\iresp_rejected\212_2019_qualite_de_vie_et_tabagisme_liee_a_la_sante_du_personnel_hospitalier_de_nuit_aladdin.txt
accepted;Quand grandir devient un problème, l’identification et la qualification des difficultés infantiles;https://iresp.net/projets_finances/quand-grandir-devient-un-probleme-lidentification-et-la-qualification-des-difficultes-infantiles/;Autonomie;Dispositif Doctoral du programme Autonomie;2024;En cours;12 mois;40 064,00;CNSA;sociologie;C:\Users\PC\Desktop\Project_Internship\Index_Insight\Database\iresp_autonomie_database\109_2024_quand_grandir_devient_un_probleme_l_identification_et_la_qualification_des_difficultes_infantiles.txt
rejected;Raréfaction de l’offre de soins et adaptation des médecins généralistes – Bruno VENTELOU;https://iresp.net/projets_finances/rarefaction-de-loffre-de-soins-et-adaptation-des-medecins-generalistes/;Services, interventions et politiques favorables à la santé;Général - volet Recherche sur les services de santé;2018;Clos;36 mois;196 836,00 €;CNAMTS;Economie / Géographie / Santé publique;C:\Users\PC\Desktop\Project_Internship\Index_Insight\temp\iresp_rejected\213_2018_rarefaction_de_l_offre_de_soins_et_adaptation_des_medecins_generalistes_bruno_ventelou.txt
rejected;RassEmbler, Développer et Diffuser des connaissances, en France, sur les Déterminants COmmerciaux de la Santé qui influencent les comportements addictifs;https://iresp.net/projets_finances/rassembler-developper-et-diffuser-des-connaissances-en-france-sur-les-determinants-commerciaux-de-la-sante-qui-influencent-les-comportements-addictifs/;Addictions;Appel à actions structurantes - Recherche sur les conduites addictives (avec ou sans substances);2024;En cours;36 mois;297 528,00;Fonds de lutte contre les addictions;Santé publique, sociologie, marketing social, socio-anthropologie, sciences politiques;C:\Users\PC\Desktop\Project_Internship\Index_Insight\temp\iresp_rejected\214_2024_rassembler_developper_et_diffuser_des_connaissances_en_france_sur_les_determinants_commerciaux_de_la_sante_qui_influence.txt
accepted;Recherche Action Collaborative (RAC) : Vivre et habiter ensemble, à tout âge, même en situation de fragilités;https://iresp.net/projets_finances/recherche-action-collaborative-rac-vivre-et-habiter-ensemble-a-tout-age-meme-en-situation-de-fragilites/;Autonomie;Les établissements et services médico-sociaux pour personnes âgées en perte d’autonomie et personnes handicapées;2018;Clos;24 mois;118 470,00 €;CNSA;;C:\Users\PC\Desktop\Project_Internship\Index_Insight\Database\iresp_autonomie_database\110_2018_recherche_action_collaborative_rac_vivre_et_habiter_ensemble_a_tout_age_meme_en_situation_de_fragilites.txt
rejected;Politiques territoriales de la petite enfance – implantation des services et prise en compte des inégalités sociales de santé (Poterri);https://iresp.net/projets_finances/recherche-ecosystemique-et-interdisciplinaire-danalyse-territoriale-des-strategies-de-reduction-des-inegalites-sociales-de-sante-dans-le-secteur-de-la-petite-enfance-une-approche-des-politi/;Services, interventions et politiques favorables à la santé;Général - Volet Prévention;2017;Clos;18 mois;135 691,00;DGS;"Sciences de l'éducation ; Sociologie ; Géographie ; Sciences de l'information et de la communication";C:\Users\PC\Desktop\Project_Internship\Index_Insight\temp\iresp_rejected\215_2017_politiques_territoriales_de_la_petite_enfance_implantation_des_services_et_prise_en_compte_des_inegalites_sociales_de_sa.txt
accepted;Recherche Internationale sur les Droits des Personnes Âgées en situation de Pandémie COVID-19;https://iresp.net/projets_finances/recherche-internationale-sur-les-droits-des-personnes-agees-en-situation-de-pandemie-covid-19/;Autonomie;Blanc (session 11);2020;En cours;31 mois;245 665,00 €;CNSA;;C:\Users\PC\Desktop\Project_Internship\Index_Insight\Database\iresp_autonomie_database\111_2020_recherche_internationale_sur_les_droits_des_personnes_agees_en_situation_de_pandemie_covid_19.txt
rejected;Recherche interventionnelle visant à améliorer l’ALimentation et l’Activité Physique du sujet AGE vivant à domicile – Nicole DARMON;https://iresp.net/projets_finances/recherche-interventionnelle-visant-a-ameliorer-lalimentation-et-lactivite-physique-du-sujet-age-vivant-a-domicile/;Services, interventions et politiques favorables à la santé;Général - volet Prévention et promotion de la santé;2018;Clos;48 mois;399 969,00 €;CNAMTS;Epidémiologie sociale / Nutrition / Santé publique;C:\Users\PC\Desktop\Project_Internship\Index_Insight\temp\iresp_rejected\216_2018_recherche_interventionnelle_visant_a_ameliorer_l_alimentation_et_l_activite_physique_du_sujet_age_vivant_a_domicile_nico.txt
accepted;Recherche sur les conditions de Transférabilité des Innovations dans l’Accompagnement des Personnes handicapées afin d’élaborer une démarche d’aide au transfert (TIAP);https://iresp.net/projets_finances/recherche-sur-les-conditions-de-transferabilite-des-innovations-dans-laccompagnement-des-personnes-handicapees-afin-delaborer-une-demarche-daide-au-transfert-tiap/;Autonomie;Établissements, services et transformation de l’offre médico-sociale (session 3);2021;En cours;42 mois;249 473,00 €;CNSA;None;C:\Users\PC\Desktop\Project_Internship\Index_Insight\Database\iresp_autonomie_database\112_2021_recherche_sur_les_conditions_de_transferabilite_des_innovations_dans_l_accompagnement_des_personnes_handicapees_afin_d_e.txt
accepted;Recours au système de santé, aides et aménagements en France : inégalités individuelles et territoriales et évolutions temporelles;https://iresp.net/projets_finances/recours-au-systeme-de-sante-aides-et-amenagements-en-france-inegalites-individuelles-et-territoriales-et-evolutions-temporelles/;Autonomie;Analyse des politiques de l’autonomie, de l’offre médico-sociale et des besoins des publics;2023;En cours;33 mois;225 104,00 €;CNSA;Santé Publique, épidémiologie;C:\Users\PC\Desktop\Project_Internship\Index_Insight\Database\iresp_autonomie_database\113_2023_recours_au_systeme_de_sante_aides_et_amenagements_en_france_inegalites_individuelles_et_territoriales_et_evolutions_temp.txt
rejected;Réduction du tabagisme en psychiatrie, coconstruction et évaluation d’une intervention;https://iresp.net/projets_finances/reduction-du-tabagisme-en-psychiatrie-coconstruction-et-evaluation-dune-intervention/;Addictions;Appel à projets de recherche et d’intervention pour réduire et lutter contre le tabagisme;2018;En cours;48 mois;802 568;Fonds de Lutte Contre le Tabac;"Santé Publique ; Tabacologie ; Psychiatrie";C:\Users\PC\Desktop\Project_Internship\Index_Insight\temp\iresp_rejected\217_2018_reduction_du_tabagisme_en_psychiatrie_coconstruction_et_evaluation_d_une_intervention.txt
rejected;Réduire le tabagisme en établissement pénitentiaire : un programme de recherche interventionnelle;https://iresp.net/projets_finances/reduire-le-tabagisme-en-etablissement-penitentiaire-un-programme-de-recherche-interventionnelle/;Addictions;Appel à projets de recherche et d’intervention pour réduire et lutter contre le tabagisme;2018;En cours;48 mois;988707;Fonds de Lutte Contre le Tabagisme;"Santé Publique ; Économie de la santé ; Socio-anthropologie ; Sociologie des organisations ; Sciences de l'éducation";C:\Users\PC\Desktop\Project_Internship\Index_Insight\temp\iresp_rejected\218_2018_reduire_le_tabagisme_en_etablissement_penitentiaire_un_programme_de_recherche_interventionnelle.txt
accepted;Regards croisés sur la « filière belge », Parcours de vie de personnes avec autisme et organisation des prises en charge en France et en Belgique;https://iresp.net/projets_finances/regards-croises-sur-la-filiere-belge-parcours-de-vie-de-personnes-avec-autisme-et-organisation-des-prises-en-charge-en-france-et-en-belgique/;Autonomie;Autisme (session 4);2017;Clos;36 mois;150 000,00 €;CNSA;Sociologie;C:\Users\PC\Desktop\Project_Internship\Index_Insight\Database\iresp_autonomie_database\114_2017_regards_croises_sur_la_filiere_belge_parcours_de_vie_de_personnes_avec_autisme_et_organisation_des_prises_en_charge_en_f.txt
accepted;REndre Visible les Étudiants Aidants par l’Autonomisation;https://iresp.net/projets_finances/rendre-visible-les-etudiants-aidants-par-lautonomisation/;Autonomie;Analyse des politiques de l’autonomie, de l’offre médico-sociale et des besoins des publics;2024;En cours;48 mois;105 050,00;CNSA;les sciences du langage, les sciences de l'éducation.;C:\Users\PC\Desktop\Project_Internship\Index_Insight\Database\iresp_autonomie_database\115_2024_rendre_visible_les_etudiants_aidants_par_l_autonomisation.txt
rejected;Renforcement des projets de thèses doctorales dans la Collaboration internationale sur le TDAH et la toxicomanie (RING-PHD-CASA) – Romain Icick;https://iresp.net/projets_finances/renforcement-des-projets-de-theses-doctorales-dans-la-collaboration-internationale-sur-le-tdah-et-la-toxicomanie-ring-phd-casa/;Addictions;Lutte contre les addictions aux substances psychoactives;2019;En cours;18 mois;75000;Fonds de Lutte Contre les Addictions;"Psychiatrie ; Psychologie ; Épidémiologie ; Soins infirmiers et santé mentale ; Génétique";C:\Users\PC\Desktop\Project_Internship\Index_Insight\temp\iresp_rejected\219_2019_renforcement_des_projets_de_theses_doctorales_dans_la_collaboration_internationale_sur_le_tdah_et_la_toxicomanie_ring_ph.txt
rejected;Repenser les politiques de Reste à Charge : approches pluridisciplinaires – Paul DOURGNON;https://iresp.net/projets_finances/repenser-les-politiques-de-reste-a-charge-approches-pluridisciplinaires/;Services, interventions et politiques favorables à la santé;Général - volet Recherche sur les services de santé;2018;Clos;24 mois;198 506,00 €;CNAMTS;Santé publique / Economie / Philosophie;C:\Users\PC\Desktop\Project_Internship\Index_Insight\temp\iresp_rejected\220_2018_repenser_les_politiques_de_reste_a_charge_approches_pluridisciplinaires_paul_dourgnon.txt
rejected;Repérage par l’entretien prénatal précoce des femmes présentant une vulnérabilité psychique et/ou psychiatrique avec prise en charge par une équipe mobile dans un parcours de soins spécifiques;https://iresp.net/projets_finances/reperage-par-lentretien-prenatal-precoce-des-femmes-presentant-une-vulnerabilite-psychique-et-ou-psychiatrique-avec-prise-en-charge-par-une-equipe-mobile-dans-un-parcours-de-soins-specifiques/;Services, interventions et politiques favorables à la santé;Services, interventions et politiques favorables à la santé;2022;En cours;24 mois;100 000,00 €;DREES;Obstétrique/ Santé mentale/ Santé publique/ Recherche mixte;C:\Users\PC\Desktop\Project_Internship\Index_Insight\temp\iresp_rejected\221_2022_reperage_par_l_entretien_prenatal_precoce_des_femmes_presentant_une_vulnerabilite_psychique_et_ou_psychiatrique_avec_pri.txt
accepted;Réponses des professionnels de première ligne aux inquiétudes parentales dans la détection précoce de l’autisme;https://iresp.net/projets_finances/reponses-des-professionnels-de-premiere-ligne-aux-inquietudes-parentales-dans-la-detection-precoce-de-lautisme/;Autonomie;Troubles du spectre de l’autisme, troubles du neurodéveloppement et Sciences humaines et sociales;2018;Clos;36 mois;234 514,00 €;CNSA;Psychopathologie développementale et psychologie de la santé;C:\Users\PC\Desktop\Project_Internship\Index_Insight\Database\iresp_autonomie_database\116_2018_reponses_des_professionnels_de_premiere_ligne_aux_inquietudes_parentales_dans_la_detection_precoce_de_l_autisme.txt
rejected;Réseau français de recherche interdisciplinaire pour le dépistage et la prévention du risque hépatique lié à la consommation d’alcool;https://iresp.net/projets_finances/reseau-francais-de-recherche-interdisciplinaire-pour-le-depistage-et-la-prevention-du-risque-hepatique-lie-a-la-consommation-dalcool/;Addictions;Appel à actions structurantes - Recherche sur les conduites addictives (avec ou sans substances);2024;En cours;36 mois;287 487,00;Fonds de lutte contre les addictions;Santé publique;C:\Users\PC\Desktop\Project_Internship\Index_Insight\temp\iresp_rejected\222_2024_reseau_francais_de_recherche_interdisciplinaire_pour_le_depistage_et_la_prevention_du_risque_hepatique_lie_a_la_consomma.txt
rejected;Réseau Français d’Excellence de Recherche sur le tabac, la nicotine et les produits connexes;https://iresp.net/projets_finances/reseau-francais-dexcellence-de-recherche-sur-le-tabac-la-nicotine-et-les-produits-connexes/;Addictions;Appel à actions structurantes - Recherche sur les conduites addictives (avec ou sans substances);2024;En cours;36 mois;300 000,00;Fonds de lutte contre les addictions;Épidémiologie, santé publique, recherche clinique, toxicologie, économie de la santé, marketing social;C:\Users\PC\Desktop\Project_Internship\Index_Insight\temp\iresp_rejected\223_2024_reseau_francais_d_excellence_de_recherche_sur_le_tabac_la_nicotine_et_les_produits_connexes.txt
rejected;REseau Francophone de LIttératie en Santé (REFLIS);https://iresp.net/projets_finances/reseau-francophone-de-litteratie-en-sante-reflis/;Services, interventions et politiques favorables à la santé;Général - Volet Recherche sur les services de santé;2016;En cours;12 mois;50009;CNAMTS;"Santé publique ; Epidémiologie ; Psychologie ; Psychiatrie ; Anthropo-sociologie";C:\Users\PC\Desktop\Project_Internship\Index_Insight\temp\iresp_rejected\224_2016_reseau_francophone_de_litteratie_en_sante_reflis.txt
rejected;Réseau national de recherche en alcoologie – REUNIRA (suite projet 2019) – Mickael Naassila;https://iresp.net/projets_finances/reseau-national-de-recherche-en-alcoologie-reunira-suite-projet-2019/;Addictions;Appel à actions structurantes - Recherche sur les usages et les addictions aux substances psychoactives;2021;Terminé;48 mois;398952;Fonds de Lutte Contre les Addictions;;C:\Users\PC\Desktop\Project_Internship\Index_Insight\temp\iresp_rejected\225_2021_reseau_national_de_recherche_en_alcoologie_reunira_suite_projet_2019_mickael_naassila.txt
rejected;Réseau national de recherche en alcoologie – REUNIRA;https://iresp.net/projets_finances/reseau-national-de-recherche-en-alcoologie-reunira/;Addictions;Lutte contre les addictions aux substances psychoactives;2019;Clos;12 mois;53750;Fonds de Lutte Contre les Addictions;"Alcoologie ; Addictologie ; Neuropsychologie";C:\Users\PC\Desktop\Project_Internship\Index_Insight\temp\iresp_rejected\226_2019_reseau_national_de_recherche_en_alcoologie_reunira.txt
rejected;Réseau National de Recherche en Alcoologie;https://iresp.net/projets_finances/reseau-national-de-recherche-en-alcoologie/;Addictions;Appel à renouvellement des actions structurantes pour soutenir les réseaux de recherche sur les conduites addictives (avec ou sans substances);2025;En cours;36 mois;298 500,00;Fonds de lutte contre les addictions;Neurosciences, psychologie, psychiatrie;C:\Users\PC\Desktop\Project_Internship\Index_Insight\temp\iresp_rejected\227_2025_reseau_national_de_recherche_en_alcoologie.txt
rejected;Réseau « Sciences sociales, drogues et sociétés » – D3S;https://iresp.net/projets_finances/reseau-sciences-sociales-drogues-et-societes-d3s/;Addictions;Appel à actions structurantes - Recherche sur les usages et les addictions aux substances psychoactives;2021;En cours;48 mois;326467;Fonds de Lutte Contre les Addictions;Sciences Humaines et Sociales;C:\Users\PC\Desktop\Project_Internship\Index_Insight\temp\iresp_rejected\228_2021_reseau_sciences_sociales_drogues_et_societes_d3s.txt
rejected;Réseau SO-RISP (Recherche Interventionnelle en Santé des Population);https://iresp.net/projets_finances/reseau-so-risp-recherche-interventionnelle-en-sante-des-population/;Addictions;Appel à actions structurantes - Recherche sur les conduites addictives (avec ou sans substances);2024;En cours;36 mois;299 997,00;Fonds de lutte contre les addictions;Recherche Interventionnelle;C:\Users\PC\Desktop\Project_Internship\Index_Insight\temp\iresp_rejected\229_2024_reseau_so_risp_recherche_interventionnelle_en_sante_des_population.txt
rejected;Réseau SO-RISP;https://iresp.net/projets_finances/reseau-so-risp/;Addictions;Appel à actions structurantes - Recherche sur les usages et les addictions aux substances psychoactives;2021;En cours;48 mois;382885;Fonds de Lutte Contre les Addictions;"Santé publique ; Prévention";C:\Users\PC\Desktop\Project_Internship\Index_Insight\temp\iresp_rejected\230_2021_reseau_so_risp.txt
rejected;Risque cardiovasculaire et dépression : interactions et associations dans la cohorte CONSTANCES (CARDIAC);https://iresp.net/projets_finances/risque-cardiovasculaire-et-depression-interactions-et-associations-dans-la-cohorte-constances/;Services, interventions et politiques favorables à la santé;Général - Volet Prévention;2016;Clos;12 mois;98000,10;DGS;"Epidémiologie ; Psychiatrie ; Médecine cardiovasculaire ; Nutrition";C:\Users\PC\Desktop\Project_Internship\Index_Insight\temp\iresp_rejected\231_2016_risque_cardiovasculaire_et_depression_interactions_et_associations_dans_la_cohorte_constances_cardiac.txt
rejected;Rôle de la Midkine dans la régénération alvéolaire et la physiopathologie de l’emphysème;https://iresp.net/projets_finances/role-de-la-midkine-dans-la-regeneration-alveolaire-et-la-physiopathologie-de-lemphyseme/;Addictions;Substances psychoactives et comportements avec pouvoir addictif;2023;En cours;24 mois;149 900,00;Fonds de lutte contre les addictions;Pneumologie;C:\Users\PC\Desktop\Project_Internship\Index_Insight\temp\iresp_rejected\232_2023_role_de_la_midkine_dans_la_regeneration_alveolaire_et_la_physiopathologie_de_l_emphyseme.txt
rejected;Rôle de la nicotine dans la vapeur d’e-liquides sur le remodelage de la barrière alvéolo capillaire aboutissant à la Broncho Pneumopathie Chronique Obstructive (BPCO);https://iresp.net/projets_finances/role-de-la-nicotine-dans-la-vapeur-de-liquides-sur-le-remodelage-de-la-barriere-alveolo-capillaire-aboutissant-a-la-broncho-pneumopathie-chronique-obstructive-bpco/;Addictions;Conduites Addictives et Drogues;2024;En cours;24 mois;150 000,00;Fonds de lutte contre les addictions;Biologie Médicale / Pharmacologie / Toxicologie / Pneumologie / Biochimie;C:\Users\PC\Desktop\Project_Internship\Index_Insight\temp\iresp_rejected\233_2024_role_de_la_nicotine_dans_la_vapeur_d_e_liquides_sur_le_remodelage_de_la_barriere_alveolo_capillaire_aboutissant_a_la_bro.txt
rejected;Rôle de l’élastine dans la sénescence cellulaire et l’emphysème pulmonaire induits par la fumée de cigarette;https://iresp.net/projets_finances/role-de-lelastine-dans-la-senescence-cellulaire-et-lemphyseme-pulmonaire-induits-par-la-fumee-de-cigarette/;Addictions;Appel à projets de recherche et d’intervention pour réduire et lutter contre le tabagisme;2019;Clos;36 mois;492 030;Fonds de Lutte Contre le Tabagisme;"Pneumologie ; Biologie cellulaire (sénescence)";C:\Users\PC\Desktop\Project_Internship\Index_Insight\temp\iresp_rejected\234_2019_role_de_l_elastine_dans_la_senescence_cellulaire_et_l_emphyseme_pulmonaire_induits_par_la_fumee_de_cigarette.txt
rejected;Rôle de l’homéostasie du cholestérol cérébral dans l’addiction et dans le phénomène de rechute;https://iresp.net/projets_finances/role-de-lhomeostasie-du-cholesterol-cerebral-dans-laddiction-et-dans-le-phenomene-de-rechute/;Addictions;Lutter contre les usages de substances psychoactives et les addictions;2021;En cours;36 mois;430 584;Fonds de Lutte Contre les Addictions;"Neurosciences ; Psychiatrie ; Neurobiologie";C:\Users\PC\Desktop\Project_Internship\Index_Insight\temp\iresp_rejected\235_2021_role_de_l_homeostasie_du_cholesterol_cerebral_dans_l_addiction_et_dans_le_phenomene_de_rechute.txt
rejected;Rôle des interactions neuro-gliales dans l’addiction à la cocaïne (Astro&Co) – Glenn Dallérac;https://iresp.net/projets_finances/role-des-interactions-neuro-gliales-dans-laddiction-a-la-cocaine-astroco/;Addictions;Lutte contre les addictions aux substances psychoactives;2019;Clos;24 mois;100 000;Fonds de Lutte Contre les Addictions;"Pathophysiologie cérébrale ; Neurophysiologie ; Biochimie";C:\Users\PC\Desktop\Project_Internship\Index_Insight\temp\iresp_rejected\236_2019_role_des_interactions_neuro_gliales_dans_l_addiction_a_la_cocaine_astro_co_glenn_dallerac.txt
rejected;Rôle des senseurs métaboliques dans l’activité physique compulsive dans l’anorexie mentale;https://iresp.net/projets_finances/role-des-senseurs-metaboliques-dans-lactivite-physique-compulsive-dans-lanorexie-mentale/;Addictions;Conduites Addictives et Drogues;2024;En cours;24 mois;149 656,00;Fonds de lutte contre les addictions;Neurosciences, Psychiatrie/ Neurosciences, Psychiatry;C:\Users\PC\Desktop\Project_Internship\Index_Insight\temp\iresp_rejected\237_2024_role_des_senseurs_metaboliques_dans_l_activite_physique_compulsive_dans_l_anorexie_mentale.txt
rejected;Rôle du système endocannabinoide dans un model d’addiction à la nourriture;https://iresp.net/projets_finances/role-du-systeme-endocannabinoide-dans-un-model-daddiction-a-la-nourriture/;Addictions;Conduites Addictives et Drogues;2024;En cours;48 mois;536 922,00;Fonds de lutte contre les addictions;Neuroscience, Addiction, Psychiatry;C:\Users\PC\Desktop\Project_Internship\Index_Insight\temp\iresp_rejected\238_2024_role_du_systeme_endocannabinoide_dans_un_model_d_addiction_a_la_nourriture.txt
accepted;Satisfaction des besoins d’aide des personnes âgées vivant en domicile ordinaire et en institution : évaluations à partir des enquêtes CARe-Seniors;https://iresp.net/projets_finances/satisfaction-des-besoins-daide-des-personnes-agees-vivant-en-domicile-ordinaire-et-en-institution-evaluations-a-partir-des-enquetes-care-seniors/;Autonomie;Blanc (session 9);2018;Clos;24 mois;124 170,00 €;CNSA;;C:\Users\PC\Desktop\Project_Internship\Index_Insight\Database\iresp_autonomie_database\117_2018_satisfaction_des_besoins_d_aide_des_personnes_agees_vivant_en_domicile_ordinaire_et_en_institution_evaluations_a_partir_.txt
accepted;Ségrégation du handicap et logement ordinaire;https://iresp.net/projets_finances/segregation-du-handicap-et-logement-ordinaire/;Autonomie;Analyse des politiques de l’autonomie, de l’offre médico-sociale et des besoins des publics;2024;En cours;48 mois;200 738,00;CNSA;Sociologie, Science politique, Histoire;C:\Users\PC\Desktop\Project_Internship\Index_Insight\Database\iresp_autonomie_database\118_2024_segregation_du_handicap_et_logement_ordinaire.txt
rejected;Autogestion du risque de blessure et systèmes d’aide à la décision basés sur la modélisation prédictive. Développement, mise en œuvre et évaluation dans le cadre de l’étude de cohorte MAVIE;https://iresp.net/projets_finances/self-management-of-injury-risk-and-decision-support-systems-based-on-predictive-computer-modelling-development-implementation-and-evaluation-in-the-mavie-cohort-study/;Services, interventions et politiques favorables à la santé;Général - Volet Prévention;2017;Clos;36 mois;200 000;CNAMTS;"Epidémiologie ; Biostatistique ;";C:\Users\PC\Desktop\Project_Internship\Index_Insight\temp\iresp_rejected\239_2017_autogestion_du_risque_de_blessure_et_systemes_d_aide_a_la_decision_bases_sur_la_modelisation_predictive_developpement_mi.txt
rejected;Services de santé auprès des minorités LGBT;https://iresp.net/projets_finances/services-de-sante-aupres-des-minorites-lgbt/;Services, interventions et politiques favorables à la santé;Recherche en santé publique;2020;Clos;36 mois;248 814,00 €;DGS;;C:\Users\PC\Desktop\Project_Internship\Index_Insight\temp\iresp_rejected\240_2020_services_de_sante_aupres_des_minorites_lgbt.txt
rejected;Soigner le travail : une activité collective. Reconfigurations des collaborations pluri-professionnelles dans les nouveaux services de prévention et de santé au travail;https://iresp.net/projets_finances/soigner-le-travail-une-activite-collective-reconfigurations-des-collaborations-pluri-professionnelles-dans-les-nouveaux-services-de-prevention-et-de-sante-au-travail/;Services, interventions et politiques favorables à la santé;Services, interventions et politiques favorables à la santé;2021;En cours;36 mois;245 154,00 €;DGS;Sociologie /Droit /Sciences de l’éducation et de la formation;C:\Users\PC\Desktop\Project_Internship\Index_Insight\temp\iresp_rejected\241_2021_soigner_le_travail_une_activite_collective_reconfigurations_des_collaborations_pluri_professionnelles_dans_les_nouveaux_.txt
accepted;Soutenir la qualité de vie au travail en EHPAD par une dynamique d’innovation centrée sur la qualité du travail;https://iresp.net/projets_finances/soutenir-la-qualite-de-vie-au-travail-en-ehpad-par-une-dynamique-dinnovation-centree-sur-la-qualite-du-travail/;Autonomie;Établissements, Services et Transformation de l'Offre Médico-Sociale (session 1);2019;Clos;24 mois;78 142,00 €;CNSA;;C:\Users\PC\Desktop\Project_Internship\Index_Insight\Database\iresp_autonomie_database\119_2019_soutenir_la_qualite_de_vie_au_travail_en_ehpad_par_une_dynamique_d_innovation_centree_sur_la_qualite_du_travail.txt
rejected;Spectre de l’Alcoolisation Fœtale : identification de marqueurs neuroanatomiques en IRM (SAFIR) – David Germanaud;https://iresp.net/projets_finances/spectre-de-lalcoolisation-foetale-identification-de-marqueurs-neuroanatomiques-en-irm-safir/;Addictions;Lutte contre les addictions aux substances psychoactives;2019;Clos;18 mois;87000;Fonds de Lutte Contre les Addictions;"Neuropsychologie ; Neurosciences du développement ; Neuropédiatrie ; Neuroimagerie computationnelle";C:\Users\PC\Desktop\Project_Internship\Index_Insight\temp\iresp_rejected\242_2019_spectre_de_l_alcoolisation_f_tale_identification_de_marqueurs_neuroanatomiques_en_irm_safir_david_germanaud.txt
accepted;STIGMAPRO : Destigmatiser les pratiques professionnelles dans le handicap psychique;https://iresp.net/projets_finances/stigmapro-destigmatiser-les-pratiques-professionnelles-dans-le-handicap-psychique/;Autonomie;Blanc (session 10);2019;Clos;36 mois;124 300,00 €;CNSA;;C:\Users\PC\Desktop\Project_Internship\Index_Insight\Database\iresp_autonomie_database\120_2019_stigmapro_destigmatiser_les_pratiques_professionnelles_dans_le_handicap_psychique.txt
rejected;Stimulation ultrasonore transcranienne adaptative: design, calibration acoustique et dossier réglementaire;https://iresp.net/projets_finances/stimulation-ultrasonore-transcranienne-adaptative-design-calibration-acoustique-et-dossier-reglementaire/;MESSIDORE;Méthodologie des essais cliniques innovants, dispositifs, outils et recherches exploitant les données de santé et biobanques;2024;En cours;24 mois;587 745,00;INSERM;psychiatry / engineering;C:\Users\PC\Desktop\Project_Internship\Index_Insight\temp\iresp_rejected\243_2024_stimulation_ultrasonore_transcranienne_adaptative_design_calibration_acoustique_et_dossier_reglementaire.txt
accepted;Stratégies Innovantes sur la Régulation du champ de la perte d’autonomie et les Conditions d’Emploi des salariés;https://iresp.net/projets_finances/strategies-innovantes-sur-la-regulation-du-champ-de-la-perte-dautonomie-et-les-conditions-demploi-des-salaries/;Autonomie;Établissements, Services et Transformation de l'Offre Médico-Sociale (session 1);2019;Clos;36 mois;149 972,00 €;CNSA;;C:\Users\PC\Desktop\Project_Internship\Index_Insight\Database\iresp_autonomie_database\121_2019_strategies_innovantes_sur_la_regulation_du_champ_de_la_perte_d_autonomie_et_les_conditions_d_emploi_des_salaries.txt
rejected;Stratégies locales de prévention primaire et de promotion de la santé : les contrats locaux de santé comme dispositifs de territorialisation des politiques régionales;https://iresp.net/projets_finances/strategies-locales-de-prevention-primaire-et-de-promotion-de-la-sante-les-contrats-locaux-de-sante-comme-dispositifs-de-territorialisation-des-politiques-regionales/;Services, interventions et politiques favorables à la santé;Général - Volet Prévention;2016;En cours;36 mois;200000;CNAMTS;"Santé publique ; Sociologie";C:\Users\PC\Desktop\Project_Internship\Index_Insight\temp\iresp_rejected\244_2016_strategies_locales_de_prevention_primaire_et_de_promotion_de_la_sante_les_contrats_locaux_de_sante_comme_dispositifs_de_.txt
rejected;Structuration et animation du Groupement d’intérêt scientifique du Réseau Français d’Excellence de Recherche sur tabac, nicotine et produits connexes (REFERtab);https://iresp.net/projets_finances/structuration-et-animation-du-groupement-dinteret-scientifique-du-reseau-francais-dexcellence-de-recherche-sur-tabac-nicotine-et-produits-connexes-refertab/;Addictions;Appel à projets de recherche et d’intervention pour réduire et lutter contre le tabagisme;2018;Clos;12 mois;50 000;Fonds de Lutte Contre le Tabac;"Santé Publique ; Sciences Sociales ; Économie de la santé ; Toxicologie ; Épidémiologie";C:\Users\PC\Desktop\Project_Internship\Index_Insight\temp\iresp_rejected\245_2018_structuration_et_animation_du_groupement_d_interet_scientifique_du_reseau_francais_d_excellence_de_recherche_sur_tabac_n.txt
accepted;Structurer une démarche de recherche citoyenne sur l’exercice des droits humains des personnes vulnérabilisées par la vieillesse, la maladie, le handicap;https://iresp.net/projets_finances/structurer-une-demarche-de-recherche-citoyenne-sur-lexercice-des-droits-humains-des-personnes-vulnerabilisees-par-la-vieillesse-la-maladie-le-handicap/;Autonomie;Soutien à la structuration de communautés mixtes de recherche (session 1);2020;En cours;48 mois;249 136,00 €;CNSA;;C:\Users\PC\Desktop\Project_Internship\Index_Insight\Database\iresp_autonomie_database\122_2020_structurer_une_demarche_de_recherche_citoyenne_sur_l_exercice_des_droits_humains_des_personnes_vulnerabilisees_par_la_vi.txt
rejected;Support par texte pour la santé mentale des pères pendant la transition vers la paternité : Projet pilote testant sa faisabilité et son acceptabilité dans le contexte français;https://iresp.net/projets_finances/support-par-texte-pour-la-sante-mentale-des-peres-pendant-la-transition-vers-la-paternite-projet-pilote-testant-sa-faisabilite-et-son-acceptabilite-dans-le-contexte-francais/;Services, interventions et politiques favorables à la santé;Services, interventions et politiques favorables à la santé;2024;En cours;18 mois;99 959,00;Santé Publique France;discipline1 : Public health and epidemiology / discipline2 : Clinical and health psychology;C:\Users\PC\Desktop\Project_Internship\Index_Insight\temp\iresp_rejected\246_2024_support_par_texte_pour_la_sante_mentale_des_peres_pendant_la_transition_vers_la_paternite_projet_pilote_testant_sa_faisa.txt
rejected;Surveillance intrapartum du système nerveux autonome pour prévenir les complications néonatales;https://iresp.net/projets_finances/surveillance-intrapartum-du-systeme-nerveux-autonome-pour-prevenir-les-complications-neonatales/;MESSIDORE;Méthodologie des essais cliniques innovants, dispositifs, outils et recherches exploitant les données de santé et biobanques;2023;En cours;48 mois;723 054,00 €;INSERM;Physiological signals processing / Obstetrics / fetal physiology;C:\Users\PC\Desktop\Project_Internship\Index_Insight\temp\iresp_rejected\247_2023_surveillance_intrapartum_du_systeme_nerveux_autonome_pour_prevenir_les_complications_neonatales.txt
accepted;Syndrome de Down et maladie d’Alzheimer. Les trajectoires de maladie des personnes trisomiques malades d’Alzheimer;https://iresp.net/projets_finances/syndrome-de-down-et-maladie-dalzheimer-les-trajectoires-de-maladie-des-personnes-trisomiques-malades-dalzheimer/;Autonomie;Blanc (session 8);2017;Clos;24 mois;72 234,00 €;CNSA;Sociologie;C:\Users\PC\Desktop\Project_Internship\Index_Insight\Database\iresp_autonomie_database\123_2017_syndrome_de_down_et_maladie_d_alzheimer_les_trajectoires_de_maladie_des_personnes_trisomiques_malades_d_alzheimer.txt
rejected;Synergisme des effets du harcèlement et des violences sexuelles, des dysfonctions sexuelles et des facteurs psychologiques sur les risques d’infection sexuellement transmissible chez les militaires en France;https://iresp.net/projets_finances/synergisme-des-effets-du-harcelement-et-des-violences-sexuelles-des-dysfonctions-sexuelles-et-des-facteurs-psychologiques-sur-les-risques-dinfection-sexuellement-transmissible-chez-les-milit/;Services, interventions et politiques favorables à la santé;Général - volet Prévention;2017;Clos;12 mois;56 309,00 €;DGS;Epidémiologie / Biostatistiques;C:\Users\PC\Desktop\Project_Internship\Index_Insight\temp\iresp_rejected\248_2017_synergisme_des_effets_du_harcelement_et_des_violences_sexuelles_des_dysfonctions_sexuelles_et_des_facteurs_psychologique.txt
rejected;Tabac et santé mentale : impact de la nicotine en fonction de la transmission dopaminergique : une étude clinique et pré-clinique dans la schizophrénie (Schi-Do-Tab);https://iresp.net/projets_finances/tabac-et-sante-mentale-impact-de-la-nicotine-en-fonction-de-la-transmission-dopaminergique-une-etude-clinique-et-pre-clinique-dans-la-schizophrenie-schi-do-tab/;Addictions;Appel à projets de recherche et d’intervention pour réduire et lutter contre le tabagisme;2019;Clos;18 mois;167 959;Fonds de Lutte Contre le Tabagisme;"Médecine ; Psychiatrie ; Neurosciences";C:\Users\PC\Desktop\Project_Internship\Index_Insight\temp\iresp_rejected\249_2019_tabac_et_sante_mentale_impact_de_la_nicotine_en_fonction_de_la_transmission_dopaminergique_une_etude_clinique_et_pre_cli.txt
rejected;Tabac et Schizophrénie : Représentations et Accès des patients à la Cigarette Electronique (PSY-Cig);https://iresp.net/projets_finances/tabac-et-schizophrenie-representations-et-acces-des-patients-a-la-cigarette-electronique-psy-cig/;Addictions;Appel à projets de recherche et d’intervention pour réduire et lutter contre le tabagisme;2018;Clos;12 mois;46 638;Fonds de Lutte Contre le Tabac;Psychiatrie, Addictologie, Tabacologie, Santé Publique;C:\Users\PC\Desktop\Project_Internship\Index_Insight\temp\iresp_rejected\250_2018_tabac_et_schizophrenie_representations_et_acces_des_patients_a_la_cigarette_electronique_psy_cig.txt
rejected;TABAgisme et troubles PSYchiques : contrat d’amorçage visant à préparer une recherche interventionnelle et participative au sein d’Établissements et Services et Médico-Sociaux (TABAPSY);https://iresp.net/projets_finances/tabagisme-et-troubles-psychiques-contrat-damorcage-visant-a-preparer-une-recherche-interventionnelle-et-participative-au-sein-detablissements-et-services-et-medico-sociaux-tabapsy/;Addictions;Appel à projets de recherche et d’intervention pour réduire et lutter contre le tabagisme;2018;Clos;18 mois;49 859;Fonds de Lutte Contre le Tabac;"Psychiatrie ; Santé Publique";C:\Users\PC\Desktop\Project_Internship\Index_Insight\temp\iresp_rejected\251_2018_tabagisme_et_troubles_psychiques_contrat_d_amorcage_visant_a_preparer_une_recherche_interventionnelle_et_participative_a.txt
rejected;Tableau de bord de surveillance du doctor shopping pour les médicaments psychoactifs dans la population générale française;https://iresp.net/projets_finances/tableau-de-bord-de-surveillance-du-doctor-shopping-pour-les-medicaments-psychoactifs-dans-la-population-generale-francaise/;Addictions;Lutter contre les usages et les addictions aux substances psychoactives;2022;En cours;36 mois;149 256;Fonds de Lutte Contre les Addictions;Santé Publique (Pharmacoépidémiologie);C:\Users\PC\Desktop\Project_Internship\Index_Insight\temp\iresp_rejected\252_2022_tableau_de_bord_de_surveillance_du_doctor_shopping_pour_les_medicaments_psychoactifs_dans_la_population_generale_francai.txt
rejected;Technologies Immersives et Nudges pour la prévention des Comportements à Risque chez les Jeunes – Guilhem LECOUTEUX;https://iresp.net/projets_finances/technologies-immersives-et-nudges-pour-la-prevention-des-comportements-a-risque-chez-les-jeunes/;Services, interventions et politiques favorables à la santé;Recherche en santé publique;2020;Clos;18 mois;100 000,00 €;MILDECA;;C:\Users\PC\Desktop\Project_Internship\Index_Insight\temp\iresp_rejected\253_2020_technologies_immersives_et_nudges_pour_la_prevention_des_comportements_a_risque_chez_les_jeunes_guilhem_lecouteux.txt
accepted;Territoire Capacitant et Inclusif en faveur du Pouvoir d‘Agir des Personnes en Situation de Handicap;https://iresp.net/projets_finances/territoire-capacitant-et-inclusif-en-faveur-du-pouvoir-dagir-des-personnes-en-situation-de-handicap/;Autonomie;Analyse des politiques de l’autonomie, de l’offre médico-sociale et des besoins des publics;2023;En cours;36 mois;249 020,60 €;CNSA;sciences de gestion, sociologie, psychoéducation, ergothérapie;C:\Users\PC\Desktop\Project_Internship\Index_Insight\Database\iresp_autonomie_database\124_2023_territoire_capacitant_et_inclusif_en_faveur_du_pouvoir_d_agir_des_personnes_en_situation_de_handicap.txt
rejected;Développement et Usage Clinique d’une Application de Thérapie par Exposition en Réalité Virtuelle pour le Traitement des Troubles d’Usage de Substance en Thérapie Comportementale et Cognitive;https://iresp.net/projets_finances/therapie-par-exposition-en-realite-virtuelle/;Addictions;Lutter contre les usages et les addictions aux substances psychoactives;2022;En cours;24 mois;99 840;Fonds de Lutte Contre les Addictions;Psychologie Clinique, Informatique, Addictologie;C:\Users\PC\Desktop\Project_Internship\Index_Insight\temp\iresp_rejected\254_2022_developpement_et_usage_clinique_d_une_application_de_therapie_par_exposition_en_realite_virtuelle_pour_le_traitement_des.txt
accepted;Trajectoires et expériences croisées dans les systèmes d’aide à l’autonomie;https://iresp.net/projets_finances/trajectoires-et-experiences-croisees-dans-les-systemes-daide-a-lautonomie/;Autonomie;Blanc (session 11);2020;En cours;48 mois;295 700,00 €;CNSA;;C:\Users\PC\Desktop\Project_Internship\Index_Insight\Database\iresp_autonomie_database\125_2020_trajectoires_et_experiences_croisees_dans_les_systemes_d_aide_a_l_autonomie.txt
rejected;Trajectoires et Réactions des usagers et de leurs proches dans le cadre des « Consultations Jeunes Consommateurs » (TRYAD);https://iresp.net/projets_finances/trajectoires-et-reactions-des-usagers-et-de-leurs-proches-dans-le-cadre-des-consultations-jeunes-consommateurs-tryad/;Addictions;Lutte contre les addictions aux substances psychoactives;2019;En cours;36 mois;445 734;Fonds de Lutte Contre les Addictions;"Addictologie ; Santé Publique ; Prévention ; Système de santé";C:\Users\PC\Desktop\Project_Internship\Index_Insight\temp\iresp_rejected\255_2019_trajectoires_et_reactions_des_usagers_et_de_leurs_proches_dans_le_cadre_des_consultations_jeunes_consommateurs_tryad.txt
accepted;Troubles du spectre autistique et contexte multiculturel en Guyane : Étude qualitative pour comprendre les représentations dans différentes communautés pour optimiser l’action publique;https://iresp.net/projets_finances/troubles-du-spectre-autistique-et-contexte-multiculturel-en-guyane-etude-qualitative-pour-comprendre-les-representations-dans-differentes-communautes-pour-optimiser-laction-publique/;Autonomie;Troubles du spectre de l’autisme, troubles du neuro-développement et Sciences humaines et sociales;2024;En cours;18 mois;149 035,00;CNSA;Anthropologie, Santé Publique, Sociologie.;C:\Users\PC\Desktop\Project_Internship\Index_Insight\Database\iresp_autonomie_database\126_2024_troubles_du_spectre_autistique_et_contexte_multiculturel_en_guyane_etude_qualitative_pour_comprendre_les_representations.txt
rejected;Un pipeline intégré augmenté par l’IA pour l’exploitation des entrepôts de données de santé en imagerie cardiaque avec méta-analyse vivante pour le pronostic des lésions myocardiques;https://iresp.net/projets_finances/un-pipeline-integre-augmente-par-lia-pour-lexploitation-des-entrepots-de-donnees-de-sante-en-imagerie-cardiaque-avec-meta-analyse-vivante-pour-le-pronostic-des-lesions-myocardiques/;MESSIDORE;Méthodologie des essais cliniques innovants, dispositifs, outils et recherches exploitant les données de santé et biobanques;2024;En cours;48 mois;998 841,00;INSERM;Radiology/Cardiology/MR physics/Computer science/Public health;C:\Users\PC\Desktop\Project_Internship\Index_Insight\temp\iresp_rejected\256_2024_un_pipeline_integre_augmente_par_l_ia_pour_l_exploitation_des_entrepots_de_donnees_de_sante_en_imagerie_cardiaque_avec_m.txt
accepted;Une économie territoriale de la captation: les dynamiques concurrentielles au sein du secteur des Ehpad;https://iresp.net/projets_finances/une-economie-territoriale-de-la-captation-les-dynamiques-concurrentielles-au-sein-du-secteur-des-ehpad/;Autonomie;Établissements, services et transformation de l’offre médico-sociale (session 3);2021;Clos;24 mois;147 606,00 €;CNSA;;C:\Users\PC\Desktop\Project_Internship\Index_Insight\Database\iresp_autonomie_database\127_2021_une_economie_territoriale_de_la_captation_les_dynamiques_concurrentielles_au_sein_du_secteur_des_ehpad.txt
rejected;Une intervention randomisée pour inciter au report modal en vue d’une mobilité urbaine durable – Aina CHALABAEV;https://iresp.net/projets_finances/une-intervention-randomisee-pour-inciter-au-report-modal-en-vue-dune-mobilite-urbaine-durable/;Services, interventions et politiques favorables à la santé;Général - volet Prévention et promotion de la santé;2018;Clos;36 mois;263 664,00 €;Santé Publique France;Psychologie / Economie / Géographie;C:\Users\PC\Desktop\Project_Internship\Index_Insight\temp\iresp_rejected\257_2018_une_intervention_randomisee_pour_inciter_au_report_modal_en_vue_d_une_mobilite_urbaine_durable_aina_chalabaev.txt
rejected;Validation de l’échelle de prédiction du risque de sevrage d’alcool compliqué PRSAC (Version Française de l’échelle PAWSS).;https://iresp.net/projets_finances/validation-de-lechelle-de-prediction-du-risque-de-sevrage-dalcool-complique-prsac-version-francaise-de-lechelle-pawss/;Addictions;Conduites Addictives et Drogues;2024;En cours;36 mois;98 666,00;Fonds de lutte contre les addictions;Psychiatrie, Urgences, Neurologie;C:\Users\PC\Desktop\Project_Internship\Index_Insight\temp\iresp_rejected\258_2024_validation_de_l_echelle_de_prediction_du_risque_de_sevrage_d_alcool_complique_prsac_version_francaise_de_l_echelle_pawss.txt
rejected;Validation de strategies OMIC ciblant la thromboinflamation pour l’optimisation de la reperfusion cérébrale et l’amélioration de l’autonomie fonctionnelle;https://iresp.net/projets_finances/validation-de-strategies-omic-ciblant-la-thromboinflamation-pour-loptimisation-de-la-reperfusion-cerebrale-et-lamelioration-de-lautonomie-fonctionnelle/;MESSIDORE;Méthodologie des essais cliniques innovants, dispositifs, outils et recherches exploitant les données de santé et biobanques;2023;En cours;36 mois;1 144 128,00 €;INSERM;The SAVEBRAIN project addresses the challenge of acute ischemic stroke therapy failure and complications resulting from thrombo-inflammatory processes taking place in the microcirculation. The ambition is to identify and validate biomarkers of these;C:\Users\PC\Desktop\Project_Internship\Index_Insight\temp\iresp_rejected\259_2023_validation_de_strategies_omic_ciblant_la_thromboinflamation_pour_l_optimisation_de_la_reperfusion_cerebrale_et_l_amelior.txt
rejected;Validation d’un modèle animal de polyconsommation d’alcool et de cocaïne;https://iresp.net/projets_finances/validation-dun-modele-animal-de-polyconsommation-dalcool-et-de-cocaine/;Addictions;Lutter contre les usages et les addictions aux substances psychoactives;2022;En cours;36 mois;249 000;Fonds de Lutte Contre les Addictions;Neuropharmacologie;C:\Users\PC\Desktop\Project_Internship\Index_Insight\temp\iresp_rejected\260_2022_validation_d_un_modele_animal_de_polyconsommation_d_alcool_et_de_cocaine.txt
accepted;Validation d’un outil de mesure de la Qualité de Vie au travail des professionnels des EHPAD en Nouvelle-Aquitaine;https://iresp.net/projets_finances/validation-dun-outil-de-mesure-de-la-qualite-de-vie-au-travail-des-professionnels-des-ehpad-en-nouvelle-aquitaine/;Autonomie;Établissements, Services et Transformation de l'Offre Médico-Sociale (session 1);2019;Clos;24 mois;60 030,00 €;CNSA;Sociologie du travail et des organisations,;C:\Users\PC\Desktop\Project_Internship\Index_Insight\Database\iresp_autonomie_database\128_2019_validation_d_un_outil_de_mesure_de_la_qualite_de_vie_au_travail_des_professionnels_des_ehpad_en_nouvelle_aquitaine.txt
accepted;Vécus, besoins et attentes des familles de personnes polyhandicapées vieillissantes;https://iresp.net/projets_finances/vecus-besoins-et-attentes-des-familles-de-personnes-polyhandicapees-vieillissantes/;Autonomie;Blanc (session 13);2022;En cours;36 mois;242 274,20 €;CNSA;psychologie, santé publique, médecine, épidémiologie;C:\Users\PC\Desktop\Project_Internship\Index_Insight\Database\iresp_autonomie_database\129_2022_vecus_besoins_et_attentes_des_familles_de_personnes_polyhandicapees_vieillissantes.txt
rejected;Vers l’identification de nouveaux traitements de la dépendance et des symptômes psychiatriques comorbides;https://iresp.net/projets_finances/vers-lidentification-de-nouveaux-traitements-de-la-dependance-et-des-symptomes-psychiatriques-comorbides/;Addictions;Substances psychoactives et comportements avec pouvoir addictif;2023;En cours;48 mois;1 126 908,00;Fonds de lutte contre les addictions;Neurosciences/Psychiatrie préclinique/Neurobiologie du comportement/Signalisation Neuronale/Pharmacologie;C:\Users\PC\Desktop\Project_Internship\Index_Insight\temp\iresp_rejected\261_2023_vers_l_identification_de_nouveaux_traitements_de_la_dependance_et_des_symptomes_psychiatriques_comorbides.txt
accepted;Vieillesse(s) et handicap(s) en Polynésie française : besoins des publics et offre médico-sociale;https://iresp.net/projets_finances/vieillesses-et-handicaps-en-polynesie-francaise-besoins-des-publics-et-offre-medico-sociale/;Autonomie;Analyse des politiques de l’autonomie, de l’offre médico-sociale et des besoins des publics;2024;En cours;48 mois;250 000,00;CNSA;Sociologie;C:\Users\PC\Desktop\Project_Internship\Index_Insight\Database\iresp_autonomie_database\130_2024_vieillesse_s_et_handicap_s_en_polynesie_francaise_besoins_des_publics_et_offre_medico_sociale.txt
rejected;Vieillissement en action : déterminants multidomaines et risque de future démence : analyses d’apprentissage automatique supervisé/non supervisé dans l’enquête sur la santé, le vieillissement et la retraite en Europe (SHARE) – Laurent CLERET DE LANGAVANT;https://iresp.net/projets_finances/vieillissement-en-action-determinants-multidomaines-et-risque-de-future-demence-analyses-dapprentissage-automatique-supervise-non-supervise-dans-lenquete-sur-la-sante-le-vieillissement-et-la-re/;Services, interventions et politiques favorables à la santé;Général - volet Prévention et promotion de la santé;2018;Clos;36 mois;98 720,00 €;DGS;Santé et travail / Santé mentale / Maladies chroniques;C:\Users\PC\Desktop\Project_Internship\Index_Insight\temp\iresp_rejected\262_2018_vieillissement_en_action_determinants_multidomaines_et_risque_de_future_demence_analyses_d_apprentissage_automatique_sup.txt
accepted;Vulnérabilité sociale et perte de l’autonomie du sujet âgé : approche descriptive et analytique des mécanismes impliqués – Projet Vol PERLA;https://iresp.net/projets_finances/vulnerabilite-sociale-et-perte-de-lautonomie-du-sujet-age-approche-descriptive-et-analytique-des-mecanismes-impliques-projet-vol-perla/;Autonomie;Blanc (session 13);2022;En cours;36 mois;75 488,00 €;CNSA;Epidémiologie - Psychologie - Biostatistique - Santé Publique;C:\Users\PC\Desktop\Project_Internship\Index_Insight\Database\iresp_autonomie_database\131_2022_vulnerabilite_sociale_et_perte_de_l_autonomie_du_sujet_age_approche_descriptive_et_analytique_des_mecanismes_impliques_p.txt
