file_name;relative_path;absolute_path;word_count;score_raw;score_normalized;count__agisme;count__ville amie des aines;count__vada;count__vieillissement;count__personnes agees;count__aine;count__seniors;count__retraites;count__vieillir;count__retraite;count__age;count__intergenerationnel;count__chez soi;count__ehpad;count__mobilite;count__hebergement;count__autonomie;count__citoyen;count__fragile;count__vulnerable;count__dependant;count__isole;count__aidant;weighted__agisme;weighted__ville amie des aines;weighted__vada;weighted__vieillissement;weighted__personnes agees;weighted__aine;weighted__seniors;weighted__retraites;weighted__vieillir;weighted__retraite;weighted__age;weighted__intergenerationnel;weighted__chez soi;weighted__ehpad;weighted__mobilite;weighted__hebergement;weighted__autonomie;weighted__citoyen;weighted__fragile;weighted__vulnerable;weighted__dependant;weighted__isole;weighted__aidant;title_bonus__agisme;title_bonus__ville amie des aines;title_bonus__vada;title_bonus__vieillissement;title_bonus__personnes agees;title_bonus__aine;title_bonus__seniors;title_bonus__retraites;title_bonus__vieillir;title_bonus__retraite;title_bonus__age;title_bonus__intergenerationnel;title_bonus__chez soi;title_bonus__ehpad;title_bonus__mobilite;title_bonus__hebergement;title_bonus__autonomie;title_bonus__citoyen;title_bonus__fragile;title_bonus__vulnerable;title_bonus__dependant;title_bonus__isole;title_bonus__aidant
Connexion_partagee.txt;Database\Vada_database\Connexion_partagee.txt;C:\Users\PC\Desktop\Project_Internship\Index_Insight\Database\Vada_database\Connexion_partagee.txt;24;0;0.00000000;0;0;0;0;0;0;0;0;0;0;0;0;0;0;0;0;0;0;0;0;0;0;0;0;0;0;0;0;0;0;0;0;0;0;0;0;0;0;0;0;0;0;0;0;0;0;0;0;0;0;0;0;0;0;0;0;0;0;0;0;0;0;0;0;0;0;0;0;0
FICHE_ACTION_soutien_des_proches_aidants.txt;Database\Fiches_actions_database\FICHE_ACTION_soutien_des_proches_aidants.txt;C:\Users\PC\Desktop\Project_Internship\Index_Insight\Database\Fiches_actions_database\FICHE_ACTION_soutien_des_proches_aidants.txt;15;0;0.00000000;0;0;0;0;0;0;0;0;0;0;0;0;0;0;0;0;0;0;0;0;0;0;0;0;0;0;0;0;0;0;0;0;0;0;0;0;0;0;0;0;0;0;0;0;0;0;0;0;0;0;0;0;0;0;0;0;0;0;0;0;0;0;0;0;0;0;0;0;0
FICHE_Arlon_1.txt;Database\Fiches_actions_database\FICHE_Arlon_1.txt;C:\Users\PC\Desktop\Project_Internship\Index_Insight\Database\Fiches_actions_database\FICHE_Arlon_1.txt;741;0;0.00000000;0;0;0;0;0;0;0;0;0;0;0;0;0;0;0;0;0;0;0;0;0;0;0;0;0;0;0;0;0;0;0;0;0;0;0;0;0;0;0;0;0;0;0;0;0;0;0;0;0;0;0;0;0;0;0;0;0;0;0;0;0;0;0;0;0;0;0;0;0
Fiche-action_10_-_Reseau_dinformations.txt;Database\Fiches_actions_database\Fiche-action_10_-_Reseau_dinformations.txt;C:\Users\PC\Desktop\Project_Internship\Index_Insight\Database\Fiches_actions_database\Fiche-action_10_-_Reseau_dinformations.txt;191;0;0.00000000;0;0;0;0;0;0;0;0;0;0;0;0;0;0;0;0;0;0;0;0;0;0;0;0;0;0;0;0;0;0;0;0;0;0;0;0;0;0;0;0;0;0;0;0;0;0;0;0;0;0;0;0;0;0;0;0;0;0;0;0;0;0;0;0;0;0;0;0;0
Fiche3-LienSocial.txt;Database\Fiches_actions_database\Fiche3-LienSocial.txt;C:\Users\PC\Desktop\Project_Internship\Index_Insight\Database\Fiches_actions_database\Fiche3-LienSocial.txt;263;0;0.00000000;0;0;0;0;0;0;0;0;0;0;0;0;0;0;0;0;0;0;0;0;0;0;0;0;0;0;0;0;0;0;0;0;0;0;0;0;0;0;0;0;0;0;0;0;0;0;0;0;0;0;0;0;0;0;0;0;0;0;0;0;0;0;0;0;0;0;0;0;0
Guide_historique_des_rues_dOrchies.txt;Database\Vada_database\Guide_historique_des_rues_dOrchies.txt;C:\Users\PC\Desktop\Project_Internship\Index_Insight\Database\Vada_database\Guide_historique_des_rues_dOrchies.txt;826;0;0.00000000;0;0;0;0;0;0;0;0;0;0;0;0;0;0;0;0;0;0;0;0;0;0;0;0;0;0;0;0;0;0;0;0;0;0;0;0;0;0;0;0;0;0;0;0;0;0;0;0;0;0;0;0;0;0;0;0;0;0;0;0;0;0;0;0;0;0;0;0;0
La_Tour-de-salvany_69_Ville_Membre_depuis_2021.txt;Database\Vada_database\La_Tour-de-salvany_69_Ville_Membre_depuis_2021.txt;C:\Users\PC\Desktop\Project_Internship\Index_Insight\Database\Vada_database\La_Tour-de-salvany_69_Ville_Membre_depuis_2021.txt;34;0;0.00000000;0;0;0;0;0;0;0;0;0;0;0;0;0;0;0;0;0;0;0;0;0;0;0;0;0;0;0;0;0;0;0;0;0;0;0;0;0;0;0;0;0;0;0;0;0;0;0;0;0;0;0;0;0;0;0;0;0;0;0;0;0;0;0;0;0;0;0;0;0
Une_bulle_de_bien-etre.txt;Database\Vada_database\Une_bulle_de_bien-etre.txt;C:\Users\PC\Desktop\Project_Internship\Index_Insight\Database\Vada_database\Une_bulle_de_bien-etre.txt;613;1;0.00163132;0;0;0;0;0;0;0;0;0;0;0;0;0;0;0;0;0;0;0;0;0;0;1;0;0;0;0;0;0;0;0;0;0;0;0;0;0;0;0;0;0;0;0;0;0;1;0;0;0;0;0;0;0;0;0;0;0;0;0;0;0;0;0;0;0;0;0;0;0
Jaimerais_que_ca_se_passe_comme_ca_pour_ma_fin_de_vie_et_apres.txt;Database\Vada_database\Jaimerais_que_ca_se_passe_comme_ca_pour_ma_fin_de_vie_et_apres.txt;C:\Users\PC\Desktop\Project_Internship\Index_Insight\Database\Vada_database\Jaimerais_que_ca_se_passe_comme_ca_pour_ma_fin_de_vie_et_apres.txt;1097;3;0.00273473;0;0;0;1;0;0;0;0;0;0;0;0;0;0;0;0;0;0;0;0;0;0;0;0;0;0;3;0;0;0;0;0;0;0;0;0;0;0;0;0;0;0;0;0;0;0;0;0;0;0;0;0;0;0;0;0;0;0;0;0;0;0;0;0;0;0;0;0;0
Fiche-action_3_new.txt;Database\Fiches_actions_database\Fiche-action_3_new.txt;C:\Users\PC\Desktop\Project_Internship\Index_Insight\Database\Fiches_actions_database\Fiche-action_3_new.txt;309;1;0.00323625;0;0;0;0;0;0;0;0;0;0;0;0;0;0;0;0;0;0;0;0;0;1;0;0;0;0;0;0;0;0;0;0;0;0;0;0;0;0;0;0;0;0;0;0;1;0;0;0;0;0;0;0;0;0;0;0;0;0;0;0;0;0;0;0;0;0;0;0;0
Les_bulles_de_repit_pour_les_aidants.txt;Database\Vada_database\Les_bulles_de_repit_pour_les_aidants.txt;C:\Users\PC\Desktop\Project_Internship\Index_Insight\Database\Vada_database\Les_bulles_de_repit_pour_les_aidants.txt;938;4;0.00426439;0;0;0;0;0;0;0;0;0;0;0;0;0;0;0;0;0;0;0;0;0;2;2;0;0;0;0;0;0;0;0;0;0;0;0;0;0;0;0;0;0;0;0;0;2;2;0;0;0;0;0;0;0;0;0;0;0;0;0;0;0;0;0;0;0;0;0;0;0
Projet_dhabitat_participatif_Soleil_Levant.txt;Database\Vada_database\Projet_dhabitat_participatif_Soleil_Levant.txt;C:\Users\PC\Desktop\Project_Internship\Index_Insight\Database\Vada_database\Projet_dhabitat_participatif_Soleil_Levant.txt;1037;5;0.00482160;0;0;0;1;0;0;0;0;0;0;0;0;0;0;0;0;1;0;0;0;0;1;0;0;0;0;3;0;0;0;0;0;0;0;0;0;0;0;0;1;0;0;0;0;1;0;0;0;0;0;0;0;0;0;0;0;0;0;0;0;0;0;0;0;0;0;0;0;0
La Maison des aidants une plateforme pour prévenir l'isolement et l'épuisement des aidants familiaux.txt;Database\FdF_database\La Maison des aidants une plateforme pour prévenir l'isolement et l'épuisement des aidants familiaux.txt;C:\Users\PC\Desktop\Project_Internship\Index_Insight\Database\FdF_database\La Maison des aidants une plateforme pour prévenir l'isolement et l'épuisement des aidants familiaux.txt;1711;9;0.00526008;0;0;0;0;1;0;0;0;0;0;0;0;0;0;0;0;1;0;0;0;0;3;0;0;0;0;0;3;0;0;0;0;0;0;0;0;0;0;0;1;0;0;0;0;3;0;0;0;0;0;0;0;0;0;0;0;0;0;0;0;0;0;0;0;0;0;0;2;0
Forum_habitat.txt;Database\Vada_database\Forum_habitat.txt;C:\Users\PC\Desktop\Project_Internship\Index_Insight\Database\Vada_database\Forum_habitat.txt;564;3;0.00531915;0;0;0;1;0;0;0;0;0;0;0;0;0;0;0;0;0;0;0;0;0;0;0;0;0;0;3;0;0;0;0;0;0;0;0;0;0;0;0;0;0;0;0;0;0;0;0;0;0;0;0;0;0;0;0;0;0;0;0;0;0;0;0;0;0;0;0;0;0
Disco_party.txt;Database\Vada_database\Disco_party.txt;C:\Users\PC\Desktop\Project_Internship\Index_Insight\Database\Vada_database\Disco_party.txt;734;4;0.00544959;0;0;0;0;0;0;1;0;0;0;0;0;0;0;0;0;0;0;0;0;0;1;0;0;0;0;0;0;0;3;0;0;0;0;0;0;0;0;0;0;0;0;0;0;1;0;0;0;0;0;0;0;0;0;0;0;0;0;0;0;0;0;0;0;0;0;0;0;0
DIEPPE_La_belle_entricotee.txt;Database\Vada_database\DIEPPE_La_belle_entricotee.txt;C:\Users\PC\Desktop\Project_Internship\Index_Insight\Database\Vada_database\DIEPPE_La_belle_entricotee.txt;889;5;0.00562430;0;1;0;0;0;0;0;0;0;0;0;0;0;0;0;0;0;0;0;0;0;0;0;0;5;0;0;0;0;0;0;0;0;0;0;0;0;0;0;0;0;0;0;0;0;0;0;0;0;0;0;0;0;0;0;0;0;0;0;0;0;0;0;0;0;0;0;0;0
Ehpad aider les soignants à prendre soin d'eux.txt;Database\FdF_database\Ehpad aider les soignants à prendre soin d'eux.txt;C:\Users\PC\Desktop\Project_Internship\Index_Insight\Database\FdF_database\Ehpad aider les soignants à prendre soin d'eux.txt;2257;13;0.00575986;0;0;0;0;0;0;0;0;0;0;0;0;0;8;0;0;0;0;0;1;0;2;0;0;0;0;0;0;0;0;0;0;0;0;0;0;8;0;0;0;0;0;1;0;2;0;0;0;0;0;0;0;0;0;0;0;0;0;0;2;0;0;0;0;0;0;0;0;0
20_DE_CO-FINANCEMENT_A_VEC_LA_CFPPA_DE_MEURTHE-ET-.txt;Database\Cnav_database\20_DE_CO-FINANCEMENT_A_VEC_LA_CFPPA_DE_MEURTHE-ET-.txt;C:\Users\PC\Desktop\Project_Internship\Index_Insight\Database\Cnav_database\20_DE_CO-FINANCEMENT_A_VEC_LA_CFPPA_DE_MEURTHE-ET-.txt;480;3;0.00625000;0;0;0;0;0;0;0;0;0;0;0;0;0;0;0;0;3;0;0;0;0;0;0;0;0;0;0;0;0;0;0;0;0;0;0;0;0;0;0;3;0;0;0;0;0;0;0;0;0;0;0;0;0;0;0;0;0;0;0;0;0;0;0;0;0;0;0;0;0
Alzheimer habiter ensemble et autrement avec la Maison des cultures.txt;Database\FdF_database\Alzheimer habiter ensemble et autrement avec la Maison des cultures.txt;C:\Users\PC\Desktop\Project_Internship\Index_Insight\Database\FdF_database\Alzheimer habiter ensemble et autrement avec la Maison des cultures.txt;1919;12;0.00625326;0;0;0;0;3;0;0;0;0;0;0;0;0;0;0;0;1;0;0;0;0;2;0;0;0;0;0;9;0;0;0;0;0;0;0;0;0;0;0;1;0;0;0;0;2;0;0;0;0;0;0;0;0;0;0;0;0;0;0;0;0;0;0;0;0;0;0;0;0
Du_sport_sur_ordonnance_a_Libourne.txt;Database\Vada_database\Du_sport_sur_ordonnance_a_Libourne.txt;C:\Users\PC\Desktop\Project_Internship\Index_Insight\Database\Vada_database\Du_sport_sur_ordonnance_a_Libourne.txt;947;6;0.00633580;0;1;0;0;0;0;0;0;0;0;0;0;0;0;0;0;1;0;0;0;0;0;0;0;5;0;0;0;0;0;0;0;0;0;0;0;0;0;0;1;0;0;0;0;0;0;0;0;0;0;0;0;0;0;0;0;0;0;0;0;0;0;0;0;0;0;0;0;0
Le_label_Marianne_et_la_certification_ISO_9001_pour_lensemble_des_services_du_CCAS_un_gage_de_qualite.txt;Database\Vada_database\Le_label_Marianne_et_la_certification_ISO_9001_pour_lensemble_des_services_du_CCAS_un_gage_de_qualite.txt;C:\Users\PC\Desktop\Project_Internship\Index_Insight\Database\Vada_database\Le_label_Marianne_et_la_certification_ISO_9001_pour_lensemble_des_services_du_CCAS_un_gage_de_qualite.txt;984;7;0.00711382;0;1;0;0;0;0;0;0;0;0;0;0;0;0;0;0;2;0;0;0;0;0;0;0;5;0;0;0;0;0;0;0;0;0;0;0;0;0;0;2;0;0;0;0;0;0;0;0;0;0;0;0;0;0;0;0;0;0;0;0;0;0;0;0;0;0;0;0;0
Etre_aidant_etre_aide.txt;Database\Vada_database\Etre_aidant_etre_aide.txt;C:\Users\PC\Desktop\Project_Internship\Index_Insight\Database\Vada_database\Etre_aidant_etre_aide.txt;936;7;0.00747863;0;0;0;0;0;0;0;0;0;0;0;0;0;0;0;0;0;0;0;0;0;2;3;0;0;0;0;0;0;0;0;0;0;0;0;0;0;0;0;0;0;0;0;0;2;3;0;0;0;0;0;0;0;0;0;0;0;0;0;0;0;0;0;0;0;0;0;0;2
FicheAction3_Barlin_vf.txt;Database\Fiches_actions_database\FicheAction3_Barlin_vf.txt;C:\Users\PC\Desktop\Project_Internship\Index_Insight\Database\Fiches_actions_database\FicheAction3_Barlin_vf.txt;530;4;0.00754717;0;0;0;0;0;0;0;0;0;0;1;0;0;0;0;0;0;1;0;0;0;0;0;0;0;0;0;0;0;0;0;0;0;3;0;0;0;0;0;0;1;0;0;0;0;0;0;0;0;0;0;0;0;0;0;0;0;0;0;0;0;0;0;0;0;0;0;0;0
Danse_et_bien-etre_en_accueil_de_jour.txt;Database\Vada_database\Danse_et_bien-etre_en_accueil_de_jour.txt;C:\Users\PC\Desktop\Project_Internship\Index_Insight\Database\Vada_database\Danse_et_bien-etre_en_accueil_de_jour.txt;922;7;0.00759219;0;1;0;0;0;0;0;0;0;0;0;0;0;0;2;0;0;0;0;0;0;0;0;0;5;0;0;0;0;0;0;0;0;0;0;0;0;2;0;0;0;0;0;0;0;0;0;0;0;0;0;0;0;0;0;0;0;0;0;0;0;0;0;0;0;0;0;0;0
Creation_dun_cafe_des_aidants.txt;Database\Vada_database\Creation_dun_cafe_des_aidants.txt;C:\Users\PC\Desktop\Project_Internship\Index_Insight\Database\Vada_database\Creation_dun_cafe_des_aidants.txt;759;6;0.00790514;0;0;0;0;0;0;1;0;0;0;1;0;0;0;0;0;0;0;0;0;0;0;0;0;0;0;0;0;0;3;0;0;0;3;0;0;0;0;0;0;0;0;0;0;0;0;0;0;0;0;0;0;0;0;0;0;0;0;0;0;0;0;0;0;0;0;0;0;0
Maison_3S.txt;Database\Vada_database\Maison_3S.txt;C:\Users\PC\Desktop\Project_Internship\Index_Insight\Database\Vada_database\Maison_3S.txt;748;6;0.00802139;0;0;0;0;0;0;2;0;0;0;0;0;0;0;0;0;0;0;0;0;0;0;0;0;0;0;0;0;0;6;0;0;0;0;0;0;0;0;0;0;0;0;0;0;0;0;0;0;0;0;0;0;0;0;0;0;0;0;0;0;0;0;0;0;0;0;0;0;0
Les_5_saisons_de_larbre.txt;Database\Vada_database\Les_5_saisons_de_larbre.txt;C:\Users\PC\Desktop\Project_Internship\Index_Insight\Database\Vada_database\Les_5_saisons_de_larbre.txt;993;8;0.00805639;0;0;0;0;1;0;0;0;0;0;0;0;0;2;0;0;2;0;0;0;0;1;0;0;0;0;0;3;0;0;0;0;0;0;0;0;2;0;0;2;0;0;0;0;1;0;0;0;0;0;0;0;0;0;0;0;0;0;0;0;0;0;0;0;0;0;0;0;0
Les_aidants_les_super_heros.txt;Database\Vada_database\Les_aidants_les_super_heros.txt;C:\Users\PC\Desktop\Project_Internship\Index_Insight\Database\Vada_database\Les_aidants_les_super_heros.txt;862;7;0.00812065;0;1;0;0;0;0;0;0;0;0;0;0;0;0;0;0;1;0;0;0;0;0;1;0;5;0;0;0;0;0;0;0;0;0;0;0;0;0;0;1;0;0;0;0;0;1;0;0;0;0;0;0;0;0;0;0;0;0;0;0;0;0;0;0;0;0;0;0;0
Chez_moi_sur.txt;Database\Vada_database\Chez_moi_sur.txt;C:\Users\PC\Desktop\Project_Internship\Index_Insight\Database\Vada_database\Chez_moi_sur.txt;972;8;0.00823045;0;0;0;1;0;0;0;1;0;0;0;0;0;0;0;0;1;0;0;0;0;1;0;0;0;0;3;0;0;0;3;0;0;0;0;0;0;0;0;1;0;0;0;0;1;0;0;0;0;0;0;0;0;0;0;0;0;0;0;0;0;0;0;0;0;0;0;0;0
19_ATELIER_MNEMOTRICITE.txt;Database\Cnav_database\19_ATELIER_MNEMOTRICITE.txt;C:\Users\PC\Desktop\Project_Internship\Index_Insight\Database\Cnav_database\19_ATELIER_MNEMOTRICITE.txt;475;4;0.00842105;0;0;0;0;0;0;0;0;0;1;0;0;0;0;0;0;0;0;0;0;0;1;0;0;0;0;0;0;0;0;0;0;3;0;0;0;0;0;0;0;0;0;0;0;1;0;0;0;0;0;0;0;0;0;0;0;0;0;0;0;0;0;0;0;0;0;0;0;0
Quelles_histoires.txt;Database\Vada_database\Quelles_histoires.txt;C:\Users\PC\Desktop\Project_Internship\Index_Insight\Database\Vada_database\Quelles_histoires.txt;589;5;0.00848896;0;1;0;0;0;0;0;0;0;0;0;0;0;0;0;0;0;0;0;0;0;0;0;0;5;0;0;0;0;0;0;0;0;0;0;0;0;0;0;0;0;0;0;0;0;0;0;0;0;0;0;0;0;0;0;0;0;0;0;0;0;0;0;0;0;0;0;0;0
A_Limonest_une_mutuelle_communale_qui_facilite_la_vie_des_aines.txt;Database\Vada_database\A_Limonest_une_mutuelle_communale_qui_facilite_la_vie_des_aines.txt;C:\Users\PC\Desktop\Project_Internship\Index_Insight\Database\Vada_database\A_Limonest_une_mutuelle_communale_qui_facilite_la_vie_des_aines.txt;691;6;0.00868307;0;1;0;0;0;0;0;0;0;0;0;0;0;0;0;0;1;0;0;0;0;0;0;0;5;0;0;0;0;0;0;0;0;0;0;0;0;0;0;1;0;0;0;0;0;0;0;0;0;0;0;0;0;0;0;0;0;0;0;0;0;0;0;0;0;0;0;0;0
Soins_non_programmes_dentaires.txt;Database\Vada_database\Soins_non_programmes_dentaires.txt;C:\Users\PC\Desktop\Project_Internship\Index_Insight\Database\Vada_database\Soins_non_programmes_dentaires.txt;680;6;0.00882353;0;1;0;0;0;0;0;0;0;0;0;0;0;0;0;0;0;0;0;0;0;0;1;0;5;0;0;0;0;0;0;0;0;0;0;0;0;0;0;0;0;0;0;0;0;1;0;0;0;0;0;0;0;0;0;0;0;0;0;0;0;0;0;0;0;0;0;0;0
Forum_sante.txt;Database\Vada_database\Forum_sante.txt;C:\Users\PC\Desktop\Project_Internship\Index_Insight\Database\Vada_database\Forum_sante.txt;560;5;0.00892857;0;1;0;0;0;0;0;0;0;0;0;0;0;0;0;0;0;0;0;0;0;0;0;0;5;0;0;0;0;0;0;0;0;0;0;0;0;0;0;0;0;0;0;0;0;0;0;0;0;0;0;0;0;0;0;0;0;0;0;0;0;0;0;0;0;0;0;0;0
Mise_en_place_de_linstance_de_la_gouvernance_ouverte.txt;Database\Vada_database\Mise_en_place_de_linstance_de_la_gouvernance_ouverte.txt;C:\Users\PC\Desktop\Project_Internship\Index_Insight\Database\Vada_database\Mise_en_place_de_linstance_de_la_gouvernance_ouverte.txt;1111;10;0.00900090;0;0;0;0;1;0;1;0;1;0;0;0;1;0;0;0;0;0;0;0;0;0;0;0;0;0;0;3;0;3;0;3;0;0;0;1;0;0;0;0;0;0;0;0;0;0;0;0;0;0;0;0;0;0;0;0;0;0;0;0;0;0;0;0;0;0;0;0;0
A_Dijon_linstant_cafe.txt;Database\Vada_database\A_Dijon_linstant_cafe.txt;C:\Users\PC\Desktop\Project_Internship\Index_Insight\Database\Vada_database\A_Dijon_linstant_cafe.txt;978;9;0.00920245;0;1;0;0;0;0;0;0;0;0;1;0;0;0;0;0;1;0;0;0;0;0;0;0;5;0;0;0;0;0;0;0;0;3;0;0;0;0;0;1;0;0;0;0;0;0;0;0;0;0;0;0;0;0;0;0;0;0;0;0;0;0;0;0;0;0;0;0;0
La lutte contre la maladie d'Alzheimer un défi social.txt;Database\FdF_database\La lutte contre la maladie d'Alzheimer un défi social.txt;C:\Users\PC\Desktop\Project_Internship\Index_Insight\Database\FdF_database\La lutte contre la maladie d'Alzheimer un défi social.txt;2701;25;0.00925583;0;0;0;0;6;0;0;0;1;0;0;0;0;0;2;0;0;1;0;0;0;1;0;0;0;0;0;18;0;0;0;3;0;0;0;0;0;2;0;0;1;0;0;0;1;0;0;0;0;0;0;0;0;0;0;0;0;0;0;0;0;0;0;0;0;0;0;0;0
FicheAction4_Ostricourt_VF.txt;Database\Fiches_actions_database\FicheAction4_Ostricourt_VF.txt;C:\Users\PC\Desktop\Project_Internship\Index_Insight\Database\Fiches_actions_database\FicheAction4_Ostricourt_VF.txt;431;4;0.00928074;0;0;0;0;0;0;0;0;0;0;1;0;0;0;0;0;0;1;0;0;0;0;0;0;0;0;0;0;0;0;0;0;0;3;0;0;0;0;0;0;1;0;0;0;0;0;0;0;0;0;0;0;0;0;0;0;0;0;0;0;0;0;0;0;0;0;0;0;0
Rencontre_intergenerationnelle.txt;Database\Vada_database\Rencontre_intergenerationnelle.txt;C:\Users\PC\Desktop\Project_Internship\Index_Insight\Database\Vada_database\Rencontre_intergenerationnelle.txt;838;8;0.00954654;0;1;0;0;0;0;0;0;0;0;0;1;0;0;0;0;0;0;0;0;0;0;0;0;5;0;0;0;0;0;0;0;0;0;3;0;0;0;0;0;0;0;0;0;0;0;0;0;0;0;0;0;0;0;0;0;0;0;0;0;0;0;0;0;0;0;0;0;0
FicheAction1_Barlin_vf.txt;Database\Fiches_actions_database\FicheAction1_Barlin_vf.txt;C:\Users\PC\Desktop\Project_Internship\Index_Insight\Database\Fiches_actions_database\FicheAction1_Barlin_vf.txt;417;4;0.00959233;0;0;0;0;0;0;0;0;0;0;1;0;0;0;0;0;0;1;0;0;0;0;0;0;0;0;0;0;0;0;0;0;0;3;0;0;0;0;0;0;1;0;0;0;0;0;0;0;0;0;0;0;0;0;0;0;0;0;0;0;0;0;0;0;0;0;0;0;0
Accompagnement_des_agents_du_SSIAD_pour_les_soins_palliatifs_des_patients.txt;Database\Vada_database\Accompagnement_des_agents_du_SSIAD_pour_les_soins_palliatifs_des_patients.txt;C:\Users\PC\Desktop\Project_Internship\Index_Insight\Database\Vada_database\Accompagnement_des_agents_du_SSIAD_pour_les_soins_palliatifs_des_patients.txt;935;9;0.00962567;0;0;0;0;3;0;0;0;0;0;0;0;0;0;0;0;0;0;0;0;0;0;0;0;0;0;0;9;0;0;0;0;0;0;0;0;0;0;0;0;0;0;0;0;0;0;0;0;0;0;0;0;0;0;0;0;0;0;0;0;0;0;0;0;0;0;0;0;0
Cafe_-_Lectures_itinerant.txt;Database\Vada_database\Cafe_-_Lectures_itinerant.txt;C:\Users\PC\Desktop\Project_Internship\Index_Insight\Database\Vada_database\Cafe_-_Lectures_itinerant.txt;621;6;0.00966184;0;1;0;0;0;0;0;0;0;0;0;0;0;0;0;0;0;0;0;0;0;1;0;0;5;0;0;0;0;0;0;0;0;0;0;0;0;0;0;0;0;0;0;0;1;0;0;0;0;0;0;0;0;0;0;0;0;0;0;0;0;0;0;0;0;0;0;0;0
ToujoursCitoyen_Saynete_Fiche2B.txt;Database\Fiches_actions_database\ToujoursCitoyen_Saynete_Fiche2B.txt;C:\Users\PC\Desktop\Project_Internship\Index_Insight\Database\Fiches_actions_database\ToujoursCitoyen_Saynete_Fiche2B.txt;310;3;0.00967742;0;0;0;0;0;0;0;0;0;0;0;0;0;0;1;0;0;2;0;0;0;0;0;0;0;0;0;0;0;0;0;0;0;0;0;0;0;1;0;0;2;0;0;0;0;0;0;0;0;0;0;0;0;0;0;0;0;0;0;0;0;0;0;0;0;0;0;0;0
Lien social, le terreau de notre engagement.txt;Database\FdF_database\Lien social, le terreau de notre engagement.txt;C:\Users\PC\Desktop\Project_Internship\Index_Insight\Database\FdF_database\Lien social, le terreau de notre engagement.txt;2505;25;0.00998004;0;0;0;0;3;0;1;0;0;0;0;0;0;0;0;0;0;0;0;0;0;13;0;0;0;0;0;9;0;3;0;0;0;0;0;0;0;0;0;0;0;0;0;0;13;0;0;0;0;0;0;0;0;0;0;0;0;0;0;0;0;0;0;0;0;0;0;0;0
Développer la démarche palliative dans les lieux de vie des personnes âgées - Fondation Henri Baboin-Jaubert ~ Génératio.txt;Database\FdF_database\Développer la démarche palliative dans les lieux de vie des personnes âgées - Fondation Henri Baboin-Jaubert ~ Génératio.txt;C:\Users\PC\Desktop\Project_Internship\Index_Insight\Database\FdF_database\Développer la démarche palliative dans les lieux de vie des personnes âgées - Fondation Henri Baboin-Jaubert ~ Génératio.txt;2059;21;0.01019913;0;0;0;0;5;0;0;0;0;1;0;0;0;1;0;0;0;0;0;0;0;0;0;0;0;0;0;15;0;0;0;0;3;0;0;0;1;0;0;0;0;0;0;0;0;0;0;0;0;0;2;0;0;0;0;0;0;0;0;0;0;0;0;0;0;0;0;0;0
Logement et précarité les jeunes en première ligne !.txt;Database\FdF_database\Logement et précarité les jeunes en première ligne !.txt;C:\Users\PC\Desktop\Project_Internship\Index_Insight\Database\FdF_database\Logement et précarité les jeunes en première ligne !.txt;2235;23;0.01029083;0;0;0;0;4;0;3;0;0;0;0;0;0;0;0;1;0;0;0;0;0;1;0;0;0;0;0;12;0;9;0;0;0;0;0;0;0;0;1;0;0;0;0;0;1;0;0;0;0;0;0;0;0;0;0;0;0;0;0;0;0;0;0;0;0;0;0;0;0
Solitude ET handicap ou maladie chronique… la double peine une étude de l'Observatoire de la philanthropie.txt;Database\FdF_database\Solitude ET handicap ou maladie chronique… la double peine une étude de l'Observatoire de la philanthropie.txt;C:\Users\PC\Desktop\Project_Internship\Index_Insight\Database\FdF_database\Solitude ET handicap ou maladie chronique… la double peine une étude de l'Observatoire de la philanthropie.txt;2597;27;0.01039661;0;0;0;0;2;0;0;0;0;1;0;0;0;0;3;0;1;0;0;0;0;14;0;0;0;0;0;6;0;0;0;0;3;0;0;0;0;3;0;1;0;0;0;0;14;0;0;0;0;0;0;0;0;0;0;0;0;0;0;0;0;0;0;0;0;0;0;0;0
Balades_patrimoniales_Les_Genadines.txt;Database\Vada_database\Balades_patrimoniales_Les_Genadines.txt;C:\Users\PC\Desktop\Project_Internship\Index_Insight\Database\Vada_database\Balades_patrimoniales_Les_Genadines.txt;769;8;0.01040312;0;1;0;0;0;0;0;0;0;0;1;0;0;0;0;0;0;0;0;0;0;0;0;0;5;0;0;0;0;0;0;0;0;3;0;0;0;0;0;0;0;0;0;0;0;0;0;0;0;0;0;0;0;0;0;0;0;0;0;0;0;0;0;0;0;0;0;0;0
Maladie d'Alzheimer un défi global.txt;Database\FdF_database\Maladie d'Alzheimer un défi global.txt;C:\Users\PC\Desktop\Project_Internship\Index_Insight\Database\FdF_database\Maladie d'Alzheimer un défi global.txt;3110;33;0.01061093;0;0;0;1;7;0;0;0;0;0;1;0;0;3;0;0;1;0;0;0;0;2;0;0;0;0;3;21;0;0;0;0;0;3;0;0;3;0;0;1;0;0;0;0;2;0;0;0;0;0;0;0;0;0;0;0;0;0;0;0;0;0;0;0;0;0;0;0;0
Aidants-Aides_Des_activites_physique_pour_se_rencontrer.txt;Database\Vada_database\Aidants-Aides_Des_activites_physique_pour_se_rencontrer.txt;C:\Users\PC\Desktop\Project_Internship\Index_Insight\Database\Vada_database\Aidants-Aides_Des_activites_physique_pour_se_rencontrer.txt;841;9;0.01070155;0;0;0;0;0;0;0;0;0;0;0;0;1;0;0;1;2;0;0;0;0;3;2;0;0;0;0;0;0;0;0;0;0;0;0;1;0;0;1;2;0;0;0;0;3;2;0;0;0;0;0;0;0;0;0;0;0;0;0;0;0;0;0;0;0;0;0;0;0
Soins_pour_tous.txt;Database\Vada_database\Soins_pour_tous.txt;C:\Users\PC\Desktop\Project_Internship\Index_Insight\Database\Vada_database\Soins_pour_tous.txt;840;9;0.01071429;0;0;0;0;1;0;0;0;0;0;0;0;0;1;1;0;0;0;0;0;0;4;0;0;0;0;0;3;0;0;0;0;0;0;0;0;1;1;0;0;0;0;0;0;4;0;0;0;0;0;0;0;0;0;0;0;0;0;0;0;0;0;0;0;0;0;0;0;0
Autrement_dit.txt;Database\Vada_database\Autrement_dit.txt;C:\Users\PC\Desktop\Project_Internship\Index_Insight\Database\Vada_database\Autrement_dit.txt;745;8;0.01073826;0;1;0;0;0;0;1;0;0;0;0;0;0;0;0;0;0;0;0;0;0;0;0;0;5;0;0;0;0;3;0;0;0;0;0;0;0;0;0;0;0;0;0;0;0;0;0;0;0;0;0;0;0;0;0;0;0;0;0;0;0;0;0;0;0;0;0;0;0
Ehpad Notre Dame de la Roselière un lieu ouvert sur les autres et la nature.txt;Database\FdF_database\Ehpad Notre Dame de la Roselière un lieu ouvert sur les autres et la nature.txt;C:\Users\PC\Desktop\Project_Internship\Index_Insight\Database\FdF_database\Ehpad Notre Dame de la Roselière un lieu ouvert sur les autres et la nature.txt;1820;20;0.01098901;0;0;0;0;4;0;0;0;0;0;0;0;0;4;0;0;0;1;0;0;0;1;0;0;0;0;0;12;0;0;0;0;0;0;0;0;4;0;0;0;1;0;0;0;1;0;0;0;0;0;0;0;0;0;0;0;0;0;0;2;0;0;0;0;0;0;0;0;0
Une_epicerie_solidaire_a_linitiative_des_sages.txt;Database\Vada_database\Une_epicerie_solidaire_a_linitiative_des_sages.txt;C:\Users\PC\Desktop\Project_Internship\Index_Insight\Database\Vada_database\Une_epicerie_solidaire_a_linitiative_des_sages.txt;901;10;0.01109878;0;1;0;0;0;0;1;0;0;0;0;0;0;0;0;0;0;0;0;0;0;2;0;0;5;0;0;0;0;3;0;0;0;0;0;0;0;0;0;0;0;0;0;0;2;0;0;0;0;0;0;0;0;0;0;0;0;0;0;0;0;0;0;0;0;0;0;0;0
Memoires_de_clowns_rions_de_tours.txt;Database\Vada_database\Memoires_de_clowns_rions_de_tours.txt;C:\Users\PC\Desktop\Project_Internship\Index_Insight\Database\Vada_database\Memoires_de_clowns_rions_de_tours.txt;1155;13;0.01125541;0;1;0;0;0;0;0;0;0;0;0;0;0;4;0;0;3;0;0;0;0;1;0;0;5;0;0;0;0;0;0;0;0;0;0;0;4;0;0;3;0;0;0;0;1;0;0;0;0;0;0;0;0;0;0;0;0;0;0;0;0;0;0;0;0;0;0;0;0
Casting_pour_un_apres-midi_au_palais.txt;Database\Vada_database\Casting_pour_un_apres-midi_au_palais.txt;C:\Users\PC\Desktop\Project_Internship\Index_Insight\Database\Vada_database\Casting_pour_un_apres-midi_au_palais.txt;1065;12;0.01126761;0;1;0;0;0;0;1;0;0;0;1;0;0;0;0;0;0;0;0;0;0;0;1;0;5;0;0;0;0;3;0;0;0;3;0;0;0;0;0;0;0;0;0;0;0;1;0;0;0;0;0;0;0;0;0;0;0;0;0;0;0;0;0;0;0;0;0;0;0
Du répit pour les aidants pour renforcer la relation avec les aidés.txt;Database\FdF_database\Du répit pour les aidants pour renforcer la relation avec les aidés.txt;C:\Users\PC\Desktop\Project_Internship\Index_Insight\Database\FdF_database\Du répit pour les aidants pour renforcer la relation avec les aidés.txt;2129;24;0.01127290;0;0;0;0;4;0;0;0;0;0;1;0;0;0;0;0;0;0;0;0;0;1;8;0;0;0;0;12;0;0;0;0;0;3;0;0;0;0;0;0;0;0;0;0;1;8;0;0;0;0;0;0;0;0;0;0;0;0;0;0;0;0;0;0;0;0;0;0;0
26_DU_REPERAGE_DU_RISQUE_DE_CHUTE_A_UN_ATELIER_EQU.txt;Database\Cnav_database\26_DU_REPERAGE_DU_RISQUE_DE_CHUTE_A_UN_ATELIER_EQU.txt;C:\Users\PC\Desktop\Project_Internship\Index_Insight\Database\Cnav_database\26_DU_REPERAGE_DU_RISQUE_DE_CHUTE_A_UN_ATELIER_EQU.txt;532;6;0.01127820;0;0;0;0;1;0;0;0;0;0;0;0;0;0;3;0;0;0;0;0;0;0;0;0;0;0;0;3;0;0;0;0;0;0;0;0;0;3;0;0;0;0;0;0;0;0;0;0;0;0;0;0;0;0;0;0;0;0;0;0;0;0;0;0;0;0;0;0;0
Bougeons_ensemble_a_Grenoble.txt;Database\Vada_database\Bougeons_ensemble_a_Grenoble.txt;C:\Users\PC\Desktop\Project_Internship\Index_Insight\Database\Vada_database\Bougeons_ensemble_a_Grenoble.txt;1551;18;0.01160542;0;1;0;0;2;0;0;1;0;0;0;0;0;0;1;0;2;0;0;0;0;1;0;0;5;0;0;6;0;0;3;0;0;0;0;0;0;1;0;2;0;0;0;0;1;0;0;0;0;0;0;0;0;0;0;0;0;0;0;0;0;0;0;0;0;0;0;0;0
Maladie d'Alzheimer une maison où vieillir ensemble.txt;Database\FdF_database\Maladie d'Alzheimer une maison où vieillir ensemble.txt;C:\Users\PC\Desktop\Project_Internship\Index_Insight\Database\FdF_database\Maladie d'Alzheimer une maison où vieillir ensemble.txt;2228;26;0.01166966;0;0;0;0;5;0;0;0;2;0;0;0;1;1;0;0;1;0;0;0;0;0;0;0;0;0;0;15;0;0;0;6;0;0;0;1;1;0;0;1;0;0;0;0;0;0;0;0;0;0;0;0;0;0;2;0;0;0;0;0;0;0;0;0;0;0;0;0;0
Lever les freins à la mobilité pour lutter contre la solitude.txt;Database\FdF_database\Lever les freins à la mobilité pour lutter contre la solitude.txt;C:\Users\PC\Desktop\Project_Internship\Index_Insight\Database\FdF_database\Lever les freins à la mobilité pour lutter contre la solitude.txt;2477;29;0.01170771;0;0;0;0;0;0;0;0;0;0;0;0;0;0;14;0;0;0;0;0;0;13;0;0;0;0;0;0;0;0;0;0;0;0;0;0;0;14;0;0;0;0;0;0;13;0;0;0;0;0;0;0;0;0;0;0;0;0;0;0;2;0;0;0;0;0;0;0;0
Lattractivite_medicale_au_service_des_medecins_et_des_habitants.txt;Database\Vada_database\Lattractivite_medicale_au_service_des_medecins_et_des_habitants.txt;C:\Users\PC\Desktop\Project_Internship\Index_Insight\Database\Vada_database\Lattractivite_medicale_au_service_des_medecins_et_des_habitants.txt;1110;13;0.01171171;0;1;0;1;0;0;0;0;0;1;0;0;0;0;0;0;2;0;0;0;0;0;0;0;5;0;3;0;0;0;0;0;3;0;0;0;0;0;0;2;0;0;0;0;0;0;0;0;0;0;0;0;0;0;0;0;0;0;0;0;0;0;0;0;0;0;0;0;0
Des_toilettes_publiques_nouvelles_generations.txt;Database\Vada_database\Des_toilettes_publiques_nouvelles_generations.txt;C:\Users\PC\Desktop\Project_Internship\Index_Insight\Database\Vada_database\Des_toilettes_publiques_nouvelles_generations.txt;512;6;0.01171875;0;1;0;0;0;0;0;0;0;0;0;0;0;0;1;0;0;0;0;0;0;0;0;0;5;0;0;0;0;0;0;0;0;0;0;0;0;1;0;0;0;0;0;0;0;0;0;0;0;0;0;0;0;0;0;0;0;0;0;0;0;0;0;0;0;0;0;0;0
Creation_du_site_internet_monaideadomicileparisfr_premier_comparateur_public_de_services_daide_a_domicile.txt;Database\Vada_database\Creation_du_site_internet_monaideadomicileparisfr_premier_comparateur_public_de_services_daide_a_domicile.txt;C:\Users\PC\Desktop\Project_Internship\Index_Insight\Database\Vada_database\Creation_du_site_internet_monaideadomicileparisfr_premier_comparateur_public_de_services_daide_a_domicile.txt;1089;13;0.01193756;0;0;0;0;3;0;0;0;0;0;1;0;0;0;0;0;1;0;0;0;0;0;0;0;0;0;0;9;0;0;0;0;0;3;0;0;0;0;0;1;0;0;0;0;0;0;0;0;0;0;0;0;0;0;0;0;0;0;0;0;0;0;0;0;0;0;0;0;0
Des_vacances_pour_eux_un_sejour_pour_nous_Argol_nous_voila.txt;Database\Vada_database\Des_vacances_pour_eux_un_sejour_pour_nous_Argol_nous_voila.txt;C:\Users\PC\Desktop\Project_Internship\Index_Insight\Database\Vada_database\Des_vacances_pour_eux_un_sejour_pour_nous_Argol_nous_voila.txt;1084;13;0.01199262;0;0;0;0;0;0;0;0;0;1;1;0;0;6;0;1;0;0;0;0;0;0;0;0;0;0;0;0;0;0;0;0;3;3;0;0;6;0;1;0;0;0;0;0;0;0;0;0;0;0;0;0;0;0;0;0;0;0;0;0;0;0;0;0;0;0;0;0;0
Personnes âgées_3.txt;Database\FdF_database\Personnes âgées_3.txt;C:\Users\PC\Desktop\Project_Internship\Index_Insight\Database\FdF_database\Personnes âgées_3.txt;1416;17;0.01200565;0;0;0;0;4;0;0;0;0;0;1;0;0;0;0;0;0;0;0;0;0;0;0;0;0;0;0;12;0;0;0;0;0;3;0;0;0;0;0;0;0;0;0;0;0;0;0;0;0;0;2;0;0;0;0;0;0;0;0;0;0;0;0;0;0;0;0;0;0
FicheAction6_Ostricourt_VF.txt;Database\Fiches_actions_database\FicheAction6_Ostricourt_VF.txt;C:\Users\PC\Desktop\Project_Internship\Index_Insight\Database\Fiches_actions_database\FicheAction6_Ostricourt_VF.txt;414;5;0.01207729;0;0;0;0;0;0;0;0;0;0;1;0;1;0;0;0;0;1;0;0;0;0;0;0;0;0;0;0;0;0;0;0;0;3;0;1;0;0;0;0;1;0;0;0;0;0;0;0;0;0;0;0;0;0;0;0;0;0;0;0;0;0;0;0;0;0;0;0;0
La_vie_grande_ouverte_lespace_Emmanuel_Mounier.txt;Database\Vada_database\La_vie_grande_ouverte_lespace_Emmanuel_Mounier.txt;C:\Users\PC\Desktop\Project_Internship\Index_Insight\Database\Vada_database\La_vie_grande_ouverte_lespace_Emmanuel_Mounier.txt;1231;15;0.01218522;0;1;0;0;2;0;0;0;0;0;0;0;0;0;0;2;0;1;0;0;0;1;0;0;5;0;0;6;0;0;0;0;0;0;0;0;0;0;2;0;1;0;0;0;1;0;0;0;0;0;0;0;0;0;0;0;0;0;0;0;0;0;0;0;0;0;0;0;0
Appartement_LENA_Logement_evolutif_pour_une_nouvelle_autonomie.txt;Database\Vada_database\Appartement_LENA_Logement_evolutif_pour_une_nouvelle_autonomie.txt;C:\Users\PC\Desktop\Project_Internship\Index_Insight\Database\Vada_database\Appartement_LENA_Logement_evolutif_pour_une_nouvelle_autonomie.txt;1052;13;0.01235741;0;0;0;0;1;0;1;0;0;0;0;0;0;2;0;0;3;0;0;0;0;0;0;0;0;0;0;3;0;3;0;0;0;0;0;0;2;0;0;3;0;0;0;0;0;0;0;0;0;0;0;0;0;0;0;0;0;0;0;0;0;0;2;0;0;0;0;0;0
Personnes âgées adolescents la force des récits partagés.txt;Database\FdF_database\Personnes âgées adolescents la force des récits partagés.txt;C:\Users\PC\Desktop\Project_Internship\Index_Insight\Database\FdF_database\Personnes âgées adolescents la force des récits partagés.txt;1933;24;0.01241593;0;0;0;0;7;0;0;0;0;0;0;0;0;0;0;0;0;0;0;0;0;1;0;0;0;0;0;21;0;0;0;0;0;0;0;0;0;0;0;0;0;0;0;0;1;0;0;0;0;0;2;0;0;0;0;0;0;0;0;0;0;0;0;0;0;0;0;0;0
A_Royan_une_visite_guidee_de_la_ville_en_bus.txt;Database\Vada_database\A_Royan_une_visite_guidee_de_la_ville_en_bus.txt;C:\Users\PC\Desktop\Project_Internship\Index_Insight\Database\Vada_database\A_Royan_une_visite_guidee_de_la_ville_en_bus.txt;1047;13;0.01241643;0;1;0;0;0;0;1;0;0;0;1;0;0;0;2;0;0;0;0;0;0;0;0;0;5;0;0;0;0;3;0;0;0;3;0;0;0;2;0;0;0;0;0;0;0;0;0;0;0;0;0;0;0;0;0;0;0;0;0;0;0;0;0;0;0;0;0;0;0
Service_dauto-stop_organise_diviapouce.txt;Database\Vada_database\Service_dauto-stop_organise_diviapouce.txt;C:\Users\PC\Desktop\Project_Internship\Index_Insight\Database\Vada_database\Service_dauto-stop_organise_diviapouce.txt;1445;18;0.01245675;0;1;0;0;0;0;2;0;0;0;0;0;0;0;7;0;0;0;0;0;0;0;0;0;5;0;0;0;0;6;0;0;0;0;0;0;0;7;0;0;0;0;0;0;0;0;0;0;0;0;0;0;0;0;0;0;0;0;0;0;0;0;0;0;0;0;0;0;0
FicheAction3_Ostricourt_VF.txt;Database\Fiches_actions_database\FicheAction3_Ostricourt_VF.txt;C:\Users\PC\Desktop\Project_Internship\Index_Insight\Database\Fiches_actions_database\FicheAction3_Ostricourt_VF.txt;401;5;0.01246883;0;0;0;0;0;0;0;0;0;0;1;0;0;0;0;0;1;1;0;0;0;0;0;0;0;0;0;0;0;0;0;0;0;3;0;0;0;0;0;1;1;0;0;0;0;0;0;0;0;0;0;0;0;0;0;0;0;0;0;0;0;0;0;0;0;0;0;0;0
30_ans_de_lehpad_la_residence_de_lille.txt;Database\Vada_database\30_ans_de_lehpad_la_residence_de_lille.txt;C:\Users\PC\Desktop\Project_Internship\Index_Insight\Database\Vada_database\30_ans_de_lehpad_la_residence_de_lille.txt;1020;13;0.01274510;0;1;0;0;1;0;0;0;0;0;0;0;0;5;0;0;0;0;0;0;0;0;0;0;5;0;0;3;0;0;0;0;0;0;0;0;5;0;0;0;0;0;0;0;0;0;0;0;0;0;0;0;0;0;0;0;0;0;0;0;0;0;0;0;0;0;0;0;0
La Fondation de France aux côtés des plus fragiles.txt;Database\FdF_database\La Fondation de France aux côtés des plus fragiles.txt;C:\Users\PC\Desktop\Project_Internship\Index_Insight\Database\FdF_database\La Fondation de France aux côtés des plus fragiles.txt;2885;37;0.01282496;0;0;0;0;6;0;0;0;0;0;2;1;0;1;1;2;0;0;0;0;0;6;0;0;0;0;0;18;0;0;0;0;0;6;3;0;1;1;2;0;0;0;0;0;6;0;0;0;0;0;0;0;0;0;0;0;0;0;0;0;0;0;0;0;0;0;0;0;0
Groupes_dechanges_de_laide_aux_aidants_en_accueil_de_jour.txt;Database\Vada_database\Groupes_dechanges_de_laide_aux_aidants_en_accueil_de_jour.txt;C:\Users\PC\Desktop\Project_Internship\Index_Insight\Database\Vada_database\Groupes_dechanges_de_laide_aux_aidants_en_accueil_de_jour.txt;1242;16;0.01288245;0;1;0;0;0;0;0;0;0;0;0;0;0;0;0;0;2;0;0;0;0;0;9;0;5;0;0;0;0;0;0;0;0;0;0;0;0;0;0;2;0;0;0;0;0;9;0;0;0;0;0;0;0;0;0;0;0;0;0;0;0;0;0;0;0;0;0;0;0
FicheAction2_Ostricourt_VF.txt;Database\Fiches_actions_database\FicheAction2_Ostricourt_VF.txt;C:\Users\PC\Desktop\Project_Internship\Index_Insight\Database\Fiches_actions_database\FicheAction2_Ostricourt_VF.txt;541;7;0.01293900;0;0;0;0;1;0;0;0;0;0;1;0;0;0;0;0;0;1;0;0;0;0;0;0;0;0;0;3;0;0;0;0;0;3;0;0;0;0;0;0;1;0;0;0;0;0;0;0;0;0;0;0;0;0;0;0;0;0;0;0;0;0;0;0;0;0;0;0;0
Les_mardis_pres_de_chez_vous.txt;Database\Vada_database\Les_mardis_pres_de_chez_vous.txt;C:\Users\PC\Desktop\Project_Internship\Index_Insight\Database\Vada_database\Les_mardis_pres_de_chez_vous.txt;913;12;0.01314348;0;0;0;0;2;0;0;0;0;0;0;1;0;0;0;0;0;1;0;0;0;2;0;0;0;0;0;6;0;0;0;0;0;0;3;0;0;0;0;0;1;0;0;0;2;0;0;0;0;0;0;0;0;0;0;0;0;0;0;0;0;0;0;0;0;0;0;0;0
Creation_dun_jardin_partage_a_Limonest.txt;Database\Vada_database\Creation_dun_jardin_partage_a_Limonest.txt;C:\Users\PC\Desktop\Project_Internship\Index_Insight\Database\Vada_database\Creation_dun_jardin_partage_a_Limonest.txt;912;12;0.01315789;0;0;0;0;1;0;1;0;0;1;0;1;0;0;0;0;0;0;0;0;0;0;0;0;0;0;0;3;0;3;0;0;3;0;3;0;0;0;0;0;0;0;0;0;0;0;0;0;0;0;0;0;0;0;0;0;0;0;0;0;0;0;0;0;0;0;0;0;0
Personnes âgées_2.txt;Database\FdF_database\Personnes âgées_2.txt;C:\Users\PC\Desktop\Project_Internship\Index_Insight\Database\FdF_database\Personnes âgées_2.txt;1511;20;0.01323627;0;0;0;0;5;0;0;0;0;0;0;1;0;0;0;0;0;0;0;0;0;0;0;0;0;0;0;15;0;0;0;0;0;0;3;0;0;0;0;0;0;0;0;0;0;0;0;0;0;0;2;0;0;0;0;0;0;0;0;0;0;0;0;0;0;0;0;0;0
Ateliers_ecoute_partage_et_communication_ateliers_intergenerationnels.txt;Database\Vada_database\Ateliers_ecoute_partage_et_communication_ateliers_intergenerationnels.txt;C:\Users\PC\Desktop\Project_Internship\Index_Insight\Database\Vada_database\Ateliers_ecoute_partage_et_communication_ateliers_intergenerationnels.txt;521;7;0.01343570;0;1;0;0;0;0;0;0;0;0;0;0;0;0;0;0;0;0;0;0;0;2;0;0;5;0;0;0;0;0;0;0;0;0;0;0;0;0;0;0;0;0;0;0;2;0;0;0;0;0;0;0;0;0;0;0;0;0;0;0;0;0;0;0;0;0;0;0;0
Instant_pour_soi.txt;Database\Vada_database\Instant_pour_soi.txt;C:\Users\PC\Desktop\Project_Internship\Index_Insight\Database\Vada_database\Instant_pour_soi.txt;1040;14;0.01346154;0;0;0;0;0;0;1;0;0;0;0;0;0;3;0;2;0;0;0;0;0;2;4;0;0;0;0;0;0;3;0;0;0;0;0;0;3;0;2;0;0;0;0;0;2;4;0;0;0;0;0;0;0;0;0;0;0;0;0;0;0;0;0;0;0;0;0;0;0
Personnes âgées.txt;Database\FdF_database\Personnes âgées.txt;C:\Users\PC\Desktop\Project_Internship\Index_Insight\Database\FdF_database\Personnes âgées.txt;1481;20;0.01350439;0;0;0;0;2;0;0;0;2;0;1;0;0;2;0;0;0;0;0;0;0;1;0;0;0;0;0;6;0;0;0;6;0;3;0;0;2;0;0;0;0;0;0;0;1;0;0;0;0;0;2;0;0;0;0;0;0;0;0;0;0;0;0;0;0;0;0;0;0
Colloque Vivre ses choix, prendre des risques jusqu'à la fin de sa vie.txt;Database\FdF_database\Colloque Vivre ses choix, prendre des risques jusqu'à la fin de sa vie.txt;C:\Users\PC\Desktop\Project_Internship\Index_Insight\Database\FdF_database\Colloque Vivre ses choix, prendre des risques jusqu'à la fin de sa vie.txt;1696;23;0.01356132;0;0;0;0;7;0;0;0;0;0;0;0;0;0;0;0;2;0;0;0;0;0;0;0;0;0;0;21;0;0;0;0;0;0;0;0;0;0;0;2;0;0;0;0;0;0;0;0;0;0;0;0;0;0;0;0;0;0;0;0;0;0;0;0;0;0;0;0;0
Gurekin l'habitat partagé pour rompre l'isolement des seniors.txt;Database\FdF_database\Gurekin l'habitat partagé pour rompre l'isolement des seniors.txt;C:\Users\PC\Desktop\Project_Internship\Index_Insight\Database\FdF_database\Gurekin l'habitat partagé pour rompre l'isolement des seniors.txt;1837;25;0.01360915;0;0;0;0;2;0;3;0;0;1;0;0;0;0;0;0;0;0;0;0;0;3;0;0;0;0;0;6;0;9;0;0;3;0;0;0;0;0;0;0;0;0;0;0;3;0;0;0;0;0;0;0;2;0;0;0;0;0;0;0;0;0;0;0;0;0;0;2;0
Endro_nes_dans_la_maison_de_ty_bemdez.txt;Database\Vada_database\Endro_nes_dans_la_maison_de_ty_bemdez.txt;C:\Users\PC\Desktop\Project_Internship\Index_Insight\Database\Vada_database\Endro_nes_dans_la_maison_de_ty_bemdez.txt;807;11;0.01363073;0;1;0;0;0;0;0;0;0;0;0;0;0;1;0;0;0;0;0;0;0;0;5;0;5;0;0;0;0;0;0;0;0;0;0;0;1;0;0;0;0;0;0;0;0;5;0;0;0;0;0;0;0;0;0;0;0;0;0;0;0;0;0;0;0;0;0;0;0
Journees_dechanges_danalyse_territoriale_par_les_aines.txt;Database\Vada_database\Journees_dechanges_danalyse_territoriale_par_les_aines.txt;C:\Users\PC\Desktop\Project_Internship\Index_Insight\Database\Vada_database\Journees_dechanges_danalyse_territoriale_par_les_aines.txt;879;12;0.01365188;0;0;0;0;1;0;3;0;0;0;0;0;0;0;0;0;0;0;0;0;0;0;0;0;0;0;0;3;0;9;0;0;0;0;0;0;0;0;0;0;0;0;0;0;0;0;0;0;0;0;0;0;0;0;0;0;0;0;0;0;0;0;0;0;0;0;0;0;0
Cotillons_courtoisies.txt;Database\Vada_database\Cotillons_courtoisies.txt;C:\Users\PC\Desktop\Project_Internship\Index_Insight\Database\Vada_database\Cotillons_courtoisies.txt;951;13;0.01366982;0;1;0;0;2;0;0;0;0;0;0;0;0;2;0;0;0;0;0;0;0;0;0;0;5;0;0;6;0;0;0;0;0;0;0;0;2;0;0;0;0;0;0;0;0;0;0;0;0;0;0;0;0;0;0;0;0;0;0;0;0;0;0;0;0;0;0;0;0
Au_fil_de_lart.txt;Database\Vada_database\Au_fil_de_lart.txt;C:\Users\PC\Desktop\Project_Internship\Index_Insight\Database\Vada_database\Au_fil_de_lart.txt;1305;18;0.01379310;0;1;0;0;0;0;4;0;0;0;0;0;0;0;0;0;0;0;0;0;0;1;0;0;5;0;0;0;0;12;0;0;0;0;0;0;0;0;0;0;0;0;0;0;1;0;0;0;0;0;0;0;0;0;0;0;0;0;0;0;0;0;0;0;0;0;0;0;0
Jai_un_animal_chez_moi.txt;Database\Vada_database\Jai_un_animal_chez_moi.txt;C:\Users\PC\Desktop\Project_Internship\Index_Insight\Database\Vada_database\Jai_un_animal_chez_moi.txt;792;11;0.01388889;0;1;0;0;0;0;1;0;0;0;0;0;0;0;0;0;1;0;0;0;0;2;0;0;5;0;0;0;0;3;0;0;0;0;0;0;0;0;0;1;0;0;0;0;2;0;0;0;0;0;0;0;0;0;0;0;0;0;0;0;0;0;0;0;0;0;0;0;0
Tout_lUTL_randonne.txt;Database\Vada_database\Tout_lUTL_randonne.txt;C:\Users\PC\Desktop\Project_Internship\Index_Insight\Database\Vada_database\Tout_lUTL_randonne.txt;570;8;0.01403509;0;1;0;0;1;0;0;0;0;0;0;0;0;0;0;0;0;0;0;0;0;0;0;0;5;0;0;3;0;0;0;0;0;0;0;0;0;0;0;0;0;0;0;0;0;0;0;0;0;0;0;0;0;0;0;0;0;0;0;0;0;0;0;0;0;0;0;0;0
Parcours_de_decouverte_de_lart_contemporain.txt;Database\Vada_database\Parcours_de_decouverte_de_lart_contemporain.txt;C:\Users\PC\Desktop\Project_Internship\Index_Insight\Database\Vada_database\Parcours_de_decouverte_de_lart_contemporain.txt;569;8;0.01405975;0;1;0;0;0;0;0;0;0;0;0;1;0;0;0;0;0;0;0;0;0;0;0;0;5;0;0;0;0;0;0;0;0;0;3;0;0;0;0;0;0;0;0;0;0;0;0;0;0;0;0;0;0;0;0;0;0;0;0;0;0;0;0;0;0;0;0;0;0
Actions_de_prevention_sante_avec_aesio.txt;Database\Vada_database\Actions_de_prevention_sante_avec_aesio.txt;C:\Users\PC\Desktop\Project_Internship\Index_Insight\Database\Vada_database\Actions_de_prevention_sante_avec_aesio.txt;565;8;0.01415929;0;1;0;0;0;0;1;0;0;0;0;0;0;0;0;0;0;0;0;0;0;0;0;0;5;0;0;0;0;3;0;0;0;0;0;0;0;0;0;0;0;0;0;0;0;0;0;0;0;0;0;0;0;0;0;0;0;0;0;0;0;0;0;0;0;0;0;0;0
Le_badminton_pour_tous.txt;Database\Vada_database\Le_badminton_pour_tous.txt;C:\Users\PC\Desktop\Project_Internship\Index_Insight\Database\Vada_database\Le_badminton_pour_tous.txt;843;12;0.01423488;0;1;0;0;0;0;0;0;0;0;0;2;0;0;0;0;1;0;0;0;0;0;0;0;5;0;0;0;0;0;0;0;0;0;6;0;0;0;0;1;0;0;0;0;0;0;0;0;0;0;0;0;0;0;0;0;0;0;0;0;0;0;0;0;0;0;0;0;0
Une_association_engagee_contre_la_perte_daudition.txt;Database\Vada_database\Une_association_engagee_contre_la_perte_daudition.txt;C:\Users\PC\Desktop\Project_Internship\Index_Insight\Database\Vada_database\Une_association_engagee_contre_la_perte_daudition.txt;561;8;0.01426025;0;1;0;0;0;0;0;0;0;0;1;0;0;0;0;0;0;0;0;0;0;0;0;0;5;0;0;0;0;0;0;0;0;3;0;0;0;0;0;0;0;0;0;0;0;0;0;0;0;0;0;0;0;0;0;0;0;0;0;0;0;0;0;0;0;0;0;0;0
Entraide_nantaise.txt;Database\Vada_database\Entraide_nantaise.txt;C:\Users\PC\Desktop\Project_Internship\Index_Insight\Database\Vada_database\Entraide_nantaise.txt;897;13;0.01449275;0;1;0;0;0;0;0;0;0;0;0;0;0;0;0;0;1;1;0;0;0;6;0;0;5;0;0;0;0;0;0;0;0;0;0;0;0;0;0;1;1;0;0;0;6;0;0;0;0;0;0;0;0;0;0;0;0;0;0;0;0;0;0;0;0;0;0;0;0
15_GYM_ENFORM_ET_FITNESS.txt;Database\Cnav_database\15_GYM_ENFORM_ET_FITNESS.txt;C:\Users\PC\Desktop\Project_Internship\Index_Insight\Database\Cnav_database\15_GYM_ENFORM_ET_FITNESS.txt;272;4;0.01470588;0;0;0;0;0;0;0;1;0;0;0;0;0;0;0;0;0;0;0;0;0;1;0;0;0;0;0;0;0;0;3;0;0;0;0;0;0;0;0;0;0;0;0;0;1;0;0;0;0;0;0;0;0;0;0;0;0;0;0;0;0;0;0;0;0;0;0;0;0
Personnes âgées, personnes isolées maintenir le lien social malgré le confinement.txt;Database\FdF_database\Personnes âgées, personnes isolées maintenir le lien social malgré le confinement.txt;C:\Users\PC\Desktop\Project_Internship\Index_Insight\Database\FdF_database\Personnes âgées, personnes isolées maintenir le lien social malgré le confinement.txt;1895;28;0.01477573;0;0;0;0;5;0;0;0;0;0;0;0;0;0;0;0;0;0;0;0;0;9;0;0;0;0;0;15;0;0;0;0;0;0;0;0;0;0;0;0;0;0;0;0;9;0;0;0;0;0;2;0;0;0;0;0;0;0;0;0;0;0;0;0;0;0;0;2;0
Maintien_a_domicile.txt;Database\Vada_database\Maintien_a_domicile.txt;C:\Users\PC\Desktop\Project_Internship\Index_Insight\Database\Vada_database\Maintien_a_domicile.txt;674;10;0.01483680;0;0;0;0;3;0;0;0;0;0;0;0;1;0;0;0;0;0;0;0;0;0;0;0;0;0;0;9;0;0;0;0;0;0;0;1;0;0;0;0;0;0;0;0;0;0;0;0;0;0;0;0;0;0;0;0;0;0;0;0;0;0;0;0;0;0;0;0;0
Grand_autunois_morvan_-_bien_dans_ses_baskets.txt;Database\Vada_database\Grand_autunois_morvan_-_bien_dans_ses_baskets.txt;C:\Users\PC\Desktop\Project_Internship\Index_Insight\Database\Vada_database\Grand_autunois_morvan_-_bien_dans_ses_baskets.txt;999;15;0.01501502;0;0;0;0;1;0;4;0;0;0;0;0;0;0;0;0;0;0;0;0;0;0;0;0;0;0;0;3;0;12;0;0;0;0;0;0;0;0;0;0;0;0;0;0;0;0;0;0;0;0;0;0;0;0;0;0;0;0;0;0;0;0;0;0;0;0;0;0;0
Une_demarche_innovante_pour_installer_des_structures_de_repos_dans_la_ville.txt;Database\Vada_database\Une_demarche_innovante_pour_installer_des_structures_de_repos_dans_la_ville.txt;C:\Users\PC\Desktop\Project_Internship\Index_Insight\Database\Vada_database\Une_demarche_innovante_pour_installer_des_structures_de_repos_dans_la_ville.txt;726;11;0.01515152;0;1;0;0;1;0;0;0;0;0;1;0;0;0;0;0;0;0;0;0;0;0;0;0;5;0;0;3;0;0;0;0;0;3;0;0;0;0;0;0;0;0;0;0;0;0;0;0;0;0;0;0;0;0;0;0;0;0;0;0;0;0;0;0;0;0;0;0;0
Lena_Logement_evolutif_pour_une_nouvelle_autonomie.txt;Database\Vada_database\Lena_Logement_evolutif_pour_une_nouvelle_autonomie.txt;C:\Users\PC\Desktop\Project_Internship\Index_Insight\Database\Vada_database\Lena_Logement_evolutif_pour_une_nouvelle_autonomie.txt;919;14;0.01523395;0;0;0;0;0;0;0;0;0;0;0;0;0;0;0;1;11;0;0;0;0;0;0;0;0;0;0;0;0;0;0;0;0;0;0;0;0;0;1;11;0;0;0;0;0;0;0;0;0;0;0;0;0;0;0;0;0;0;0;0;0;0;2;0;0;0;0;0;0
Film_hommage_lhistoire_du_cinema.txt;Database\Vada_database\Film_hommage_lhistoire_du_cinema.txt;C:\Users\PC\Desktop\Project_Internship\Index_Insight\Database\Vada_database\Film_hommage_lhistoire_du_cinema.txt;656;10;0.01524390;0;0;0;0;0;0;2;0;0;0;0;0;0;0;0;0;4;0;0;0;0;0;0;0;0;0;0;0;0;6;0;0;0;0;0;0;0;0;0;4;0;0;0;0;0;0;0;0;0;0;0;0;0;0;0;0;0;0;0;0;0;0;0;0;0;0;0;0;0
La_residence_Arborea_un_havre_de_serenite_au_cur_de_la_nature.txt;Database\Vada_database\La_residence_Arborea_un_havre_de_serenite_au_cur_de_la_nature.txt;C:\Users\PC\Desktop\Project_Internship\Index_Insight\Database\Vada_database\La_residence_Arborea_un_havre_de_serenite_au_cur_de_la_nature.txt;1029;16;0.01554908;0;0;0;1;3;0;1;0;0;0;0;0;0;0;1;0;0;0;0;0;0;0;0;0;0;0;3;9;0;3;0;0;0;0;0;0;0;1;0;0;0;0;0;0;0;0;0;0;0;0;0;0;0;0;0;0;0;0;0;0;0;0;0;0;0;0;0;0;0
Personnes âgées et troubles cognitifs des initiatives inspirantes.txt;Database\FdF_database\Personnes âgées et troubles cognitifs des initiatives inspirantes.txt;C:\Users\PC\Desktop\Project_Internship\Index_Insight\Database\FdF_database\Personnes âgées et troubles cognitifs des initiatives inspirantes.txt;2829;44;0.01555320;0;0;0;1;8;0;0;0;1;0;0;2;0;4;0;0;1;1;0;0;0;0;0;0;0;0;3;24;0;0;0;3;0;0;6;0;4;0;0;1;1;0;0;0;0;0;0;0;0;0;2;0;0;0;0;0;0;0;0;0;0;0;0;0;0;0;0;0;0
Le_truck_Soliha_Drome.txt;Database\Vada_database\Le_truck_Soliha_Drome.txt;C:\Users\PC\Desktop\Project_Internship\Index_Insight\Database\Vada_database\Le_truck_Soliha_Drome.txt;1088;17;0.01562500;0;1;0;0;0;0;1;1;0;1;0;0;0;0;0;0;3;0;0;0;0;0;0;0;5;0;0;0;0;3;3;0;3;0;0;0;0;0;0;3;0;0;0;0;0;0;0;0;0;0;0;0;0;0;0;0;0;0;0;0;0;0;0;0;0;0;0;0;0
Ateliers_sociaux_esthetiques.txt;Database\Vada_database\Ateliers_sociaux_esthetiques.txt;C:\Users\PC\Desktop\Project_Internship\Index_Insight\Database\Vada_database\Ateliers_sociaux_esthetiques.txt;640;10;0.01562500;0;1;0;0;0;0;1;0;0;0;0;0;0;0;0;0;0;0;0;0;0;2;0;0;5;0;0;0;0;3;0;0;0;0;0;0;0;0;0;0;0;0;0;0;2;0;0;0;0;0;0;0;0;0;0;0;0;0;0;0;0;0;0;0;0;0;0;0;0
Demain_mode_demploi_3_jours_pour_booster_des_projets_dhabitat_inclusif.txt;Database\Vada_database\Demain_mode_demploi_3_jours_pour_booster_des_projets_dhabitat_inclusif.txt;C:\Users\PC\Desktop\Project_Internship\Index_Insight\Database\Vada_database\Demain_mode_demploi_3_jours_pour_booster_des_projets_dhabitat_inclusif.txt;947;15;0.01583949;0;1;0;0;0;0;3;0;0;0;0;0;0;0;0;0;0;0;0;0;0;0;1;0;5;0;0;0;0;9;0;0;0;0;0;0;0;0;0;0;0;0;0;0;0;1;0;0;0;0;0;0;0;0;0;0;0;0;0;0;0;0;0;0;0;0;0;0;0
appel_a_candidatures_communautes_mixtes_de_recherche.txt;Database\cnsa_database\appel_a_candidatures_communautes_mixtes_de_recherche.txt;C:\Users\PC\Desktop\Project_Internship\Index_Insight\Database\cnsa_database\appel_a_candidatures_communautes_mixtes_de_recherche.txt;314;5;0.01592357;0;0;0;0;1;0;0;0;0;0;0;0;0;0;0;0;2;0;0;0;0;0;0;0;0;0;0;3;0;0;0;0;0;0;0;0;0;0;0;2;0;0;0;0;0;0;0;0;0;0;0;0;0;0;0;0;0;0;0;0;0;0;0;0;0;0;0;0;0
Hacoopa des maisons partagées pour bien vivre le grand âge.txt;Database\FdF_database\Hacoopa des maisons partagées pour bien vivre le grand âge.txt;C:\Users\PC\Desktop\Project_Internship\Index_Insight\Database\FdF_database\Hacoopa des maisons partagées pour bien vivre le grand âge.txt;1972;32;0.01622718;0;0;0;0;3;0;2;0;1;0;3;0;0;0;0;1;2;0;0;0;0;0;0;0;0;0;0;9;0;6;0;3;0;9;0;0;0;0;1;2;0;0;0;0;0;0;0;0;0;0;0;0;0;0;0;0;2;0;0;0;0;0;0;0;0;0;0;0;0
FICHE_ACTION_6_Participation_citoyenne.txt;Database\Fiches_actions_database\FICHE_ACTION_6_Participation_citoyenne.txt;C:\Users\PC\Desktop\Project_Internship\Index_Insight\Database\Fiches_actions_database\FICHE_ACTION_6_Participation_citoyenne.txt;553;9;0.01627486;0;0;0;0;0;0;0;0;0;0;0;0;0;0;0;0;0;1;0;0;0;8;0;0;0;0;0;0;0;0;0;0;0;0;0;0;0;0;0;0;1;0;0;0;8;0;0;0;0;0;0;0;0;0;0;0;0;0;0;0;0;0;0;0;0;0;0;0;0
Fiche4-LienSocial.txt;Database\Fiches_actions_database\Fiche4-LienSocial.txt;C:\Users\PC\Desktop\Project_Internship\Index_Insight\Database\Fiches_actions_database\Fiche4-LienSocial.txt;184;3;0.01630435;0;0;0;0;0;0;1;0;0;0;0;0;0;0;0;0;0;0;0;0;0;0;0;0;0;0;0;0;0;3;0;0;0;0;0;0;0;0;0;0;0;0;0;0;0;0;0;0;0;0;0;0;0;0;0;0;0;0;0;0;0;0;0;0;0;0;0;0;0
Helpiness_lapplication_qui_regroupe_lensemble_des_acteurs_mobilises_autour_dun_proche.txt;Database\Vada_database\Helpiness_lapplication_qui_regroupe_lensemble_des_acteurs_mobilises_autour_dun_proche.txt;C:\Users\PC\Desktop\Project_Internship\Index_Insight\Database\Vada_database\Helpiness_lapplication_qui_regroupe_lensemble_des_acteurs_mobilises_autour_dun_proche.txt;1163;19;0.01633706;0;1;0;0;0;0;3;0;0;0;0;0;0;0;0;0;2;0;0;0;0;2;1;0;5;0;0;0;0;9;0;0;0;0;0;0;0;0;0;2;0;0;0;0;2;1;0;0;0;0;0;0;0;0;0;0;0;0;0;0;0;0;0;0;0;0;0;0;0
Le_musee_hors_les_murs.txt;Database\Vada_database\Le_musee_hors_les_murs.txt;C:\Users\PC\Desktop\Project_Internship\Index_Insight\Database\Vada_database\Le_musee_hors_les_murs.txt;793;13;0.01639344;0;1;0;0;0;0;0;0;0;0;1;1;0;0;0;0;1;0;0;0;0;1;0;0;5;0;0;0;0;0;0;0;0;3;3;0;0;0;0;1;0;0;0;0;1;0;0;0;0;0;0;0;0;0;0;0;0;0;0;0;0;0;0;0;0;0;0;0;0
Forme_sante_bien-etre_du_sport_sur_ordonnance.txt;Database\Vada_database\Forme_sante_bien-etre_du_sport_sur_ordonnance.txt;C:\Users\PC\Desktop\Project_Internship\Index_Insight\Database\Vada_database\Forme_sante_bien-etre_du_sport_sur_ordonnance.txt;1035;17;0.01642512;0;1;0;0;2;0;1;0;0;0;1;0;0;0;0;0;0;0;0;0;0;0;0;0;5;0;0;6;0;3;0;0;0;3;0;0;0;0;0;0;0;0;0;0;0;0;0;0;0;0;0;0;0;0;0;0;0;0;0;0;0;0;0;0;0;0;0;0;0
La_fin_de_vie_et_si_on_en_parlait.txt;Database\Vada_database\La_fin_de_vie_et_si_on_en_parlait.txt;C:\Users\PC\Desktop\Project_Internship\Index_Insight\Database\Vada_database\La_fin_de_vie_et_si_on_en_parlait.txt;784;13;0.01658163;0;0;0;1;3;0;0;0;0;0;0;0;0;0;0;1;0;0;0;0;0;0;0;0;0;0;3;9;0;0;0;0;0;0;0;0;0;0;1;0;0;0;0;0;0;0;0;0;0;0;0;0;0;0;0;0;0;0;0;0;0;0;0;0;0;0;0;0;0
► Un Toit parmi les âges des jeunes hébergés en Ehpad.txt;Database\FdF_database\► Un Toit parmi les âges des jeunes hébergés en Ehpad.txt;C:\Users\PC\Desktop\Project_Internship\Index_Insight\Database\FdF_database\► Un Toit parmi les âges des jeunes hébergés en Ehpad.txt;1802;30;0.01664817;0;0;0;0;5;0;1;0;0;0;0;1;0;5;0;0;1;0;0;0;0;1;0;0;0;0;0;15;0;3;0;0;0;0;3;0;5;0;0;1;0;0;0;0;1;0;0;0;0;0;0;0;0;0;0;0;0;0;0;2;0;0;0;0;0;0;0;0;0
La_Compagnie_des_voisins.txt;Database\Vada_database\La_Compagnie_des_voisins.txt;C:\Users\PC\Desktop\Project_Internship\Index_Insight\Database\Vada_database\La_Compagnie_des_voisins.txt;1081;18;0.01665125;0;1;0;0;2;0;1;1;0;0;0;0;0;0;0;0;0;0;0;0;0;1;0;0;5;0;0;6;0;3;3;0;0;0;0;0;0;0;0;0;0;0;0;0;1;0;0;0;0;0;0;0;0;0;0;0;0;0;0;0;0;0;0;0;0;0;0;0;0
Paris_en_compagnie_aidons_les_aines_a_se_deplacer.txt;Database\Vada_database\Paris_en_compagnie_aidons_les_aines_a_se_deplacer.txt;C:\Users\PC\Desktop\Project_Internship\Index_Insight\Database\Vada_database\Paris_en_compagnie_aidons_les_aines_a_se_deplacer.txt;1075;18;0.01674419;0;0;0;0;0;1;1;0;0;0;1;0;0;0;1;0;1;2;0;0;0;5;0;0;0;0;0;0;3;3;0;0;0;3;0;0;0;1;0;1;2;0;0;0;5;0;0;0;0;0;0;0;0;0;0;0;0;0;0;0;0;0;0;0;0;0;0;0;0
Animation_estivale_cap_sur_un_ete_anime_pour_tous.txt;Database\Vada_database\Animation_estivale_cap_sur_un_ete_anime_pour_tous.txt;C:\Users\PC\Desktop\Project_Internship\Index_Insight\Database\Vada_database\Animation_estivale_cap_sur_un_ete_anime_pour_tous.txt;653;11;0.01684533;0;1;0;0;0;0;1;0;0;0;0;1;0;0;0;0;0;0;0;0;0;0;0;0;5;0;0;0;0;3;0;0;0;0;3;0;0;0;0;0;0;0;0;0;0;0;0;0;0;0;0;0;0;0;0;0;0;0;0;0;0;0;0;0;0;0;0;0;0
AGECOUTE_Le_lien_social_au_bout_du_fil.txt;Database\Vada_database\AGECOUTE_Le_lien_social_au_bout_du_fil.txt;C:\Users\PC\Desktop\Project_Internship\Index_Insight\Database\Vada_database\AGECOUTE_Le_lien_social_au_bout_du_fil.txt;1004;17;0.01693227;0;1;0;0;0;0;1;1;0;1;0;0;0;0;0;0;0;0;0;0;0;3;0;0;5;0;0;0;0;3;3;0;3;0;0;0;0;0;0;0;0;0;0;0;3;0;0;0;0;0;0;0;0;0;0;0;0;0;0;0;0;0;0;0;0;0;0;0;0
Les_cafes_des_ages_du_conseil_des_sages.txt;Database\Vada_database\Les_cafes_des_ages_du_conseil_des_sages.txt;C:\Users\PC\Desktop\Project_Internship\Index_Insight\Database\Vada_database\Les_cafes_des_ages_du_conseil_des_sages.txt;882;15;0.01700680;0;1;0;0;0;0;0;0;0;0;2;0;0;3;0;1;0;0;0;0;0;0;0;0;5;0;0;0;0;0;0;0;0;6;0;0;3;0;1;0;0;0;0;0;0;0;0;0;0;0;0;0;0;0;0;0;0;0;0;0;0;0;0;0;0;0;0;0;0
Pour favoriser le maintien des personnes âgées à domicile, Lien de vie aide les aidants.txt;Database\FdF_database\Pour favoriser le maintien des personnes âgées à domicile, Lien de vie aide les aidants.txt;C:\Users\PC\Desktop\Project_Internship\Index_Insight\Database\FdF_database\Pour favoriser le maintien des personnes âgées à domicile, Lien de vie aide les aidants.txt;1812;31;0.01710817;0;0;0;0;7;0;0;0;1;0;1;0;0;0;0;0;0;0;0;0;0;2;0;0;0;0;0;21;0;0;0;3;0;3;0;0;0;0;0;0;0;0;0;0;2;0;0;0;0;0;2;0;0;0;0;0;0;0;0;0;0;0;0;0;0;0;0;0;0
Pour un redressement durable de la sécurité social.txt;Database\Hcfea_database\Pour un redressement durable de la sécurité social.txt;C:\Users\PC\Desktop\Project_Internship\Index_Insight\Database\Hcfea_database\Pour un redressement durable de la sécurité social.txt;1398;24;0.01716738;0;0;0;0;0;0;0;0;0;0;8;0;0;0;0;0;0;0;0;0;0;0;0;0;0;0;0;0;0;0;0;0;0;24;0;0;0;0;0;0;0;0;0;0;0;0;0;0;0;0;0;0;0;0;0;0;0;0;0;0;0;0;0;0;0;0;0;0;0
Conseil_des_sages_de_Floirac.txt;Database\Vada_database\Conseil_des_sages_de_Floirac.txt;C:\Users\PC\Desktop\Project_Internship\Index_Insight\Database\Vada_database\Conseil_des_sages_de_Floirac.txt;1039;18;0.01732435;0;1;0;0;1;0;3;0;0;0;0;0;0;0;0;0;0;0;0;0;0;1;0;0;5;0;0;3;0;9;0;0;0;0;0;0;0;0;0;0;0;0;0;0;1;0;0;0;0;0;0;0;0;0;0;0;0;0;0;0;0;0;0;0;0;0;0;0;0
Valorisation_et_partage_du_patrimoine_local_espace_museal_Gandil.txt;Database\Vada_database\Valorisation_et_partage_du_patrimoine_local_espace_museal_Gandil.txt;C:\Users\PC\Desktop\Project_Internship\Index_Insight\Database\Vada_database\Valorisation_et_partage_du_patrimoine_local_espace_museal_Gandil.txt;979;17;0.01736466;0;1;0;0;2;0;0;0;0;0;0;2;0;0;0;0;0;0;0;0;0;0;0;0;5;0;0;6;0;0;0;0;0;0;6;0;0;0;0;0;0;0;0;0;0;0;0;0;0;0;0;0;0;0;0;0;0;0;0;0;0;0;0;0;0;0;0;0;0
la_participation_des_personnes_vivant_en_etablissement_relever_le_defi_de_l_effectivite.txt;Database\cnsa_database\la_participation_des_personnes_vivant_en_etablissement_relever_le_defi_de_l_effectivite.txt;C:\Users\PC\Desktop\Project_Internship\Index_Insight\Database\cnsa_database\la_participation_des_personnes_vivant_en_etablissement_relever_le_defi_de_l_effectivite.txt;626;11;0.01757188;0;0;0;0;2;0;0;0;0;0;0;0;0;1;0;1;3;0;0;0;0;0;0;0;0;0;0;6;0;0;0;0;0;0;0;0;1;0;1;3;0;0;0;0;0;0;0;0;0;0;0;0;0;0;0;0;0;0;0;0;0;0;0;0;0;0;0;0;0
Programme_de_prevention_des_chutes_et_des_troubles_lies_a_lequilibre.txt;Database\Vada_database\Programme_de_prevention_des_chutes_et_des_troubles_lies_a_lequilibre.txt;C:\Users\PC\Desktop\Project_Internship\Index_Insight\Database\Vada_database\Programme_de_prevention_des_chutes_et_des_troubles_lies_a_lequilibre.txt;901;16;0.01775805;0;1;0;0;0;0;3;0;0;0;0;0;0;0;0;0;2;0;0;0;0;0;0;0;5;0;0;0;0;9;0;0;0;0;0;0;0;0;0;2;0;0;0;0;0;0;0;0;0;0;0;0;0;0;0;0;0;0;0;0;0;0;0;0;0;0;0;0;0
Les_tretaux_chantants.txt;Database\Vada_database\Les_tretaux_chantants.txt;C:\Users\PC\Desktop\Project_Internship\Index_Insight\Database\Vada_database\Les_tretaux_chantants.txt;560;10;0.01785714;0;0;0;0;1;0;1;1;0;0;0;0;0;0;0;0;0;0;0;0;0;1;0;0;0;0;0;3;0;3;3;0;0;0;0;0;0;0;0;0;0;0;0;0;1;0;0;0;0;0;0;0;0;0;0;0;0;0;0;0;0;0;0;0;0;0;0;0;0
Plan_tous_en_forme_nutrition_sport_sante.txt;Database\Vada_database\Plan_tous_en_forme_nutrition_sport_sante.txt;C:\Users\PC\Desktop\Project_Internship\Index_Insight\Database\Vada_database\Plan_tous_en_forme_nutrition_sport_sante.txt;782;14;0.01790281;0;1;0;0;1;0;1;0;0;0;1;0;0;0;0;0;0;0;0;0;0;0;0;0;5;0;0;3;0;3;0;0;0;3;0;0;0;0;0;0;0;0;0;0;0;0;0;0;0;0;0;0;0;0;0;0;0;0;0;0;0;0;0;0;0;0;0;0;0
Bistrot_memoire.txt;Database\Vada_database\Bistrot_memoire.txt;C:\Users\PC\Desktop\Project_Internship\Index_Insight\Database\Vada_database\Bistrot_memoire.txt;1005;18;0.01791045;0;2;0;1;0;0;0;0;0;0;1;0;0;0;0;0;0;2;0;0;0;0;0;0;10;0;3;0;0;0;0;0;0;3;0;0;0;0;0;0;2;0;0;0;0;0;0;0;0;0;0;0;0;0;0;0;0;0;0;0;0;0;0;0;0;0;0;0;0
Des_sejours_intergenerationnels_pour_favoriser_le_bien_vivre_ensemble.txt;Database\Vada_database\Des_sejours_intergenerationnels_pour_favoriser_le_bien_vivre_ensemble.txt;C:\Users\PC\Desktop\Project_Internship\Index_Insight\Database\Vada_database\Des_sejours_intergenerationnels_pour_favoriser_le_bien_vivre_ensemble.txt;1331;24;0.01803156;0;1;0;0;0;0;4;0;0;0;2;0;0;0;0;0;0;0;0;0;0;1;0;0;5;0;0;0;0;12;0;0;0;6;0;0;0;0;0;0;0;0;0;0;1;0;0;0;0;0;0;0;0;0;0;0;0;0;0;0;0;0;0;0;0;0;0;0;0
Les actions soutenues par le programme Personnes âgées pendant la crise Covid-19.txt;Database\FdF_database\Les actions soutenues par le programme Personnes âgées pendant la crise Covid-19.txt;C:\Users\PC\Desktop\Project_Internship\Index_Insight\Database\FdF_database\Les actions soutenues par le programme Personnes âgées pendant la crise Covid-19.txt;1660;30;0.01807229;0;0;0;0;7;0;1;0;0;0;0;0;0;3;0;0;0;0;0;0;0;1;0;0;0;0;0;21;0;3;0;0;0;0;0;0;3;0;0;0;0;0;0;0;1;0;0;0;0;0;2;0;0;0;0;0;0;0;0;0;0;0;0;0;0;0;0;0;0
Co-construction_de_la_feuille_de_route_longevite_metropolitaine.txt;Database\Vada_database\Co-construction_de_la_feuille_de_route_longevite_metropolitaine.txt;C:\Users\PC\Desktop\Project_Internship\Index_Insight\Database\Vada_database\Co-construction_de_la_feuille_de_route_longevite_metropolitaine.txt;995;18;0.01809045;0;0;0;1;0;0;3;0;0;1;0;0;0;0;0;0;0;2;0;0;0;1;0;0;0;0;3;0;0;9;0;0;3;0;0;0;0;0;0;0;2;0;0;0;1;0;0;0;0;0;0;0;0;0;0;0;0;0;0;0;0;0;0;0;0;0;0;0;0
Vyvdos.txt;Database\Vada_database\Vyvdos.txt;C:\Users\PC\Desktop\Project_Internship\Index_Insight\Database\Vada_database\Vyvdos.txt;939;17;0.01810437;0;0;0;0;2;0;1;0;0;0;0;0;0;3;0;0;5;0;0;0;0;0;0;0;0;0;0;6;0;3;0;0;0;0;0;0;3;0;0;5;0;0;0;0;0;0;0;0;0;0;0;0;0;0;0;0;0;0;0;0;0;0;0;0;0;0;0;0;0
La_residence_Marc_Bloch_heberger_et_accompagner_une_population_vieillissante_fragilisee_et_precaire.txt;Database\Vada_database\La_residence_Marc_Bloch_heberger_et_accompagner_une_population_vieillissante_fragilisee_et_precaire.txt;C:\Users\PC\Desktop\Project_Internship\Index_Insight\Database\Vada_database\La_residence_Marc_Bloch_heberger_et_accompagner_une_population_vieillissante_fragilisee_et_precaire.txt;1033;19;0.01839303;0;1;0;0;3;0;0;0;0;1;0;0;0;0;0;2;0;0;0;0;0;0;0;0;5;0;0;9;0;0;0;0;3;0;0;0;0;0;2;0;0;0;0;0;0;0;0;0;0;0;0;0;0;0;0;0;0;0;0;0;0;0;0;0;0;0;0;0;0
FICHE_ACTION_7_Participation_sociale.txt;Database\Fiches_actions_database\FICHE_ACTION_7_Participation_sociale.txt;C:\Users\PC\Desktop\Project_Internship\Index_Insight\Database\Fiches_actions_database\FICHE_ACTION_7_Participation_sociale.txt;432;8;0.01851852;0;0;0;0;0;0;1;0;0;0;0;0;0;0;0;0;0;0;0;0;0;5;0;0;0;0;0;0;0;3;0;0;0;0;0;0;0;0;0;0;0;0;0;0;5;0;0;0;0;0;0;0;0;0;0;0;0;0;0;0;0;0;0;0;0;0;0;0;0
Portes closes un documentaire pour penser l'accompagnement des personnes âgées désorientées.txt;Database\FdF_database\Portes closes un documentaire pour penser l'accompagnement des personnes âgées désorientées.txt;C:\Users\PC\Desktop\Project_Internship\Index_Insight\Database\FdF_database\Portes closes un documentaire pour penser l'accompagnement des personnes âgées désorientées.txt;1778;33;0.01856018;0;0;0;0;9;0;0;0;0;0;1;0;0;1;0;0;0;0;0;0;0;0;0;0;0;0;0;27;0;0;0;0;0;3;0;0;1;0;0;0;0;0;0;0;0;0;0;0;0;0;2;0;0;0;0;0;0;0;0;0;0;0;0;0;0;0;0;0;0
Villeneuve_dAscq_-_atelier_qi_gong.txt;Database\Vada_database\Villeneuve_dAscq_-_atelier_qi_gong.txt;C:\Users\PC\Desktop\Project_Internship\Index_Insight\Database\Vada_database\Villeneuve_dAscq_-_atelier_qi_gong.txt;590;11;0.01864407;0;1;0;0;0;0;0;0;2;0;0;0;0;0;0;0;0;0;0;0;0;0;0;0;5;0;0;0;0;0;0;6;0;0;0;0;0;0;0;0;0;0;0;0;0;0;0;0;0;0;0;0;0;0;0;0;0;0;0;0;0;0;0;0;0;0;0;0;0
Les_mamies_guitares_ou_le_tonnerre_electrique.txt;Database\Vada_database\Les_mamies_guitares_ou_le_tonnerre_electrique.txt;C:\Users\PC\Desktop\Project_Internship\Index_Insight\Database\Vada_database\Les_mamies_guitares_ou_le_tonnerre_electrique.txt;643;12;0.01866252;0;0;0;0;0;0;4;0;0;0;0;0;0;0;0;0;0;0;0;0;0;0;0;0;0;0;0;0;0;12;0;0;0;0;0;0;0;0;0;0;0;0;0;0;0;0;0;0;0;0;0;0;0;0;0;0;0;0;0;0;0;0;0;0;0;0;0;0;0
Conciergerie.txt;Database\Vada_database\Conciergerie.txt;C:\Users\PC\Desktop\Project_Internship\Index_Insight\Database\Vada_database\Conciergerie.txt;749;14;0.01869159;0;1;0;0;0;0;2;0;0;0;0;0;0;0;1;0;1;0;0;0;0;1;0;0;5;0;0;0;0;6;0;0;0;0;0;0;0;1;0;1;0;0;0;0;1;0;0;0;0;0;0;0;0;0;0;0;0;0;0;0;0;0;0;0;0;0;0;0;0
Personnes âgées_1.txt;Database\FdF_database\Personnes âgées_1.txt;C:\Users\PC\Desktop\Project_Internship\Index_Insight\Database\FdF_database\Personnes âgées_1.txt;1496;28;0.01871658;0;0;0;0;6;0;0;0;0;0;1;0;0;1;1;0;0;0;0;0;0;3;0;0;0;0;0;18;0;0;0;0;0;3;0;0;1;1;0;0;0;0;0;0;3;0;0;0;0;0;2;0;0;0;0;0;0;0;0;0;0;0;0;0;0;0;0;0;0
FicheAction2_Barlin_vf.txt;Database\Fiches_actions_database\FicheAction2_Barlin_vf.txt;C:\Users\PC\Desktop\Project_Internship\Index_Insight\Database\Fiches_actions_database\FicheAction2_Barlin_vf.txt;213;4;0.01877934;0;0;0;0;0;0;0;0;0;0;1;0;0;0;0;0;0;1;0;0;0;0;0;0;0;0;0;0;0;0;0;0;0;3;0;0;0;0;0;0;1;0;0;0;0;0;0;0;0;0;0;0;0;0;0;0;0;0;0;0;0;0;0;0;0;0;0;0;0
Les_demeures_du_parc.txt;Database\Vada_database\Les_demeures_du_parc.txt;C:\Users\PC\Desktop\Project_Internship\Index_Insight\Database\Vada_database\Les_demeures_du_parc.txt;1063;20;0.01881468;0;1;0;0;2;0;0;0;0;1;0;0;1;0;0;0;4;0;0;0;0;1;0;0;5;0;0;6;0;0;0;0;3;0;0;1;0;0;0;4;0;0;0;0;1;0;0;0;0;0;0;0;0;0;0;0;0;0;0;0;0;0;0;0;0;0;0;0;0
programme_autonomie_2024.txt;Database\cnsa_database\programme_autonomie_2024.txt;C:\Users\PC\Desktop\Project_Internship\Index_Insight\Database\cnsa_database\programme_autonomie_2024.txt;1747;33;0.01888952;0;0;0;0;5;0;0;0;0;0;0;0;0;2;0;1;12;0;0;0;0;0;1;0;0;0;0;15;0;0;0;0;0;0;0;0;2;0;1;12;0;0;0;0;0;1;0;0;0;0;0;0;0;0;0;0;0;0;0;0;0;0;2;0;0;0;0;0;0
Colloque à Lyon - Réconcilier le besoin de sécurité et le besoin de liberté.txt;Database\FdF_database\Colloque à Lyon - Réconcilier le besoin de sécurité et le besoin de liberté.txt;C:\Users\PC\Desktop\Project_Internship\Index_Insight\Database\FdF_database\Colloque à Lyon - Réconcilier le besoin de sécurité et le besoin de liberté.txt;2222;42;0.01890189;0;0;0;1;9;0;0;0;1;0;0;0;0;3;0;0;6;0;0;0;0;0;0;0;0;0;3;27;0;0;0;3;0;0;0;0;3;0;0;6;0;0;0;0;0;0;0;0;0;0;0;0;0;0;0;0;0;0;0;0;0;0;0;0;0;0;0;0;0
Le_cercle_des_aidants.txt;Database\Vada_database\Le_cercle_des_aidants.txt;C:\Users\PC\Desktop\Project_Internship\Index_Insight\Database\Vada_database\Le_cercle_des_aidants.txt;1578;30;0.01901141;0;1;0;0;2;0;1;0;1;2;0;0;0;1;0;1;2;0;0;0;1;2;0;0;5;0;0;6;0;3;0;3;6;0;0;0;1;0;1;2;0;0;0;1;2;0;0;0;0;0;0;0;0;0;0;0;0;0;0;0;0;0;0;0;0;0;0;0;0
Election_Super_mamie_du_territoire_de_Belfort.txt;Database\Vada_database\Election_Super_mamie_du_territoire_de_Belfort.txt;C:\Users\PC\Desktop\Project_Internship\Index_Insight\Database\Vada_database\Election_Super_mamie_du_territoire_de_Belfort.txt;735;14;0.01904762;0;1;0;0;0;0;0;0;0;0;0;3;0;0;0;0;0;0;0;0;0;0;0;0;5;0;0;0;0;0;0;0;0;0;9;0;0;0;0;0;0;0;0;0;0;0;0;0;0;0;0;0;0;0;0;0;0;0;0;0;0;0;0;0;0;0;0;0;0
Hygie.txt;Database\Vada_database\Hygie.txt;C:\Users\PC\Desktop\Project_Internship\Index_Insight\Database\Vada_database\Hygie.txt;994;19;0.01911469;0;0;0;0;1;0;1;0;0;0;3;0;0;0;0;0;3;0;0;0;0;1;0;0;0;0;0;3;0;3;0;0;0;9;0;0;0;0;0;3;0;0;0;0;1;0;0;0;0;0;0;0;0;0;0;0;0;0;0;0;0;0;0;0;0;0;0;0;0
Benevolat_senior_un_projet_de_vie_reflechi.txt;Database\Vada_database\Benevolat_senior_un_projet_de_vie_reflechi.txt;C:\Users\PC\Desktop\Project_Internship\Index_Insight\Database\Vada_database\Benevolat_senior_un_projet_de_vie_reflechi.txt;836;16;0.01913876;0;0;0;0;0;0;4;0;0;1;0;0;0;0;0;0;0;0;0;0;0;1;0;0;0;0;0;0;0;12;0;0;3;0;0;0;0;0;0;0;0;0;0;0;1;0;0;0;0;0;0;0;0;0;0;0;0;0;0;0;0;0;0;0;0;0;0;0;0
Les enjeux du Grand âge , vus par deux bénévoles à la Fondation de France Sud-Ouest.txt;Database\FdF_database\Les enjeux du Grand âge , vus par deux bénévoles à la Fondation de France Sud-Ouest.txt;C:\Users\PC\Desktop\Project_Internship\Index_Insight\Database\FdF_database\Les enjeux du Grand âge , vus par deux bénévoles à la Fondation de France Sud-Ouest.txt;2346;45;0.01918159;0;0;0;0;1;0;0;0;3;2;7;0;0;3;0;0;0;1;0;0;0;0;0;0;0;0;0;3;0;0;0;9;6;21;0;0;3;0;0;0;1;0;0;0;0;0;0;0;0;0;0;0;0;0;0;0;2;0;0;0;0;0;0;0;0;0;0;0;0
FICHE_ACTION_souvrir_a_lautre_par_la_culture.txt;Database\Fiches_actions_database\FICHE_ACTION_souvrir_a_lautre_par_la_culture.txt;C:\Users\PC\Desktop\Project_Internship\Index_Insight\Database\Fiches_actions_database\FICHE_ACTION_souvrir_a_lautre_par_la_culture.txt;417;8;0.01918465;0;0;0;0;1;0;0;0;0;0;0;0;0;0;0;0;0;1;0;0;0;3;1;0;0;0;0;3;0;0;0;0;0;0;0;0;0;0;0;0;1;0;0;0;3;1;0;0;0;0;0;0;0;0;0;0;0;0;0;0;0;0;0;0;0;0;0;0;0
Hop_hop_hop_chez_papy.txt;Database\Vada_database\Hop_hop_hop_chez_papy.txt;C:\Users\PC\Desktop\Project_Internship\Index_Insight\Database\Vada_database\Hop_hop_hop_chez_papy.txt;1191;23;0.01931150;0;0;0;0;0;0;2;0;0;2;0;0;0;3;2;0;5;0;0;0;0;1;0;0;0;0;0;0;0;6;0;0;6;0;0;0;3;2;0;5;0;0;0;0;1;0;0;0;0;0;0;0;0;0;0;0;0;0;0;0;0;0;0;0;0;0;0;0;0
Reims_urban_nature.txt;Database\Vada_database\Reims_urban_nature.txt;C:\Users\PC\Desktop\Project_Internship\Index_Insight\Database\Vada_database\Reims_urban_nature.txt;916;18;0.01965066;0;1;0;0;0;0;2;0;0;0;0;2;0;0;1;0;0;0;0;0;0;0;0;0;5;0;0;0;0;6;0;0;0;0;6;0;0;1;0;0;0;0;0;0;0;0;0;0;0;0;0;0;0;0;0;0;0;0;0;0;0;0;0;0;0;0;0;0;0
FICHE_Arlon_2.txt;Database\Fiches_actions_database\FICHE_Arlon_2.txt;C:\Users\PC\Desktop\Project_Internship\Index_Insight\Database\Fiches_actions_database\FICHE_Arlon_2.txt;454;9;0.01982379;0;0;0;0;0;0;0;0;0;0;0;0;0;0;9;0;0;0;0;0;0;0;0;0;0;0;0;0;0;0;0;0;0;0;0;0;0;9;0;0;0;0;0;0;0;0;0;0;0;0;0;0;0;0;0;0;0;0;0;0;0;0;0;0;0;0;0;0;0
FicheAction5_Ostricourt_VF.txt;Database\Fiches_actions_database\FicheAction5_Ostricourt_VF.txt;C:\Users\PC\Desktop\Project_Internship\Index_Insight\Database\Fiches_actions_database\FicheAction5_Ostricourt_VF.txt;351;7;0.01994302;0;0;0;0;0;0;0;0;0;0;1;0;0;0;0;0;0;1;0;0;0;3;0;0;0;0;0;0;0;0;0;0;0;3;0;0;0;0;0;0;1;0;0;0;3;0;0;0;0;0;0;0;0;0;0;0;0;0;0;0;0;0;0;0;0;0;0;0;0
Mediation_animale_a_bailleul.txt;Database\Vada_database\Mediation_animale_a_bailleul.txt;C:\Users\PC\Desktop\Project_Internship\Index_Insight\Database\Vada_database\Mediation_animale_a_bailleul.txt;501;10;0.01996008;0;1;0;0;0;0;0;0;0;0;1;0;0;0;1;0;1;0;0;0;0;0;0;0;5;0;0;0;0;0;0;0;0;3;0;0;0;1;0;1;0;0;0;0;0;0;0;0;0;0;0;0;0;0;0;0;0;0;0;0;0;0;0;0;0;0;0;0;0
Soutien_aux_aidants.txt;Database\Vada_database\Soutien_aux_aidants.txt;C:\Users\PC\Desktop\Project_Internship\Index_Insight\Database\Vada_database\Soutien_aux_aidants.txt;901;18;0.01997780;0;0;0;0;2;0;1;0;0;0;0;0;0;0;0;0;2;0;0;0;0;3;4;0;0;0;0;6;0;3;0;0;0;0;0;0;0;0;0;2;0;0;0;0;3;4;0;0;0;0;0;0;0;0;0;0;0;0;0;0;0;0;0;0;0;0;0;0;0
La_Note_Bleue_une_residence_pour_vivre_chez_soi_plus_longtemps.txt;Database\Vada_database\La_Note_Bleue_une_residence_pour_vivre_chez_soi_plus_longtemps.txt;C:\Users\PC\Desktop\Project_Internship\Index_Insight\Database\Vada_database\La_Note_Bleue_une_residence_pour_vivre_chez_soi_plus_longtemps.txt;550;11;0.02000000;0;0;0;1;0;0;0;0;0;0;0;0;4;0;0;0;2;0;0;0;0;0;0;0;0;0;3;0;0;0;0;0;0;0;0;4;0;0;0;2;0;0;0;0;0;0;0;0;0;0;0;0;0;0;0;0;0;0;2;0;0;0;0;0;0;0;0;0;0
FichesAction_PaysMormal_VF.txt;Database\Fiches_actions_database\FichesAction_PaysMormal_VF.txt;C:\Users\PC\Desktop\Project_Internship\Index_Insight\Database\Fiches_actions_database\FichesAction_PaysMormal_VF.txt;3284;66;0.02009744;0;0;0;1;5;0;4;0;0;0;4;0;1;15;5;0;1;2;0;0;0;0;0;0;0;0;3;15;0;12;0;0;0;12;0;1;15;5;0;1;2;0;0;0;0;0;0;0;0;0;0;0;0;0;0;0;0;0;0;0;0;0;0;0;0;0;0;0;0
Journee_festive_portes_ouvertes.txt;Database\Vada_database\Journee_festive_portes_ouvertes.txt;C:\Users\PC\Desktop\Project_Internship\Index_Insight\Database\Vada_database\Journee_festive_portes_ouvertes.txt;546;11;0.02014652;0;1;0;0;0;0;0;0;0;1;0;1;0;0;0;0;0;0;0;0;0;0;0;0;5;0;0;0;0;0;0;0;3;0;3;0;0;0;0;0;0;0;0;0;0;0;0;0;0;0;0;0;0;0;0;0;0;0;0;0;0;0;0;0;0;0;0;0;0
MixAges_savoir_partages.txt;Database\Vada_database\MixAges_savoir_partages.txt;C:\Users\PC\Desktop\Project_Internship\Index_Insight\Database\Vada_database\MixAges_savoir_partages.txt;541;11;0.02033272;0;1;0;0;0;0;1;0;0;0;0;1;0;0;0;0;0;0;0;0;0;0;0;0;5;0;0;0;0;3;0;0;0;0;3;0;0;0;0;0;0;0;0;0;0;0;0;0;0;0;0;0;0;0;0;0;0;0;0;0;0;0;0;0;0;0;0;0;0
Ateliers_ecoute_partage_et_communication_transmission_des_savoirs.txt;Database\Vada_database\Ateliers_ecoute_partage_et_communication_transmission_des_savoirs.txt;C:\Users\PC\Desktop\Project_Internship\Index_Insight\Database\Vada_database\Ateliers_ecoute_partage_et_communication_transmission_des_savoirs.txt;540;11;0.02037037;0;1;0;0;0;1;0;1;0;0;0;0;0;0;0;0;0;0;0;0;0;0;0;0;5;0;0;0;3;0;3;0;0;0;0;0;0;0;0;0;0;0;0;0;0;0;0;0;0;0;0;0;0;0;0;0;0;0;0;0;0;0;0;0;0;0;0;0;0
Ecran_numerique_interactif_dans_le_pole_dactivites_et_de_soins_adaptes_de_lehpad.txt;Database\Vada_database\Ecran_numerique_interactif_dans_le_pole_dactivites_et_de_soins_adaptes_de_lehpad.txt;C:\Users\PC\Desktop\Project_Internship\Index_Insight\Database\Vada_database\Ecran_numerique_interactif_dans_le_pole_dactivites_et_de_soins_adaptes_de_lehpad.txt;638;13;0.02037618;0;1;0;0;0;0;0;0;0;0;0;0;0;8;0;0;0;0;0;0;0;0;0;0;5;0;0;0;0;0;0;0;0;0;0;0;8;0;0;0;0;0;0;0;0;0;0;0;0;0;0;0;0;0;0;0;0;0;0;0;0;0;0;0;0;0;0;0;0
Guide_lillois_de_ladaptation_des_logements_a_la_perte_dautonomie.txt;Database\Vada_database\Guide_lillois_de_ladaptation_des_logements_a_la_perte_dautonomie.txt;C:\Users\PC\Desktop\Project_Internship\Index_Insight\Database\Vada_database\Guide_lillois_de_ladaptation_des_logements_a_la_perte_dautonomie.txt;976;20;0.02049180;0;0;0;0;2;0;0;0;0;1;1;0;0;0;0;0;8;0;0;0;0;0;0;0;0;0;0;6;0;0;0;0;3;3;0;0;0;0;0;8;0;0;0;0;0;0;0;0;0;0;0;0;0;0;0;0;0;0;0;0;0;0;0;0;0;0;0;0;0
La_quinzaine_de_lecole_maternelle.txt;Database\Vada_database\La_quinzaine_de_lecole_maternelle.txt;C:\Users\PC\Desktop\Project_Internship\Index_Insight\Database\Vada_database\La_quinzaine_de_lecole_maternelle.txt;535;11;0.02056075;0;1;0;0;0;0;0;0;0;0;0;2;0;0;0;0;0;0;0;0;0;0;0;0;5;0;0;0;0;0;0;0;0;0;6;0;0;0;0;0;0;0;0;0;0;0;0;0;0;0;0;0;0;0;0;0;0;0;0;0;0;0;0;0;0;0;0;0;0
Votre_second_souffle_service_daccompagnement_et_de_relais_pour_les_aidants.txt;Database\Vada_database\Votre_second_souffle_service_daccompagnement_et_de_relais_pour_les_aidants.txt;C:\Users\PC\Desktop\Project_Internship\Index_Insight\Database\Vada_database\Votre_second_souffle_service_daccompagnement_et_de_relais_pour_les_aidants.txt;1020;21;0.02058824;0;1;0;0;1;0;0;0;1;0;1;0;1;0;0;1;3;0;0;0;0;0;2;0;5;0;0;3;0;0;0;3;0;3;0;1;0;0;1;3;0;0;0;0;0;2;0;0;0;0;0;0;0;0;0;0;0;0;0;0;0;0;0;0;0;0;0;0;0
09_CARSAT_HAUTS-DE-FRANCE.txt;Database\Cnav_database\09_CARSAT_HAUTS-DE-FRANCE.txt;C:\Users\PC\Desktop\Project_Internship\Index_Insight\Database\Cnav_database\09_CARSAT_HAUTS-DE-FRANCE.txt;630;13;0.02063492;0;0;0;0;0;0;1;1;0;0;0;0;0;0;0;0;7;0;0;0;0;0;0;0;0;0;0;0;0;3;3;0;0;0;0;0;0;0;0;7;0;0;0;0;0;0;0;0;0;0;0;0;0;0;0;0;0;0;0;0;0;0;0;0;0;0;0;0;0
Tisica_-_tissage_dinteractions_sociales_innovantes_par_la_creation_artistique.txt;Database\Vada_database\Tisica_-_tissage_dinteractions_sociales_innovantes_par_la_creation_artistique.txt;C:\Users\PC\Desktop\Project_Internship\Index_Insight\Database\Vada_database\Tisica_-_tissage_dinteractions_sociales_innovantes_par_la_creation_artistique.txt;1306;27;0.02067381;0;1;0;0;4;0;0;0;0;0;1;0;0;3;0;0;3;0;0;0;0;1;0;0;5;0;0;12;0;0;0;0;0;3;0;0;3;0;0;3;0;0;0;0;1;0;0;0;0;0;0;0;0;0;0;0;0;0;0;0;0;0;0;0;0;0;0;0;0
Cocardes_made_in_romans.txt;Database\Vada_database\Cocardes_made_in_romans.txt;C:\Users\PC\Desktop\Project_Internship\Index_Insight\Database\Vada_database\Cocardes_made_in_romans.txt;628;13;0.02070064;0;1;0;0;1;0;0;0;0;0;1;0;0;0;0;0;2;0;0;0;0;0;0;0;5;0;0;3;0;0;0;0;0;3;0;0;0;0;0;2;0;0;0;0;0;0;0;0;0;0;0;0;0;0;0;0;0;0;0;0;0;0;0;0;0;0;0;0;0
Fiche-action_1_new.txt;Database\Fiches_actions_database\Fiche-action_1_new.txt;C:\Users\PC\Desktop\Project_Internship\Index_Insight\Database\Fiches_actions_database\Fiche-action_1_new.txt;287;6;0.02090592;0;0;0;0;0;0;1;0;0;0;1;0;0;0;0;0;0;0;0;0;0;0;0;0;0;0;0;0;0;3;0;0;0;3;0;0;0;0;0;0;0;0;0;0;0;0;0;0;0;0;0;0;0;0;0;0;0;0;0;0;0;0;0;0;0;0;0;0;0
Lien_social_et_solidarite.txt;Database\Vada_database\Lien_social_et_solidarite.txt;C:\Users\PC\Desktop\Project_Internship\Index_Insight\Database\Vada_database\Lien_social_et_solidarite.txt;669;14;0.02092676;0;1;0;0;1;0;0;0;0;0;0;2;0;0;0;0;0;0;0;0;0;0;0;0;5;0;0;3;0;0;0;0;0;0;6;0;0;0;0;0;0;0;0;0;0;0;0;0;0;0;0;0;0;0;0;0;0;0;0;0;0;0;0;0;0;0;0;0;0
08_PARTENARIAL_DES_DOSSIERS_LIEUX_DE_VIE_COLLECTIF.txt;Database\Cnav_database\08_PARTENARIAL_DES_DOSSIERS_LIEUX_DE_VIE_COLLECTIF.txt;C:\Users\PC\Desktop\Project_Internship\Index_Insight\Database\Cnav_database\08_PARTENARIAL_DES_DOSSIERS_LIEUX_DE_VIE_COLLECTIF.txt;286;6;0.02097902;0;0;0;0;0;0;2;0;0;0;0;0;0;0;0;0;0;0;0;0;0;0;0;0;0;0;0;0;0;6;0;0;0;0;0;0;0;0;0;0;0;0;0;0;0;0;0;0;0;0;0;0;0;0;0;0;0;0;0;0;0;0;0;0;0;0;0;0;0
Se déplacer pour garder le lien.txt;Database\FdF_database\Se déplacer pour garder le lien.txt;C:\Users\PC\Desktop\Project_Internship\Index_Insight\Database\FdF_database\Se déplacer pour garder le lien.txt;1741;37;0.02125215;0;0;0;0;9;0;0;0;1;0;0;0;0;2;1;0;1;0;0;0;0;3;0;0;0;0;0;27;0;0;0;3;0;0;0;0;2;1;0;1;0;0;0;0;3;0;0;0;0;0;0;0;0;0;0;0;0;0;0;0;0;0;0;0;0;0;0;0;0
A_Reims_des_multi_activites_65.txt;Database\Vada_database\A_Reims_des_multi_activites_65.txt;C:\Users\PC\Desktop\Project_Internship\Index_Insight\Database\Vada_database\A_Reims_des_multi_activites_65.txt;796;17;0.02135678;0;1;0;0;0;0;3;0;1;0;0;0;0;0;0;0;0;0;0;0;0;0;0;0;5;0;0;0;0;9;0;3;0;0;0;0;0;0;0;0;0;0;0;0;0;0;0;0;0;0;0;0;0;0;0;0;0;0;0;0;0;0;0;0;0;0;0;0;0
Transport_solidaire.txt;Database\Vada_database\Transport_solidaire.txt;C:\Users\PC\Desktop\Project_Internship\Index_Insight\Database\Vada_database\Transport_solidaire.txt;513;11;0.02144250;0;1;0;0;1;0;0;0;0;0;0;0;0;0;1;0;0;0;0;0;0;2;0;0;5;0;0;3;0;0;0;0;0;0;0;0;0;1;0;0;0;0;0;0;2;0;0;0;0;0;0;0;0;0;0;0;0;0;0;0;0;0;0;0;0;0;0;0;0
tous_les_appels_a_projets_5.txt;Database\cnsa_database\tous_les_appels_a_projets_5.txt;C:\Users\PC\Desktop\Project_Internship\Index_Insight\Database\cnsa_database\tous_les_appels_a_projets_5.txt;465;10;0.02150538;0;0;0;0;0;0;0;0;0;1;0;0;0;0;0;0;4;0;0;0;0;1;2;0;0;0;0;0;0;0;0;0;3;0;0;0;0;0;0;4;0;0;0;0;1;2;0;0;0;0;0;0;0;0;0;0;0;0;0;0;0;0;0;0;0;0;0;0;0
Un_bar_a_eau_pour_les_aines_de_la_commune.txt;Database\Vada_database\Un_bar_a_eau_pour_les_aines_de_la_commune.txt;C:\Users\PC\Desktop\Project_Internship\Index_Insight\Database\Vada_database\Un_bar_a_eau_pour_les_aines_de_la_commune.txt;833;18;0.02160864;0;1;0;0;3;0;1;0;0;0;0;0;0;0;0;0;0;0;0;0;0;1;0;0;5;0;0;9;0;3;0;0;0;0;0;0;0;0;0;0;0;0;0;0;1;0;0;0;0;0;0;0;0;0;0;0;0;0;0;0;0;0;0;0;0;0;0;0;0
Accompagnement_des_patients_cardiaques_et_initiations_aux_gestes_qui_sauvent.txt;Database\Vada_database\Accompagnement_des_patients_cardiaques_et_initiations_aux_gestes_qui_sauvent.txt;C:\Users\PC\Desktop\Project_Internship\Index_Insight\Database\Vada_database\Accompagnement_des_patients_cardiaques_et_initiations_aux_gestes_qui_sauvent.txt;601;13;0.02163062;0;1;0;0;0;0;1;1;0;0;0;0;0;0;0;0;2;0;0;0;0;0;0;0;5;0;0;0;0;3;3;0;0;0;0;0;0;0;0;2;0;0;0;0;0;0;0;0;0;0;0;0;0;0;0;0;0;0;0;0;0;0;0;0;0;0;0;0;0
Offre_diversifiee_dhabitats_destines_aux_aines.txt;Database\Vada_database\Offre_diversifiee_dhabitats_destines_aux_aines.txt;C:\Users\PC\Desktop\Project_Internship\Index_Insight\Database\Vada_database\Offre_diversifiee_dhabitats_destines_aux_aines.txt;1017;22;0.02163225;0;0;0;1;5;0;0;0;0;0;0;0;0;0;0;1;2;0;0;0;0;1;0;0;0;0;3;15;0;0;0;0;0;0;0;0;0;0;1;2;0;0;0;0;1;0;0;0;0;0;0;0;0;0;0;0;0;0;0;0;0;0;0;0;0;0;0;0;0
ACTION_CULTURELLE_INTERGENERATIONNELLE.txt;Database\Vada_database\ACTION_CULTURELLE_INTERGENERATIONNELLE.txt;C:\Users\PC\Desktop\Project_Internship\Index_Insight\Database\Vada_database\ACTION_CULTURELLE_INTERGENERATIONNELLE.txt;647;14;0.02163833;0;1;0;1;1;0;0;0;0;0;0;1;0;0;0;0;0;0;0;0;0;0;0;0;5;0;3;3;0;0;0;0;0;0;3;0;0;0;0;0;0;0;0;0;0;0;0;0;0;0;0;0;0;0;0;0;0;0;0;0;0;0;0;0;0;0;0;0;0
Une_borne_Melo_pour_la_residence_de_LIlle.txt;Database\Vada_database\Une_borne_Melo_pour_la_residence_de_LIlle.txt;C:\Users\PC\Desktop\Project_Internship\Index_Insight\Database\Vada_database\Une_borne_Melo_pour_la_residence_de_LIlle.txt;462;10;0.02164502;0;1;0;0;0;0;0;0;0;0;0;0;0;2;0;0;2;0;0;0;1;0;0;0;5;0;0;0;0;0;0;0;0;0;0;0;2;0;0;2;0;0;0;1;0;0;0;0;0;0;0;0;0;0;0;0;0;0;0;0;0;0;0;0;0;0;0;0;0
Des_sejours_intergenerationnels_pour_favoriser_le_bien_vieillir_ensemble.txt;Database\Vada_database\Des_sejours_intergenerationnels_pour_favoriser_le_bien_vieillir_ensemble.txt;C:\Users\PC\Desktop\Project_Internship\Index_Insight\Database\Vada_database\Des_sejours_intergenerationnels_pour_favoriser_le_bien_vieillir_ensemble.txt;1332;29;0.02177177;0;1;0;0;0;0;4;0;1;0;2;0;0;0;0;0;0;0;0;0;0;1;0;0;5;0;0;0;0;12;0;3;0;6;0;0;0;0;0;0;0;0;0;0;1;0;0;0;0;0;0;0;0;0;2;0;0;0;0;0;0;0;0;0;0;0;0;0;0
Emocionament_Emotionnellement.txt;Database\Vada_database\Emocionament_Emotionnellement.txt;C:\Users\PC\Desktop\Project_Internship\Index_Insight\Database\Vada_database\Emocionament_Emotionnellement.txt;642;14;0.02180685;0;0;0;0;4;0;0;0;0;0;0;0;0;0;0;0;1;0;0;0;0;1;0;0;0;0;0;12;0;0;0;0;0;0;0;0;0;0;0;1;0;0;0;0;1;0;0;0;0;0;0;0;0;0;0;0;0;0;0;0;0;0;0;0;0;0;0;0;0
Manifestation_pour_un_EHPAD_de_reve.txt;Database\Vada_database\Manifestation_pour_un_EHPAD_de_reve.txt;C:\Users\PC\Desktop\Project_Internship\Index_Insight\Database\Vada_database\Manifestation_pour_un_EHPAD_de_reve.txt;869;19;0.02186421;0;0;0;0;1;0;1;0;0;0;0;0;0;10;1;0;0;0;0;0;0;0;0;0;0;0;0;3;0;3;0;0;0;0;0;0;10;1;0;0;0;0;0;0;0;0;0;0;0;0;0;0;0;0;0;0;0;0;0;2;0;0;0;0;0;0;0;0;0
Mettre_en_lien_des_parents_enfants_et_grands-parents_de_cur_construire_des_familles_de_cur.txt;Database\Vada_database\Mettre_en_lien_des_parents_enfants_et_grands-parents_de_cur_construire_des_familles_de_cur.txt;C:\Users\PC\Desktop\Project_Internship\Index_Insight\Database\Vada_database\Mettre_en_lien_des_parents_enfants_et_grands-parents_de_cur_construire_des_familles_de_cur.txt;1005;22;0.02189055;0;0;0;0;0;0;7;0;0;0;0;0;0;0;0;0;0;0;0;0;0;1;0;0;0;0;0;0;0;21;0;0;0;0;0;0;0;0;0;0;0;0;0;0;1;0;0;0;0;0;0;0;0;0;0;0;0;0;0;0;0;0;0;0;0;0;0;0;0
Le_portage_de_repas_a_domicile_soutenir_les_aines_a_domicile.txt;Database\Vada_database\Le_portage_de_repas_a_domicile_soutenir_les_aines_a_domicile.txt;C:\Users\PC\Desktop\Project_Internship\Index_Insight\Database\Vada_database\Le_portage_de_repas_a_domicile_soutenir_les_aines_a_domicile.txt;2143;47;0.02193187;0;1;0;0;9;0;0;1;1;0;1;0;2;0;0;0;3;0;0;0;0;1;0;0;5;0;0;27;0;0;3;3;0;3;0;2;0;0;0;3;0;0;0;0;1;0;0;0;0;0;0;0;0;0;0;0;0;0;0;0;0;0;0;0;0;0;0;0;0
La_conciergerie.txt;Database\Vada_database\La_conciergerie.txt;C:\Users\PC\Desktop\Project_Internship\Index_Insight\Database\Vada_database\La_conciergerie.txt;546;12;0.02197802;0;1;0;0;0;0;1;0;0;0;0;0;0;0;2;0;2;0;0;0;0;0;0;0;5;0;0;0;0;3;0;0;0;0;0;0;0;2;0;2;0;0;0;0;0;0;0;0;0;0;0;0;0;0;0;0;0;0;0;0;0;0;0;0;0;0;0;0;0
un_tiers_lieu_dans_mon_ehpad.txt;Database\cnsa_database\un_tiers_lieu_dans_mon_ehpad.txt;C:\Users\PC\Desktop\Project_Internship\Index_Insight\Database\cnsa_database\un_tiers_lieu_dans_mon_ehpad.txt;3226;71;0.02200868;0;0;0;0;2;0;0;0;0;1;0;5;2;42;0;0;1;0;0;0;0;0;0;0;0;0;0;6;0;0;0;0;3;0;15;2;42;0;0;1;0;0;0;0;0;0;0;0;0;0;0;0;0;0;0;0;0;0;0;2;0;0;0;0;0;0;0;0;0
Protéger les personnes âgées sans les isoler, le double défi des Ehpad.txt;Database\FdF_database\Protéger les personnes âgées sans les isoler, le double défi des Ehpad.txt;C:\Users\PC\Desktop\Project_Internship\Index_Insight\Database\FdF_database\Protéger les personnes âgées sans les isoler, le double défi des Ehpad.txt;2178;48;0.02203857;0;0;0;0;8;0;0;0;0;0;1;0;0;10;0;1;0;0;0;0;0;4;0;0;0;0;0;24;0;0;0;0;0;3;0;0;10;0;1;0;0;0;0;0;4;0;0;0;0;0;2;0;0;0;0;0;0;0;0;2;0;0;0;0;0;0;0;2;0
Centre_Communal_de_Sante_de_Saumur.txt;Database\Vada_database\Centre_Communal_de_Sante_de_Saumur.txt;C:\Users\PC\Desktop\Project_Internship\Index_Insight\Database\Vada_database\Centre_Communal_de_Sante_de_Saumur.txt;769;17;0.02210663;0;1;0;0;0;0;0;4;0;0;0;0;0;0;0;0;0;0;0;0;0;0;0;0;5;0;0;0;0;0;12;0;0;0;0;0;0;0;0;0;0;0;0;0;0;0;0;0;0;0;0;0;0;0;0;0;0;0;0;0;0;0;0;0;0;0;0;0;0
Champ_de_silex_et_coquelicots.txt;Database\Vada_database\Champ_de_silex_et_coquelicots.txt;C:\Users\PC\Desktop\Project_Internship\Index_Insight\Database\Vada_database\Champ_de_silex_et_coquelicots.txt;633;14;0.02211690;0;1;0;0;1;0;1;0;0;0;0;1;0;0;0;0;0;0;0;0;0;0;0;0;5;0;0;3;0;3;0;0;0;0;3;0;0;0;0;0;0;0;0;0;0;0;0;0;0;0;0;0;0;0;0;0;0;0;0;0;0;0;0;0;0;0;0;0;0
Cueillette_soliterre.txt;Database\Vada_database\Cueillette_soliterre.txt;C:\Users\PC\Desktop\Project_Internship\Index_Insight\Database\Vada_database\Cueillette_soliterre.txt;497;11;0.02213280;0;1;0;1;0;0;0;0;0;0;0;0;0;1;0;0;1;0;0;0;0;1;0;0;5;0;3;0;0;0;0;0;0;0;0;0;1;0;0;1;0;0;0;0;1;0;0;0;0;0;0;0;0;0;0;0;0;0;0;0;0;0;0;0;0;0;0;0;0
Le_plan_anti_solitude.txt;Database\Vada_database\Le_plan_anti_solitude.txt;C:\Users\PC\Desktop\Project_Internship\Index_Insight\Database\Vada_database\Le_plan_anti_solitude.txt;1084;24;0.02214022;0;1;0;1;0;0;0;0;0;1;1;0;1;0;1;0;1;0;0;0;0;7;0;0;5;0;3;0;0;0;0;0;3;3;0;1;0;1;0;1;0;0;0;0;7;0;0;0;0;0;0;0;0;0;0;0;0;0;0;0;0;0;0;0;0;0;0;0;0
Dispositif_Nice_actisante_un_parcours_medico-actif.txt;Database\Vada_database\Dispositif_Nice_actisante_un_parcours_medico-actif.txt;C:\Users\PC\Desktop\Project_Internship\Index_Insight\Database\Vada_database\Dispositif_Nice_actisante_un_parcours_medico-actif.txt;1080;24;0.02222222;0;1;0;0;0;0;6;0;0;0;0;0;0;0;0;0;1;0;0;0;0;0;0;0;5;0;0;0;0;18;0;0;0;0;0;0;0;0;0;1;0;0;0;0;0;0;0;0;0;0;0;0;0;0;0;0;0;0;0;0;0;0;0;0;0;0;0;0;0
programme_autonomie_2023.txt;Database\cnsa_database\programme_autonomie_2023.txt;C:\Users\PC\Desktop\Project_Internship\Index_Insight\Database\cnsa_database\programme_autonomie_2023.txt;1843;41;0.02224634;0;0;0;1;6;0;0;0;0;0;1;0;0;0;0;0;15;0;0;0;0;0;0;0;0;0;3;18;0;0;0;0;0;3;0;0;0;0;0;15;0;0;0;0;0;0;0;0;0;0;0;0;0;0;0;0;0;0;0;0;0;0;2;0;0;0;0;0;0
Un_projet_intergenerationnel_a_vivre_ensemble_la_colo.txt;Database\Vada_database\Un_projet_intergenerationnel_a_vivre_ensemble_la_colo.txt;C:\Users\PC\Desktop\Project_Internship\Index_Insight\Database\Vada_database\Un_projet_intergenerationnel_a_vivre_ensemble_la_colo.txt;579;13;0.02245250;0;1;0;0;0;0;0;0;0;0;0;2;0;0;0;0;0;0;0;0;0;0;0;0;5;0;0;0;0;0;0;0;0;0;6;0;0;0;0;0;0;0;0;0;0;0;0;0;0;0;0;0;0;0;0;0;0;2;0;0;0;0;0;0;0;0;0;0;0
ToujoursCitoyen_support_Fiche1.txt;Database\Fiches_actions_database\ToujoursCitoyen_support_Fiche1.txt;C:\Users\PC\Desktop\Project_Internship\Index_Insight\Database\Fiches_actions_database\ToujoursCitoyen_support_Fiche1.txt;534;12;0.02247191;0;0;0;0;0;0;1;0;0;0;0;0;0;6;1;0;0;2;0;0;0;0;0;0;0;0;0;0;0;3;0;0;0;0;0;0;6;1;0;0;2;0;0;0;0;0;0;0;0;0;0;0;0;0;0;0;0;0;0;0;0;0;0;0;0;0;0;0;0
Les_clowns_au_plus_pres_de_la_demence.txt;Database\Vada_database\Les_clowns_au_plus_pres_de_la_demence.txt;C:\Users\PC\Desktop\Project_Internship\Index_Insight\Database\Vada_database\Les_clowns_au_plus_pres_de_la_demence.txt;755;17;0.02251656;0;1;0;0;2;0;0;0;1;0;0;0;0;3;0;0;0;0;0;0;0;0;0;0;5;0;0;6;0;0;0;3;0;0;0;0;3;0;0;0;0;0;0;0;0;0;0;0;0;0;0;0;0;0;0;0;0;0;0;0;0;0;0;0;0;0;0;0;0
La_maison_Christophe_Merieux_un_symbole_du_vivre_ensemble.txt;Database\Vada_database\La_maison_Christophe_Merieux_un_symbole_du_vivre_ensemble.txt;C:\Users\PC\Desktop\Project_Internship\Index_Insight\Database\Vada_database\La_maison_Christophe_Merieux_un_symbole_du_vivre_ensemble.txt;1374;31;0.02256186;0;0;0;0;4;0;1;0;0;0;4;0;0;0;0;0;4;0;0;0;0;0;0;0;0;0;0;12;0;3;0;0;0;12;0;0;0;0;0;4;0;0;0;0;0;0;0;0;0;0;0;0;0;0;0;0;0;0;0;0;0;0;0;0;0;0;0;0;0
Le_beguinage_solidaire_dArles_concours.txt;Database\Vada_database\Le_beguinage_solidaire_dArles_concours.txt;C:\Users\PC\Desktop\Project_Internship\Index_Insight\Database\Vada_database\Le_beguinage_solidaire_dArles_concours.txt;884;20;0.02262443;0;0;0;1;2;0;0;2;0;0;0;0;2;1;0;0;1;0;0;0;0;1;0;0;0;0;3;6;0;0;6;0;0;0;0;2;1;0;0;1;0;0;0;0;1;0;0;0;0;0;0;0;0;0;0;0;0;0;0;0;0;0;0;0;0;0;0;0;0
À plus dans le bus ! A la rencontre des personnes âgées en milieu rural.txt;Database\FdF_database\À plus dans le bus ! A la rencontre des personnes âgées en milieu rural.txt;C:\Users\PC\Desktop\Project_Internship\Index_Insight\Database\FdF_database\À plus dans le bus ! A la rencontre des personnes âgées en milieu rural.txt;1811;41;0.02263943;0;0;0;0;8;0;3;0;0;0;0;0;0;0;1;0;1;0;0;0;0;4;0;0;0;0;0;24;0;9;0;0;0;0;0;0;0;1;0;1;0;0;0;0;4;0;0;0;0;0;2;0;0;0;0;0;0;0;0;0;0;0;0;0;0;0;0;0;0
Atelier_Djembe.txt;Database\Vada_database\Atelier_Djembe.txt;C:\Users\PC\Desktop\Project_Internship\Index_Insight\Database\Vada_database\Atelier_Djembe.txt;483;11;0.02277433;0;1;0;0;0;0;0;0;2;0;0;0;0;0;0;0;0;0;0;0;0;0;0;0;5;0;0;0;0;0;0;6;0;0;0;0;0;0;0;0;0;0;0;0;0;0;0;0;0;0;0;0;0;0;0;0;0;0;0;0;0;0;0;0;0;0;0;0;0
Un_groupe_dexperts_dusage_pour_lamelioration_du_cadre_de_vie.txt;Database\Vada_database\Un_groupe_dexperts_dusage_pour_lamelioration_du_cadre_de_vie.txt;C:\Users\PC\Desktop\Project_Internship\Index_Insight\Database\Vada_database\Un_groupe_dexperts_dusage_pour_lamelioration_du_cadre_de_vie.txt;744;17;0.02284946;0;1;0;0;1;0;1;2;0;0;0;0;0;0;0;0;0;0;0;0;0;0;0;0;5;0;0;3;0;3;6;0;0;0;0;0;0;0;0;0;0;0;0;0;0;0;0;0;0;0;0;0;0;0;0;0;0;0;0;0;0;0;0;0;0;0;0;0;0
Ateliers_mobilite_avoir_ensemble_les_bons_reflexes_pour_voyager.txt;Database\Vada_database\Ateliers_mobilite_avoir_ensemble_les_bons_reflexes_pour_voyager.txt;C:\Users\PC\Desktop\Project_Internship\Index_Insight\Database\Vada_database\Ateliers_mobilite_avoir_ensemble_les_bons_reflexes_pour_voyager.txt;1083;25;0.02308403;0;1;0;0;2;0;1;0;0;0;0;0;0;0;7;0;1;0;0;0;0;1;0;0;5;0;0;6;0;3;0;0;0;0;0;0;0;7;0;1;0;0;0;0;1;0;0;0;0;0;0;0;0;0;0;0;0;0;0;0;2;0;0;0;0;0;0;0;0
Port_des_roses.txt;Database\Vada_database\Port_des_roses.txt;C:\Users\PC\Desktop\Project_Internship\Index_Insight\Database\Vada_database\Port_des_roses.txt;736;17;0.02309783;0;2;0;0;0;0;0;0;0;0;1;0;0;1;2;0;1;0;0;0;0;0;0;0;10;0;0;0;0;0;0;0;0;3;0;0;1;2;0;1;0;0;0;0;0;0;0;0;0;0;0;0;0;0;0;0;0;0;0;0;0;0;0;0;0;0;0;0;0
L'été, période de vulnérabilité pour les personnes âgées.txt;Database\FdF_database\L'été, période de vulnérabilité pour les personnes âgées.txt;C:\Users\PC\Desktop\Project_Internship\Index_Insight\Database\FdF_database\L'été, période de vulnérabilité pour les personnes âgées.txt;2121;49;0.02310231;0;0;0;0;9;0;0;0;1;1;2;1;0;4;0;0;0;0;0;0;0;1;0;0;0;0;0;27;0;0;0;3;3;6;3;0;4;0;0;0;0;0;0;0;1;0;0;0;0;0;2;0;0;0;0;0;0;0;0;0;0;0;0;0;0;0;0;0;0
Carrousels.txt;Database\Vada_database\Carrousels.txt;C:\Users\PC\Desktop\Project_Internship\Index_Insight\Database\Vada_database\Carrousels.txt;865;20;0.02312139;0;0;0;0;0;0;6;0;0;0;0;0;0;0;0;0;0;0;0;0;0;2;0;0;0;0;0;0;0;18;0;0;0;0;0;0;0;0;0;0;0;0;0;0;2;0;0;0;0;0;0;0;0;0;0;0;0;0;0;0;0;0;0;0;0;0;0;0;0
Debout les Aînés une enquête pour améliorer la qualité de vie des séniors.txt;Database\FdF_database\Debout les Aînés une enquête pour améliorer la qualité de vie des séniors.txt;C:\Users\PC\Desktop\Project_Internship\Index_Insight\Database\FdF_database\Debout les Aînés une enquête pour améliorer la qualité de vie des séniors.txt;1945;45;0.02313625;0;0;0;1;3;0;6;0;1;0;2;0;0;0;0;0;0;1;0;0;0;3;0;0;0;0;3;9;0;18;0;3;0;6;0;0;0;0;0;0;1;0;0;0;3;0;0;0;0;0;0;0;2;0;0;0;0;0;0;0;0;0;0;0;0;0;0;0;0
A_Grenoble_citoyens_et_habitants_a_tout_age.txt;Database\Vada_database\A_Grenoble_citoyens_et_habitants_a_tout_age.txt;C:\Users\PC\Desktop\Project_Internship\Index_Insight\Database\Vada_database\A_Grenoble_citoyens_et_habitants_a_tout_age.txt;1426;33;0.02314165;0;2;0;0;1;0;0;0;1;0;5;0;0;0;0;0;0;0;0;0;0;0;0;0;10;0;0;3;0;0;0;3;0;15;0;0;0;0;0;0;0;0;0;0;0;0;0;0;0;0;0;0;0;0;0;0;2;0;0;0;0;0;0;0;0;0;0;0;0
Le_jardin_des_potes_ages.txt;Database\Vada_database\Le_jardin_des_potes_ages.txt;C:\Users\PC\Desktop\Project_Internship\Index_Insight\Database\Vada_database\Le_jardin_des_potes_ages.txt;821;19;0.02314251;0;0;0;0;0;0;0;0;0;0;0;4;0;7;0;0;0;0;0;0;0;0;0;0;0;0;0;0;0;0;0;0;0;0;12;0;7;0;0;0;0;0;0;0;0;0;0;0;0;0;0;0;0;0;0;0;0;0;0;0;0;0;0;0;0;0;0;0;0
Atelier_journal_entre_nous_pour_et_par_les_beneficiaires_du_pole_accueil_aidants_aides.txt;Database\Vada_database\Atelier_journal_entre_nous_pour_et_par_les_beneficiaires_du_pole_accueil_aidants_aides.txt;C:\Users\PC\Desktop\Project_Internship\Index_Insight\Database\Vada_database\Atelier_journal_entre_nous_pour_et_par_les_beneficiaires_du_pole_accueil_aidants_aides.txt;733;17;0.02319236;0;1;0;0;4;0;0;0;0;0;0;0;0;0;0;0;0;0;0;0;0;0;0;0;5;0;0;12;0;0;0;0;0;0;0;0;0;0;0;0;0;0;0;0;0;0;0;0;0;0;0;0;0;0;0;0;0;0;0;0;0;0;0;0;0;0;0;0;0
Tennis_de_table_aidantsaides.txt;Database\Vada_database\Tennis_de_table_aidantsaides.txt;C:\Users\PC\Desktop\Project_Internship\Index_Insight\Database\Vada_database\Tennis_de_table_aidantsaides.txt;388;9;0.02319588;0;1;0;0;0;0;0;0;0;0;0;0;0;0;0;0;0;0;0;0;0;2;2;0;5;0;0;0;0;0;0;0;0;0;0;0;0;0;0;0;0;0;0;0;2;2;0;0;0;0;0;0;0;0;0;0;0;0;0;0;0;0;0;0;0;0;0;0;0
Associations_Maison_des_Sages.txt;Database\Vada_database\Associations_Maison_des_Sages.txt;C:\Users\PC\Desktop\Project_Internship\Index_Insight\Database\Vada_database\Associations_Maison_des_Sages.txt;688;16;0.02325581;0;0;0;0;4;0;0;0;0;0;0;0;0;1;0;0;1;0;0;0;0;2;0;0;0;0;0;12;0;0;0;0;0;0;0;0;1;0;0;1;0;0;0;0;2;0;0;0;0;0;0;0;0;0;0;0;0;0;0;0;0;0;0;0;0;0;0;0;0
PAPS_-_programme_activites_prevention_sante.txt;Database\Vada_database\PAPS_-_programme_activites_prevention_sante.txt;C:\Users\PC\Desktop\Project_Internship\Index_Insight\Database\Vada_database\PAPS_-_programme_activites_prevention_sante.txt;773;18;0.02328590;0;1;0;0;1;0;2;0;0;0;0;0;0;2;0;0;1;0;0;0;0;1;0;0;5;0;0;3;0;6;0;0;0;0;0;0;2;0;0;1;0;0;0;0;1;0;0;0;0;0;0;0;0;0;0;0;0;0;0;0;0;0;0;0;0;0;0;0;0
Un_projet_dhabitat_interge_solidaire_et_participatif.txt;Database\Vada_database\Un_projet_dhabitat_interge_solidaire_et_participatif.txt;C:\Users\PC\Desktop\Project_Internship\Index_Insight\Database\Vada_database\Un_projet_dhabitat_interge_solidaire_et_participatif.txt;1456;34;0.02335165;0;1;0;0;4;0;1;0;1;0;1;1;1;0;1;0;2;0;0;0;0;1;0;0;5;0;0;12;0;3;0;3;0;3;3;1;0;1;0;2;0;0;0;0;1;0;0;0;0;0;0;0;0;0;0;0;0;0;0;0;0;0;0;0;0;0;0;0;0
Les_cfes_connectes.txt;Database\Vada_database\Les_cfes_connectes.txt;C:\Users\PC\Desktop\Project_Internship\Index_Insight\Database\Vada_database\Les_cfes_connectes.txt;973;23;0.02363823;0;0;0;0;6;0;1;0;0;0;0;0;0;0;0;0;2;0;0;0;0;0;0;0;0;0;0;18;0;3;0;0;0;0;0;0;0;0;0;2;0;0;0;0;0;0;0;0;0;0;0;0;0;0;0;0;0;0;0;0;0;0;0;0;0;0;0;0;0
Boites_durgences.txt;Database\Vada_database\Boites_durgences.txt;C:\Users\PC\Desktop\Project_Internship\Index_Insight\Database\Vada_database\Boites_durgences.txt;885;21;0.02372881;0;1;0;0;3;0;1;0;0;0;0;0;0;0;0;0;4;0;0;0;0;0;0;0;5;0;0;9;0;3;0;0;0;0;0;0;0;0;0;4;0;0;0;0;0;0;0;0;0;0;0;0;0;0;0;0;0;0;0;0;0;0;0;0;0;0;0;0;0
Pensions_Quartier.txt;Database\Vada_database\Pensions_Quartier.txt;C:\Users\PC\Desktop\Project_Internship\Index_Insight\Database\Vada_database\Pensions_Quartier.txt;927;22;0.02373247;0;1;0;0;2;0;2;0;0;0;1;0;0;0;0;0;0;0;0;0;0;2;0;0;5;0;0;6;0;6;0;0;0;3;0;0;0;0;0;0;0;0;0;0;2;0;0;0;0;0;0;0;0;0;0;0;0;0;0;0;0;0;0;0;0;0;0;0;0
Ma_maison_Avenir.txt;Database\Vada_database\Ma_maison_Avenir.txt;C:\Users\PC\Desktop\Project_Internship\Index_Insight\Database\Vada_database\Ma_maison_Avenir.txt;842;20;0.02375297;0;0;0;0;4;0;1;0;1;0;0;0;1;0;0;0;1;0;0;0;0;0;0;0;0;0;0;12;0;3;0;3;0;0;0;1;0;0;0;1;0;0;0;0;0;0;0;0;0;0;0;0;0;0;0;0;0;0;0;0;0;0;0;0;0;0;0;0;0
Creer_un_outil_de_financement_du_maintien_a_domicile_22.txt;Database\Vada_database\Creer_un_outil_de_financement_du_maintien_a_domicile_22.txt;C:\Users\PC\Desktop\Project_Internship\Index_Insight\Database\Vada_database\Creer_un_outil_de_financement_du_maintien_a_domicile_22.txt;884;21;0.02375566;0;0;0;0;4;0;2;0;0;0;0;0;0;0;0;0;2;0;0;0;0;1;0;0;0;0;0;12;0;6;0;0;0;0;0;0;0;0;0;2;0;0;0;0;1;0;0;0;0;0;0;0;0;0;0;0;0;0;0;0;0;0;0;0;0;0;0;0;0
Vivre le grand âge cap sur l'innovation.txt;Database\FdF_database\Vivre le grand âge cap sur l'innovation.txt;C:\Users\PC\Desktop\Project_Internship\Index_Insight\Database\FdF_database\Vivre le grand âge cap sur l'innovation.txt;2314;55;0.02376837;0;0;0;0;8;0;0;0;0;0;9;0;0;1;0;1;0;0;0;0;0;0;0;0;0;0;0;24;0;0;0;0;0;27;0;0;1;0;1;0;0;0;0;0;0;0;0;0;0;0;0;0;0;0;0;0;2;0;0;0;0;0;0;0;0;0;0;0;0
Modernisation_de_leclairage_public_a_Vaucouleurs.txt;Database\Vada_database\Modernisation_de_leclairage_public_a_Vaucouleurs.txt;C:\Users\PC\Desktop\Project_Internship\Index_Insight\Database\Vada_database\Modernisation_de_leclairage_public_a_Vaucouleurs.txt;458;11;0.02401747;0;1;0;0;1;0;1;0;0;0;0;0;0;0;0;0;0;0;0;0;0;0;0;0;5;0;0;3;0;3;0;0;0;0;0;0;0;0;0;0;0;0;0;0;0;0;0;0;0;0;0;0;0;0;0;0;0;0;0;0;0;0;0;0;0;0;0;0;0
LA_VIE_A_LA_FERME_DHIER_A_AUJOURDHUI.txt;Database\Vada_database\LA_VIE_A_LA_FERME_DHIER_A_AUJOURDHUI.txt;C:\Users\PC\Desktop\Project_Internship\Index_Insight\Database\Vada_database\LA_VIE_A_LA_FERME_DHIER_A_AUJOURDHUI.txt;706;17;0.02407932;0;1;0;0;0;0;2;1;0;0;0;1;0;0;0;0;0;0;0;0;0;0;0;0;5;0;0;0;0;6;3;0;0;0;3;0;0;0;0;0;0;0;0;0;0;0;0;0;0;0;0;0;0;0;0;0;0;0;0;0;0;0;0;0;0;0;0;0;0
Metz_en_joelettes.txt;Database\Vada_database\Metz_en_joelettes.txt;C:\Users\PC\Desktop\Project_Internship\Index_Insight\Database\Vada_database\Metz_en_joelettes.txt;1079;26;0.02409639;0;1;0;0;2;0;2;0;0;0;0;0;0;0;6;0;2;1;0;0;0;0;0;0;5;0;0;6;0;6;0;0;0;0;0;0;0;6;0;2;1;0;0;0;0;0;0;0;0;0;0;0;0;0;0;0;0;0;0;0;0;0;0;0;0;0;0;0;0
25_MIEUX_VIVRE_AU_QUOTIDIEN_A_VEC_LES_MEDICAMENTS.txt;Database\Cnav_database\25_MIEUX_VIVRE_AU_QUOTIDIEN_A_VEC_LES_MEDICAMENTS.txt;C:\Users\PC\Desktop\Project_Internship\Index_Insight\Database\Cnav_database\25_MIEUX_VIVRE_AU_QUOTIDIEN_A_VEC_LES_MEDICAMENTS.txt;498;12;0.02409639;0;0;0;0;0;0;1;2;0;1;0;0;0;0;0;0;0;0;0;0;0;0;0;0;0;0;0;0;0;3;6;0;3;0;0;0;0;0;0;0;0;0;0;0;0;0;0;0;0;0;0;0;0;0;0;0;0;0;0;0;0;0;0;0;0;0;0;0;0
Viens_je_temmene_danser.txt;Database\Vada_database\Viens_je_temmene_danser.txt;C:\Users\PC\Desktop\Project_Internship\Index_Insight\Database\Vada_database\Viens_je_temmene_danser.txt;373;9;0.02412869;0;1;0;0;1;0;0;0;0;0;0;0;0;0;0;0;0;0;0;0;0;1;0;0;5;0;0;3;0;0;0;0;0;0;0;0;0;0;0;0;0;0;0;0;1;0;0;0;0;0;0;0;0;0;0;0;0;0;0;0;0;0;0;0;0;0;0;0;0
FicheAction1_Ostricourt_VF.txt;Database\Fiches_actions_database\FicheAction1_Ostricourt_VF.txt;C:\Users\PC\Desktop\Project_Internship\Index_Insight\Database\Fiches_actions_database\FicheAction1_Ostricourt_VF.txt;497;12;0.02414487;0;0;0;0;2;0;0;0;0;0;1;0;0;0;1;0;0;1;0;0;0;1;0;0;0;0;0;6;0;0;0;0;0;3;0;0;0;1;0;0;1;0;0;0;1;0;0;0;0;0;0;0;0;0;0;0;0;0;0;0;0;0;0;0;0;0;0;0;0
18_ATELIER_HABITAT_LES_CLEFS_DE_MA_SANTE.txt;Database\Cnav_database\18_ATELIER_HABITAT_LES_CLEFS_DE_MA_SANTE.txt;C:\Users\PC\Desktop\Project_Internship\Index_Insight\Database\Cnav_database\18_ATELIER_HABITAT_LES_CLEFS_DE_MA_SANTE.txt;248;6;0.02419355;0;0;0;0;0;0;1;1;0;0;0;0;0;0;0;0;0;0;0;0;0;0;0;0;0;0;0;0;0;3;3;0;0;0;0;0;0;0;0;0;0;0;0;0;0;0;0;0;0;0;0;0;0;0;0;0;0;0;0;0;0;0;0;0;0;0;0;0;0
Ladaptation_intergenerationnelle_du_spectacle_retro_ma_non_troppo.txt;Database\Vada_database\Ladaptation_intergenerationnelle_du_spectacle_retro_ma_non_troppo.txt;C:\Users\PC\Desktop\Project_Internship\Index_Insight\Database\Vada_database\Ladaptation_intergenerationnelle_du_spectacle_retro_ma_non_troppo.txt;576;14;0.02430556;0;1;0;1;0;0;0;0;0;1;0;1;0;0;0;0;0;0;0;0;0;0;0;0;5;0;3;0;0;0;0;0;3;0;3;0;0;0;0;0;0;0;0;0;0;0;0;0;0;0;0;0;0;0;0;0;0;0;0;0;0;0;0;0;0;0;0;0;0
La_cite_des_aines.txt;Database\Vada_database\La_cite_des_aines.txt;C:\Users\PC\Desktop\Project_Internship\Index_Insight\Database\Vada_database\La_cite_des_aines.txt;779;19;0.02439024;0;1;0;0;3;0;0;0;0;1;0;0;0;0;0;1;1;0;0;0;0;0;0;0;5;0;0;9;0;0;0;0;3;0;0;0;0;0;1;1;0;0;0;0;0;0;0;0;0;0;0;0;0;0;0;0;0;0;0;0;0;0;0;0;0;0;0;0;0
Velo_cognitif.txt;Database\Vada_database\Velo_cognitif.txt;C:\Users\PC\Desktop\Project_Internship\Index_Insight\Database\Vada_database\Velo_cognitif.txt;328;8;0.02439024;0;1;0;0;0;0;0;0;0;0;0;0;0;0;0;0;3;0;0;0;0;0;0;0;5;0;0;0;0;0;0;0;0;0;0;0;0;0;0;3;0;0;0;0;0;0;0;0;0;0;0;0;0;0;0;0;0;0;0;0;0;0;0;0;0;0;0;0;0
De_la_culture_pour_favoriser_le_bien_etre_Yvelines_Musees_Solidaires.txt;Database\Vada_database\De_la_culture_pour_favoriser_le_bien_etre_Yvelines_Musees_Solidaires.txt;C:\Users\PC\Desktop\Project_Internship\Index_Insight\Database\Vada_database\De_la_culture_pour_favoriser_le_bien_etre_Yvelines_Musees_Solidaires.txt;737;18;0.02442334;0;1;1;0;0;0;1;0;0;0;1;0;0;0;0;0;2;0;0;0;0;0;0;0;5;5;0;0;0;3;0;0;0;3;0;0;0;0;0;2;0;0;0;0;0;0;0;0;0;0;0;0;0;0;0;0;0;0;0;0;0;0;0;0;0;0;0;0;0
Creation_dun_conseil_des_sages.txt;Database\Vada_database\Creation_dun_conseil_des_sages.txt;C:\Users\PC\Desktop\Project_Internship\Index_Insight\Database\Vada_database\Creation_dun_conseil_des_sages.txt;898;22;0.02449889;0;0;0;0;1;0;4;0;0;0;2;0;0;1;0;0;0;0;0;0;0;0;0;0;0;0;0;3;0;12;0;0;0;6;0;0;1;0;0;0;0;0;0;0;0;0;0;0;0;0;0;0;0;0;0;0;0;0;0;0;0;0;0;0;0;0;0;0;0
FicheAction4_Barlin_vf.txt;Database\Fiches_actions_database\FicheAction4_Barlin_vf.txt;C:\Users\PC\Desktop\Project_Internship\Index_Insight\Database\Fiches_actions_database\FicheAction4_Barlin_vf.txt;530;13;0.02452830;0;0;0;0;0;2;0;1;0;0;1;0;0;0;0;0;0;1;0;0;0;0;0;0;0;0;0;0;6;0;3;0;0;3;0;0;0;0;0;0;1;0;0;0;0;0;0;0;0;0;0;0;0;0;0;0;0;0;0;0;0;0;0;0;0;0;0;0;0
Exposition_de_visages.txt;Database\Vada_database\Exposition_de_visages.txt;C:\Users\PC\Desktop\Project_Internship\Index_Insight\Database\Vada_database\Exposition_de_visages.txt;608;15;0.02467105;0;0;0;1;4;0;0;0;0;0;0;0;0;0;0;0;0;0;0;0;0;0;0;0;0;0;3;12;0;0;0;0;0;0;0;0;0;0;0;0;0;0;0;0;0;0;0;0;0;0;0;0;0;0;0;0;0;0;0;0;0;0;0;0;0;0;0;0;0
Fiche2-habitat.txt;Database\Fiches_actions_database\Fiche2-habitat.txt;C:\Users\PC\Desktop\Project_Internship\Index_Insight\Database\Fiches_actions_database\Fiche2-habitat.txt;243;6;0.02469136;0;0;0;0;0;0;0;1;0;0;1;0;0;0;0;0;0;0;0;0;0;0;0;0;0;0;0;0;0;0;3;0;0;3;0;0;0;0;0;0;0;0;0;0;0;0;0;0;0;0;0;0;0;0;0;0;0;0;0;0;0;0;0;0;0;0;0;0;0
Renforcer_son_offre_culturelle.txt;Database\Vada_database\Renforcer_son_offre_culturelle.txt;C:\Users\PC\Desktop\Project_Internship\Index_Insight\Database\Vada_database\Renforcer_son_offre_culturelle.txt;768;19;0.02473958;0;1;0;0;0;0;3;1;0;0;0;0;0;0;1;0;0;0;0;0;0;1;0;0;5;0;0;0;0;9;3;0;0;0;0;0;0;1;0;0;0;0;0;0;1;0;0;0;0;0;0;0;0;0;0;0;0;0;0;0;0;0;0;0;0;0;0;0;0
Plateforme_daccueil_decoute_et_de_services.txt;Database\Vada_database\Plateforme_daccueil_decoute_et_de_services.txt;C:\Users\PC\Desktop\Project_Internship\Index_Insight\Database\Vada_database\Plateforme_daccueil_decoute_et_de_services.txt;848;21;0.02476415;0;1;0;0;0;0;2;0;0;0;0;0;0;1;0;0;4;0;0;1;0;4;0;0;5;0;0;0;0;6;0;0;0;0;0;0;1;0;0;4;0;0;1;0;4;0;0;0;0;0;0;0;0;0;0;0;0;0;0;0;0;0;0;0;0;0;0;0;0
Cepage_Coordination_dequipe_interdisciplinaire_pour_un_plan_daide_gerontologique.txt;Database\Vada_database\Cepage_Coordination_dequipe_interdisciplinaire_pour_un_plan_daide_gerontologique.txt;C:\Users\PC\Desktop\Project_Internship\Index_Insight\Database\Vada_database\Cepage_Coordination_dequipe_interdisciplinaire_pour_un_plan_daide_gerontologique.txt;921;23;0.02497286;0;1;0;1;4;0;0;1;0;0;0;0;0;0;0;0;0;0;0;0;0;0;0;0;5;0;3;12;0;0;3;0;0;0;0;0;0;0;0;0;0;0;0;0;0;0;0;0;0;0;0;0;0;0;0;0;0;0;0;0;0;0;0;0;0;0;0;0;0
En région Nord, aux côtés des personnes âgées.txt;Database\FdF_database\En région Nord, aux côtés des personnes âgées.txt;C:\Users\PC\Desktop\Project_Internship\Index_Insight\Database\FdF_database\En région Nord, aux côtés des personnes âgées.txt;2079;52;0.02501203;0;0;0;0;12;0;1;0;0;0;1;0;0;2;0;0;1;0;0;1;0;4;0;0;0;0;0;36;0;3;0;0;0;3;0;0;2;0;0;1;0;0;1;0;4;0;0;0;0;0;2;0;0;0;0;0;0;0;0;0;0;0;0;0;0;0;0;0;0
Sortie_speciale_seniors_dejeuner-croisiere.txt;Database\Vada_database\Sortie_speciale_seniors_dejeuner-croisiere.txt;C:\Users\PC\Desktop\Project_Internship\Index_Insight\Database\Vada_database\Sortie_speciale_seniors_dejeuner-croisiere.txt;1194;30;0.02512563;0;1;0;0;0;0;5;0;0;0;2;0;0;1;0;0;0;0;0;0;0;1;0;0;5;0;0;0;0;15;0;0;0;6;0;0;1;0;0;0;0;0;0;0;1;0;0;0;0;0;0;0;2;0;0;0;0;0;0;0;0;0;0;0;0;0;0;0;0
la_Journee_des_Aidants.txt;Database\Vada_database\la_Journee_des_Aidants.txt;C:\Users\PC\Desktop\Project_Internship\Index_Insight\Database\Vada_database\la_Journee_des_Aidants.txt;991;25;0.02522704;0;1;0;0;0;0;2;0;0;0;0;0;0;1;0;0;3;0;0;0;0;1;9;0;5;0;0;0;0;6;0;0;0;0;0;0;1;0;0;3;0;0;0;0;1;9;0;0;0;0;0;0;0;0;0;0;0;0;0;0;0;0;0;0;0;0;0;0;0
Mise_en_place_des_guichets_integres_MAIA.txt;Database\Vada_database\Mise_en_place_des_guichets_integres_MAIA.txt;C:\Users\PC\Desktop\Project_Internship\Index_Insight\Database\Vada_database\Mise_en_place_des_guichets_integres_MAIA.txt;911;23;0.02524698;0;1;0;0;5;0;0;0;0;0;1;0;0;0;0;0;0;0;0;0;0;0;0;0;5;0;0;15;0;0;0;0;0;3;0;0;0;0;0;0;0;0;0;0;0;0;0;0;0;0;0;0;0;0;0;0;0;0;0;0;0;0;0;0;0;0;0;0;0
Bien_dans_sa_tete_bien_dans_son_corps.txt;Database\Vada_database\Bien_dans_sa_tete_bien_dans_son_corps.txt;C:\Users\PC\Desktop\Project_Internship\Index_Insight\Database\Vada_database\Bien_dans_sa_tete_bien_dans_son_corps.txt;831;21;0.02527076;0;1;0;0;0;0;1;0;1;0;0;1;0;0;0;4;3;0;0;0;0;0;0;0;5;0;0;0;0;3;0;3;0;0;3;0;0;0;4;3;0;0;0;0;0;0;0;0;0;0;0;0;0;0;0;0;0;0;0;0;0;0;0;0;0;0;0;0;0
La situation des familles, des enfants et des pers.txt;Database\Hcfea_database\La situation des familles, des enfants et des pers.txt;C:\Users\PC\Desktop\Project_Internship\Index_Insight\Database\Hcfea_database\La situation des familles, des enfants et des pers.txt;3006;76;0.02528277;0;0;0;0;12;0;0;0;0;0;8;0;0;2;0;0;12;0;0;0;0;2;0;0;0;0;0;36;0;0;0;0;0;24;0;0;2;0;0;12;0;0;0;0;2;0;0;0;0;0;0;0;0;0;0;0;0;0;0;0;0;0;0;0;0;0;0;0;0
Atelier_floral.txt;Database\Vada_database\Atelier_floral.txt;C:\Users\PC\Desktop\Project_Internship\Index_Insight\Database\Vada_database\Atelier_floral.txt;591;15;0.02538071;0;1;0;0;0;0;3;0;0;0;0;0;0;0;0;0;0;0;0;0;0;1;0;0;5;0;0;0;0;9;0;0;0;0;0;0;0;0;0;0;0;0;0;0;1;0;0;0;0;0;0;0;0;0;0;0;0;0;0;0;0;0;0;0;0;0;0;0;0
Dispositif_sport-sante_sur_ordonnance.txt;Database\Vada_database\Dispositif_sport-sante_sur_ordonnance.txt;C:\Users\PC\Desktop\Project_Internship\Index_Insight\Database\Vada_database\Dispositif_sport-sante_sur_ordonnance.txt;1096;28;0.02554745;0;1;0;0;0;0;5;0;0;0;1;0;0;0;0;0;5;0;0;0;0;0;0;0;5;0;0;0;0;15;0;0;0;3;0;0;0;0;0;5;0;0;0;0;0;0;0;0;0;0;0;0;0;0;0;0;0;0;0;0;0;0;0;0;0;0;0;0;0
Bib_a_Dom_un_service_de_portage_de_livres_a_domicile.txt;Database\Vada_database\Bib_a_Dom_un_service_de_portage_de_livres_a_domicile.txt;C:\Users\PC\Desktop\Project_Internship\Index_Insight\Database\Vada_database\Bib_a_Dom_un_service_de_portage_de_livres_a_domicile.txt;1055;27;0.02559242;0;1;0;0;1;0;2;0;2;1;0;0;1;0;0;0;0;1;0;0;0;2;0;0;5;0;0;3;0;6;0;6;3;0;0;1;0;0;0;0;1;0;0;0;2;0;0;0;0;0;0;0;0;0;0;0;0;0;0;0;0;0;0;0;0;0;0;0;0
Une_navette_PMR_pour_les_plus_de_60_ans.txt;Database\Vada_database\Une_navette_PMR_pour_les_plus_de_60_ans.txt;C:\Users\PC\Desktop\Project_Internship\Index_Insight\Database\Vada_database\Une_navette_PMR_pour_les_plus_de_60_ans.txt;543;14;0.02578269;0;1;1;0;0;0;0;0;0;0;0;0;0;0;1;0;3;0;0;0;0;0;0;0;5;5;0;0;0;0;0;0;0;0;0;0;0;1;0;3;0;0;0;0;0;0;0;0;0;0;0;0;0;0;0;0;0;0;0;0;0;0;0;0;0;0;0;0;0
Service_de_transport_a_la_demande_Avel_TAD.txt;Database\Vada_database\Service_de_transport_a_la_demande_Avel_TAD.txt;C:\Users\PC\Desktop\Project_Internship\Index_Insight\Database\Vada_database\Service_de_transport_a_la_demande_Avel_TAD.txt;620;16;0.02580645;0;1;0;0;1;0;0;0;0;0;0;0;0;1;3;0;1;0;0;0;0;3;0;0;5;0;0;3;0;0;0;0;0;0;0;0;1;3;0;1;0;0;0;0;3;0;0;0;0;0;0;0;0;0;0;0;0;0;0;0;0;0;0;0;0;0;0;0;0
Le_Service_Sanitaire_des_Etudiants_en_Sante.txt;Database\Vada_database\Le_Service_Sanitaire_des_Etudiants_en_Sante.txt;C:\Users\PC\Desktop\Project_Internship\Index_Insight\Database\Vada_database\Le_Service_Sanitaire_des_Etudiants_en_Sante.txt;890;23;0.02584270;0;1;0;0;0;0;5;0;0;0;0;0;0;1;0;0;2;0;0;0;0;0;0;0;5;0;0;0;0;15;0;0;0;0;0;0;1;0;0;2;0;0;0;0;0;0;0;0;0;0;0;0;0;0;0;0;0;0;0;0;0;0;0;0;0;0;0;0;0
Maison_des_aidants.txt;Database\Vada_database\Maison_des_aidants.txt;C:\Users\PC\Desktop\Project_Internship\Index_Insight\Database\Vada_database\Maison_des_aidants.txt;735;19;0.02585034;0;1;0;0;0;0;0;0;0;3;1;0;0;0;0;0;1;0;0;0;0;0;1;0;5;0;0;0;0;0;0;0;9;3;0;0;0;0;0;1;0;0;0;0;0;1;0;0;0;0;0;0;0;0;0;0;0;0;0;0;0;0;0;0;0;0;0;0;0
Logements_intergenerationnels_dans_les_residences_autonomie_du_CCAS_de_Besancon.txt;Database\Vada_database\Logements_intergenerationnels_dans_les_residences_autonomie_du_CCAS_de_Besancon.txt;C:\Users\PC\Desktop\Project_Internship\Index_Insight\Database\Vada_database\Logements_intergenerationnels_dans_les_residences_autonomie_du_CCAS_de_Besancon.txt;927;24;0.02588997;0;0;0;1;1;0;2;0;0;0;0;1;0;1;0;0;6;0;0;0;0;0;0;0;0;0;3;3;0;6;0;0;0;0;3;0;1;0;0;6;0;0;0;0;0;0;0;0;0;0;0;0;0;0;0;0;0;0;0;0;0;0;2;0;0;0;0;0;0
Mise_en_oeuvre_du_dispositif_de_lheure_civique.txt;Database\Vada_database\Mise_en_oeuvre_du_dispositif_de_lheure_civique.txt;C:\Users\PC\Desktop\Project_Internship\Index_Insight\Database\Vada_database\Mise_en_oeuvre_du_dispositif_de_lheure_civique.txt;733;19;0.02592087;0;2;0;0;0;0;2;0;0;0;0;0;0;2;0;0;0;1;0;0;0;0;0;0;10;0;0;0;0;6;0;0;0;0;0;0;2;0;0;0;1;0;0;0;0;0;0;0;0;0;0;0;0;0;0;0;0;0;0;0;0;0;0;0;0;0;0;0;0
Les_jardins_de_Saint-Quentin.txt;Database\Vada_database\Les_jardins_de_Saint-Quentin.txt;C:\Users\PC\Desktop\Project_Internship\Index_Insight\Database\Vada_database\Les_jardins_de_Saint-Quentin.txt;1113;29;0.02605571;0;1;0;0;0;0;4;0;0;0;1;0;0;8;0;0;0;1;0;0;0;0;0;0;5;0;0;0;0;12;0;0;0;3;0;0;8;0;0;0;1;0;0;0;0;0;0;0;0;0;0;0;0;0;0;0;0;0;0;0;0;0;0;0;0;0;0;0;0
Intervention_dergotherapeutes_a_domicile_aupres_des_personnes_de_60_ans_et_plus.txt;Database\Vada_database\Intervention_dergotherapeutes_a_domicile_aupres_des_personnes_de_60_ans_et_plus.txt;C:\Users\PC\Desktop\Project_Internship\Index_Insight\Database\Vada_database\Intervention_dergotherapeutes_a_domicile_aupres_des_personnes_de_60_ans_et_plus.txt;766;20;0.02610966;0;1;0;0;3;0;0;0;0;0;0;0;0;0;0;0;5;0;0;0;0;0;1;0;5;0;0;9;0;0;0;0;0;0;0;0;0;0;0;5;0;0;0;0;0;1;0;0;0;0;0;0;0;0;0;0;0;0;0;0;0;0;0;0;0;0;0;0;0
Un_cafe_des_aidants_de_personnes_malades_dalzheimer.txt;Database\Vada_database\Un_cafe_des_aidants_de_personnes_malades_dalzheimer.txt;C:\Users\PC\Desktop\Project_Internship\Index_Insight\Database\Vada_database\Un_cafe_des_aidants_de_personnes_malades_dalzheimer.txt;995;26;0.02613065;0;1;0;0;0;0;5;0;0;0;0;0;0;0;0;0;2;0;0;0;0;1;3;0;5;0;0;0;0;15;0;0;0;0;0;0;0;0;0;2;0;0;0;0;1;3;0;0;0;0;0;0;0;0;0;0;0;0;0;0;0;0;0;0;0;0;0;0;0
Association_a_vos_soins_-_larbre_aux_sens.txt;Database\Vada_database\Association_a_vos_soins_-_larbre_aux_sens.txt;C:\Users\PC\Desktop\Project_Internship\Index_Insight\Database\Vada_database\Association_a_vos_soins_-_larbre_aux_sens.txt;1146;30;0.02617801;0;1;0;0;0;0;3;0;1;0;2;0;0;1;2;0;3;0;0;0;0;1;0;0;5;0;0;0;0;9;0;3;0;6;0;0;1;2;0;3;0;0;0;0;1;0;0;0;0;0;0;0;0;0;0;0;0;0;0;0;0;0;0;0;0;0;0;0;0
Une_fresque_pour_partager_ses_mots_et_ses_maux.txt;Database\Vada_database\Une_fresque_pour_partager_ses_mots_et_ses_maux.txt;C:\Users\PC\Desktop\Project_Internship\Index_Insight\Database\Vada_database\Une_fresque_pour_partager_ses_mots_et_ses_maux.txt;764;20;0.02617801;0;1;0;0;5;0;0;0;0;0;0;0;0;0;0;0;0;0;0;0;0;0;0;0;5;0;0;15;0;0;0;0;0;0;0;0;0;0;0;0;0;0;0;0;0;0;0;0;0;0;0;0;0;0;0;0;0;0;0;0;0;0;0;0;0;0;0;0;0
Longe-cote_a_Saint-Malo_une_pratique_innovante_et_bonne_pour_la_sante.txt;Database\Vada_database\Longe-cote_a_Saint-Malo_une_pratique_innovante_et_bonne_pour_la_sante.txt;C:\Users\PC\Desktop\Project_Internship\Index_Insight\Database\Vada_database\Longe-cote_a_Saint-Malo_une_pratique_innovante_et_bonne_pour_la_sante.txt;878;23;0.02619590;0;1;0;0;0;0;4;0;0;1;1;0;0;0;0;0;0;0;0;0;0;0;0;0;5;0;0;0;0;12;0;0;3;3;0;0;0;0;0;0;0;0;0;0;0;0;0;0;0;0;0;0;0;0;0;0;0;0;0;0;0;0;0;0;0;0;0;0;0
Allo_Bonjour_un_appel_quotidien_pour_lutter_contre_lisolement.txt;Database\Vada_database\Allo_Bonjour_un_appel_quotidien_pour_lutter_contre_lisolement.txt;C:\Users\PC\Desktop\Project_Internship\Index_Insight\Database\Vada_database\Allo_Bonjour_un_appel_quotidien_pour_lutter_contre_lisolement.txt;763;20;0.02621232;0;1;0;0;1;0;1;0;1;0;0;0;0;0;0;0;0;0;0;0;0;6;0;0;5;0;0;3;0;3;0;3;0;0;0;0;0;0;0;0;0;0;0;0;6;0;0;0;0;0;0;0;0;0;0;0;0;0;0;0;0;0;0;0;0;0;0;0;0
Projet_estime_de_soi.txt;Database\Vada_database\Projet_estime_de_soi.txt;C:\Users\PC\Desktop\Project_Internship\Index_Insight\Database\Vada_database\Projet_estime_de_soi.txt;685;18;0.02627737;0;1;0;0;0;0;4;0;0;0;0;0;0;0;0;0;1;0;0;0;0;0;0;0;5;0;0;0;0;12;0;0;0;0;0;0;0;0;0;1;0;0;0;0;0;0;0;0;0;0;0;0;0;0;0;0;0;0;0;0;0;0;0;0;0;0;0;0;0
Des_marches_exploratoires_avec_les_aines.txt;Database\Vada_database\Des_marches_exploratoires_avec_les_aines.txt;C:\Users\PC\Desktop\Project_Internship\Index_Insight\Database\Vada_database\Des_marches_exploratoires_avec_les_aines.txt;1216;32;0.02631579;0;2;0;0;4;0;1;0;0;0;0;0;0;0;7;0;0;0;0;0;0;0;0;0;10;0;0;12;0;3;0;0;0;0;0;0;0;7;0;0;0;0;0;0;0;0;0;0;0;0;0;0;0;0;0;0;0;0;0;0;0;0;0;0;0;0;0;0;0
Repas_des_aines.txt;Database\Vada_database\Repas_des_aines.txt;C:\Users\PC\Desktop\Project_Internship\Index_Insight\Database\Vada_database\Repas_des_aines.txt;417;11;0.02637890;0;1;0;0;0;0;0;0;0;0;1;1;0;0;0;0;0;0;0;0;0;0;0;0;5;0;0;0;0;0;0;0;0;3;3;0;0;0;0;0;0;0;0;0;0;0;0;0;0;0;0;0;0;0;0;0;0;0;0;0;0;0;0;0;0;0;0;0;0
programme_autonomie_2021.txt;Database\cnsa_database\programme_autonomie_2021.txt;C:\Users\PC\Desktop\Project_Internship\Index_Insight\Database\cnsa_database\programme_autonomie_2021.txt;1133;30;0.02647838;0;0;0;0;6;0;0;0;0;0;0;0;0;1;0;0;8;0;0;0;0;0;1;0;0;0;0;18;0;0;0;0;0;0;0;0;1;0;0;8;0;0;0;0;0;1;0;0;0;0;0;0;0;0;0;0;0;0;0;0;0;0;2;0;0;0;0;0;0
Aide_aux_petits_travaux.txt;Database\Vada_database\Aide_aux_petits_travaux.txt;C:\Users\PC\Desktop\Project_Internship\Index_Insight\Database\Vada_database\Aide_aux_petits_travaux.txt;566;15;0.02650177;0;1;0;0;3;0;0;0;0;0;0;0;0;0;0;0;0;0;0;0;0;1;0;0;5;0;0;9;0;0;0;0;0;0;0;0;0;0;0;0;0;0;0;0;1;0;0;0;0;0;0;0;0;0;0;0;0;0;0;0;0;0;0;0;0;0;0;0;0
Promenades_a_Saint-Sebastien-sur-Loire.txt;Database\Vada_database\Promenades_a_Saint-Sebastien-sur-Loire.txt;C:\Users\PC\Desktop\Project_Internship\Index_Insight\Database\Vada_database\Promenades_a_Saint-Sebastien-sur-Loire.txt;904;24;0.02654867;0;1;0;1;1;0;2;0;0;0;1;0;1;0;3;0;0;0;0;0;0;0;0;0;5;0;3;3;0;6;0;0;0;3;0;1;0;3;0;0;0;0;0;0;0;0;0;0;0;0;0;0;0;0;0;0;0;0;0;0;0;0;0;0;0;0;0;0;0
Atelier_gymnastique_adaptee_aux_aines.txt;Database\Vada_database\Atelier_gymnastique_adaptee_aux_aines.txt;C:\Users\PC\Desktop\Project_Internship\Index_Insight\Database\Vada_database\Atelier_gymnastique_adaptee_aux_aines.txt;674;18;0.02670623;0;2;0;1;0;0;1;0;0;0;0;0;0;0;0;0;1;0;0;0;0;1;0;0;10;0;3;0;0;3;0;0;0;0;0;0;0;0;0;1;0;0;0;0;1;0;0;0;0;0;0;0;0;0;0;0;0;0;0;0;0;0;0;0;0;0;0;0;0
Atelier_gymnastique_adaptee_et_equilibre.txt;Database\Vada_database\Atelier_gymnastique_adaptee_et_equilibre.txt;C:\Users\PC\Desktop\Project_Internship\Index_Insight\Database\Vada_database\Atelier_gymnastique_adaptee_et_equilibre.txt;599;16;0.02671119;0;1;0;0;1;0;0;1;0;0;0;1;0;0;0;0;1;0;0;0;0;1;0;0;5;0;0;3;0;0;3;0;0;0;3;0;0;0;0;1;0;0;0;0;1;0;0;0;0;0;0;0;0;0;0;0;0;0;0;0;0;0;0;0;0;0;0;0;0
Programme_ete.txt;Database\Vada_database\Programme_ete.txt;C:\Users\PC\Desktop\Project_Internship\Index_Insight\Database\Vada_database\Programme_ete.txt;821;22;0.02679659;0;0;0;0;2;0;1;3;0;0;0;0;0;0;0;0;1;0;0;0;0;3;0;0;0;0;0;6;0;3;9;0;0;0;0;0;0;0;0;1;0;0;0;0;3;0;0;0;0;0;0;0;0;0;0;0;0;0;0;0;0;0;0;0;0;0;0;0;0
Des_cours_dactivite_physique_adaptee.txt;Database\Vada_database\Des_cours_dactivite_physique_adaptee.txt;C:\Users\PC\Desktop\Project_Internship\Index_Insight\Database\Vada_database\Des_cours_dactivite_physique_adaptee.txt;522;14;0.02681992;0;1;0;0;0;0;1;0;0;0;1;0;0;0;1;0;2;0;0;0;0;0;0;0;5;0;0;0;0;3;0;0;0;3;0;0;0;1;0;2;0;0;0;0;0;0;0;0;0;0;0;0;0;0;0;0;0;0;0;0;0;0;0;0;0;0;0;0;0
Mission_dragon_boat_a_la_ville_du_Bouscat.txt;Database\Vada_database\Mission_dragon_boat_a_la_ville_du_Bouscat.txt;C:\Users\PC\Desktop\Project_Internship\Index_Insight\Database\Vada_database\Mission_dragon_boat_a_la_ville_du_Bouscat.txt;1005;27;0.02686567;0;1;0;0;0;0;6;0;0;0;1;0;0;0;1;0;0;0;0;0;0;0;0;0;5;0;0;0;0;18;0;0;0;3;0;0;0;1;0;0;0;0;0;0;0;0;0;0;0;0;0;0;0;0;0;0;0;0;0;0;0;0;0;0;0;0;0;0;0
CONFERENCE_se_proteger_des_escroqueries.txt;Database\Vada_database\CONFERENCE_se_proteger_des_escroqueries.txt;C:\Users\PC\Desktop\Project_Internship\Index_Insight\Database\Vada_database\CONFERENCE_se_proteger_des_escroqueries.txt;409;11;0.02689487;0;1;0;0;0;0;2;0;0;0;0;0;0;0;0;0;0;0;0;0;0;0;0;0;5;0;0;0;0;6;0;0;0;0;0;0;0;0;0;0;0;0;0;0;0;0;0;0;0;0;0;0;0;0;0;0;0;0;0;0;0;0;0;0;0;0;0;0;0
La_navette_senior.txt;Database\Vada_database\La_navette_senior.txt;C:\Users\PC\Desktop\Project_Internship\Index_Insight\Database\Vada_database\La_navette_senior.txt;592;16;0.02702703;0;0;0;1;1;0;3;0;0;0;0;0;0;0;0;0;0;0;0;0;0;1;0;0;0;0;3;3;0;9;0;0;0;0;0;0;0;0;0;0;0;0;0;0;1;0;0;0;0;0;0;0;0;0;0;0;0;0;0;0;0;0;0;0;0;0;0;0;0
Conference-debat_Transmission_des_biens.txt;Database\Vada_database\Conference-debat_Transmission_des_biens.txt;C:\Users\PC\Desktop\Project_Internship\Index_Insight\Database\Vada_database\Conference-debat_Transmission_des_biens.txt;513;14;0.02729045;0;1;0;0;0;0;3;0;0;0;0;0;0;0;0;0;0;0;0;0;0;0;0;0;5;0;0;0;0;9;0;0;0;0;0;0;0;0;0;0;0;0;0;0;0;0;0;0;0;0;0;0;0;0;0;0;0;0;0;0;0;0;0;0;0;0;0;0;0
Yarn_Bombing_-_tricot_collaboratif.txt;Database\Vada_database\Yarn_Bombing_-_tricot_collaboratif.txt;C:\Users\PC\Desktop\Project_Internship\Index_Insight\Database\Vada_database\Yarn_Bombing_-_tricot_collaboratif.txt;549;15;0.02732240;0;1;0;0;0;0;2;0;0;0;0;1;0;0;0;0;0;0;0;0;0;1;0;0;5;0;0;0;0;6;0;0;0;0;3;0;0;0;0;0;0;0;0;0;1;0;0;0;0;0;0;0;0;0;0;0;0;0;0;0;0;0;0;0;0;0;0;0;0
50 ans d'engagement auprès des personnes âgées.txt;Database\FdF_database\50 ans d'engagement auprès des personnes âgées.txt;C:\Users\PC\Desktop\Project_Internship\Index_Insight\Database\FdF_database\50 ans d'engagement auprès des personnes âgées.txt;1902;52;0.02733964;0;0;0;1;14;0;0;0;1;0;0;0;0;0;0;1;0;1;0;0;0;0;0;0;0;0;3;42;0;0;0;3;0;0;0;0;0;0;1;0;1;0;0;0;0;0;0;0;0;0;2;0;0;0;0;0;0;0;0;0;0;0;0;0;0;0;0;0;0
Lappel_de_la_foret_une_sortie_pour_les_aines_de_la_commune.txt;Database\Vada_database\Lappel_de_la_foret_une_sortie_pour_les_aines_de_la_commune.txt;C:\Users\PC\Desktop\Project_Internship\Index_Insight\Database\Vada_database\Lappel_de_la_foret_une_sortie_pour_les_aines_de_la_commune.txt;658;18;0.02735562;0;1;0;0;3;0;0;0;0;0;0;1;0;0;0;0;0;0;0;0;0;1;0;0;5;0;0;9;0;0;0;0;0;0;3;0;0;0;0;0;0;0;0;0;1;0;0;0;0;0;0;0;0;0;0;0;0;0;0;0;0;0;0;0;0;0;0;0;0
Monalisa_sunir_pour_lutter_contre_lisolement_des_aines.txt;Database\Vada_database\Monalisa_sunir_pour_lutter_contre_lisolement_des_aines.txt;C:\Users\PC\Desktop\Project_Internship\Index_Insight\Database\Vada_database\Monalisa_sunir_pour_lutter_contre_lisolement_des_aines.txt;1128;31;0.02748227;0;0;0;0;4;0;0;0;0;1;0;0;0;0;0;0;1;1;0;0;0;14;0;0;0;0;0;12;0;0;0;0;3;0;0;0;0;0;0;1;1;0;0;0;14;0;0;0;0;0;0;0;0;0;0;0;0;0;0;0;0;0;0;0;0;0;0;0;0
Fiche7-Tiers_lieu.txt;Database\Fiches_actions_database\Fiche7-Tiers_lieu.txt;C:\Users\PC\Desktop\Project_Internship\Index_Insight\Database\Fiches_actions_database\Fiche7-Tiers_lieu.txt;327;9;0.02752294;0;0;0;0;0;0;2;0;0;0;0;1;0;0;0;0;0;0;0;0;0;0;0;0;0;0;0;0;0;6;0;0;0;0;3;0;0;0;0;0;0;0;0;0;0;0;0;0;0;0;0;0;0;0;0;0;0;0;0;0;0;0;0;0;0;0;0;0;0
L'intergénérationnel ou l'art du gagnant-gagnant.txt;Database\FdF_database\L'intergénérationnel ou l'art du gagnant-gagnant.txt;C:\Users\PC\Desktop\Project_Internship\Index_Insight\Database\FdF_database\L'intergénérationnel ou l'art du gagnant-gagnant.txt;1852;51;0.02753780;0;0;0;0;8;0;2;1;0;0;0;5;0;0;0;0;0;0;0;0;0;1;0;0;0;0;0;24;0;6;3;0;0;0;15;0;0;0;0;0;0;0;0;0;1;0;0;0;0;0;0;0;0;0;0;0;0;2;0;0;0;0;0;0;0;0;0;0;0
et_nos_voisins_europeens_comment_font_ils.txt;Database\cnsa_database\et_nos_voisins_europeens_comment_font_ils.txt;C:\Users\PC\Desktop\Project_Internship\Index_Insight\Database\cnsa_database\et_nos_voisins_europeens_comment_font_ils.txt;581;16;0.02753873;0;0;0;0;5;0;0;0;0;0;0;0;0;0;0;0;1;0;0;0;0;0;0;0;0;0;0;15;0;0;0;0;0;0;0;0;0;0;0;1;0;0;0;0;0;0;0;0;0;0;0;0;0;0;0;0;0;0;0;0;0;0;0;0;0;0;0;0;0
Unapparte.txt;Database\Vada_database\Unapparte.txt;C:\Users\PC\Desktop\Project_Internship\Index_Insight\Database\Vada_database\Unapparte.txt;1016;28;0.02755906;0;1;0;1;1;0;0;0;1;0;3;1;0;0;0;0;2;0;0;0;0;0;0;0;5;0;3;3;0;0;0;3;0;9;3;0;0;0;0;2;0;0;0;0;0;0;0;0;0;0;0;0;0;0;0;0;0;0;0;0;0;0;0;0;0;0;0;0;0
Operation_serenite_au_volant.txt;Database\Vada_database\Operation_serenite_au_volant.txt;C:\Users\PC\Desktop\Project_Internship\Index_Insight\Database\Vada_database\Operation_serenite_au_volant.txt;544;15;0.02757353;0;0;0;0;2;0;2;0;0;0;0;0;0;0;0;0;2;0;0;0;0;1;0;0;0;0;0;6;0;6;0;0;0;0;0;0;0;0;0;2;0;0;0;0;1;0;0;0;0;0;0;0;0;0;0;0;0;0;0;0;0;0;0;0;0;0;0;0;0
Des_rides_et_des_reves_ateliers_des_arts_du_cirque_au_Gerontopole_de_Toulouse.txt;Database\Vada_database\Des_rides_et_des_reves_ateliers_des_arts_du_cirque_au_Gerontopole_de_Toulouse.txt;C:\Users\PC\Desktop\Project_Internship\Index_Insight\Database\Vada_database\Des_rides_et_des_reves_ateliers_des_arts_du_cirque_au_Gerontopole_de_Toulouse.txt;688;19;0.02761628;0;0;0;0;4;0;1;0;0;0;0;0;0;0;0;1;2;0;0;0;0;1;0;0;0;0;0;12;0;3;0;0;0;0;0;0;0;0;1;2;0;0;0;0;1;0;0;0;0;0;0;0;0;0;0;0;0;0;0;0;0;0;0;0;0;0;0;0;0
Mieux_vivre_au_quotidien_mon_lieu_est-il_adapte_a_ma_situation.txt;Database\Vada_database\Mieux_vivre_au_quotidien_mon_lieu_est-il_adapte_a_ma_situation.txt;C:\Users\PC\Desktop\Project_Internship\Index_Insight\Database\Vada_database\Mieux_vivre_au_quotidien_mon_lieu_est-il_adapte_a_ma_situation.txt;1336;37;0.02769461;0;0;0;0;10;0;0;0;0;1;1;0;0;0;0;0;1;0;0;0;0;0;0;0;0;0;0;30;0;0;0;0;3;3;0;0;0;0;0;1;0;0;0;0;0;0;0;0;0;0;0;0;0;0;0;0;0;0;0;0;0;0;0;0;0;0;0;0;0
Petits_travaux_et_petits_services.txt;Database\Vada_database\Petits_travaux_et_petits_services.txt;C:\Users\PC\Desktop\Project_Internship\Index_Insight\Database\Vada_database\Petits_travaux_et_petits_services.txt;900;25;0.02777778;0;1;0;0;3;0;1;0;0;0;0;0;0;0;0;0;3;1;0;0;0;4;0;0;5;0;0;9;0;3;0;0;0;0;0;0;0;0;0;3;1;0;0;0;4;0;0;0;0;0;0;0;0;0;0;0;0;0;0;0;0;0;0;0;0;0;0;0;0
Droits_devant_elles.txt;Database\Vada_database\Droits_devant_elles.txt;C:\Users\PC\Desktop\Project_Internship\Index_Insight\Database\Vada_database\Droits_devant_elles.txt;612;17;0.02777778;0;1;0;0;0;0;0;0;2;0;1;1;0;0;0;0;0;0;0;0;0;0;0;0;5;0;0;0;0;0;0;6;0;3;3;0;0;0;0;0;0;0;0;0;0;0;0;0;0;0;0;0;0;0;0;0;0;0;0;0;0;0;0;0;0;0;0;0;0
tous_les_appels_a_projets_4.txt;Database\cnsa_database\tous_les_appels_a_projets_4.txt;C:\Users\PC\Desktop\Project_Internship\Index_Insight\Database\cnsa_database\tous_les_appels_a_projets_4.txt;1546;43;0.02781371;0;0;0;0;7;0;0;0;0;1;0;0;0;0;0;0;17;0;0;0;0;1;1;0;0;0;0;21;0;0;0;0;3;0;0;0;0;0;0;17;0;0;0;0;1;1;0;0;0;0;0;0;0;0;0;0;0;0;0;0;0;0;0;0;0;0;0;0;0
Le_jeu_des_recits_et_des_vies.txt;Database\Vada_database\Le_jeu_des_recits_et_des_vies.txt;C:\Users\PC\Desktop\Project_Internship\Index_Insight\Database\Vada_database\Le_jeu_des_recits_et_des_vies.txt;755;21;0.02781457;0;0;0;1;3;0;0;1;0;0;1;0;0;1;0;0;1;0;0;0;0;1;0;0;0;0;3;9;0;0;3;0;0;3;0;0;1;0;0;1;0;0;0;0;1;0;0;0;0;0;0;0;0;0;0;0;0;0;0;0;0;0;0;0;0;0;0;0;0
DOMICILIVRES_Le_partage_et_le_portage_des_livres_chez_soi.txt;Database\Vada_database\DOMICILIVRES_Le_partage_et_le_portage_des_livres_chez_soi.txt;C:\Users\PC\Desktop\Project_Internship\Index_Insight\Database\Vada_database\DOMICILIVRES_Le_partage_et_le_portage_des_livres_chez_soi.txt;934;26;0.02783726;0;1;0;0;3;0;0;0;1;0;0;0;2;0;0;0;1;0;0;0;0;4;0;0;5;0;0;9;0;0;0;3;0;0;0;2;0;0;0;1;0;0;0;0;4;0;0;0;0;0;0;0;0;0;0;0;0;0;2;0;0;0;0;0;0;0;0;0;0
Le rôle de la technologie dans le soutien à lauton.txt;Database\Hcfea_database\Le rôle de la technologie dans le soutien à lauton.txt;C:\Users\PC\Desktop\Project_Internship\Index_Insight\Database\Hcfea_database\Le rôle de la technologie dans le soutien à lauton.txt;825;23;0.02787879;0;0;0;0;0;0;0;0;0;0;6;0;0;0;0;0;5;0;0;0;0;0;0;0;0;0;0;0;0;0;0;0;0;18;0;0;0;0;0;5;0;0;0;0;0;0;0;0;0;0;0;0;0;0;0;0;0;0;0;0;0;0;0;0;0;0;0;0;0
tous_les_appels_a_projets_2.txt;Database\cnsa_database\tous_les_appels_a_projets_2.txt;C:\Users\PC\Desktop\Project_Internship\Index_Insight\Database\cnsa_database\tous_les_appels_a_projets_2.txt;1002;28;0.02794411;0;0;0;0;3;0;0;0;0;1;0;0;0;0;0;0;14;0;0;0;0;1;1;0;0;0;0;9;0;0;0;0;3;0;0;0;0;0;0;14;0;0;0;0;1;1;0;0;0;0;0;0;0;0;0;0;0;0;0;0;0;0;0;0;0;0;0;0;0
Lamenagement_exterieur_dun_quartier_par_la_pose_de_bancs_une_demarche_participative.txt;Database\Vada_database\Lamenagement_exterieur_dun_quartier_par_la_pose_de_bancs_une_demarche_participative.txt;C:\Users\PC\Desktop\Project_Internship\Index_Insight\Database\Vada_database\Lamenagement_exterieur_dun_quartier_par_la_pose_de_bancs_une_demarche_participative.txt;535;15;0.02803738;0;1;0;0;2;1;0;0;0;0;0;0;0;0;1;0;0;0;0;0;0;0;0;0;5;0;0;6;3;0;0;0;0;0;0;0;0;1;0;0;0;0;0;0;0;0;0;0;0;0;0;0;0;0;0;0;0;0;0;0;0;0;0;0;0;0;0;0;0
La_passeport_nutrition-sante.txt;Database\Vada_database\La_passeport_nutrition-sante.txt;C:\Users\PC\Desktop\Project_Internship\Index_Insight\Database\Vada_database\La_passeport_nutrition-sante.txt;1462;41;0.02804378;0;1;0;1;6;0;2;1;0;0;1;0;0;0;0;0;2;0;0;0;0;1;0;0;5;0;3;18;0;6;3;0;0;3;0;0;0;0;0;2;0;0;0;0;1;0;0;0;0;0;0;0;0;0;0;0;0;0;0;0;0;0;0;0;0;0;0;0;0
Le_CREAT_un_logement_reconstitue_dedie_a_la_prevention_de_la_perte_dautonomie.txt;Database\Vada_database\Le_CREAT_un_logement_reconstitue_dedie_a_la_prevention_de_la_perte_dautonomie.txt;C:\Users\PC\Desktop\Project_Internship\Index_Insight\Database\Vada_database\Le_CREAT_un_logement_reconstitue_dedie_a_la_prevention_de_la_perte_dautonomie.txt;849;24;0.02826855;0;0;0;1;2;0;0;0;1;0;1;0;3;0;0;0;6;0;0;0;0;0;0;0;0;0;3;6;0;0;0;3;0;3;0;3;0;0;0;6;0;0;0;0;0;0;0;0;0;0;0;0;0;0;0;0;0;0;0;0;0;0;0;0;0;0;0;0;0
Olympiades_intergenerationnelles.txt;Database\Vada_database\Olympiades_intergenerationnelles.txt;C:\Users\PC\Desktop\Project_Internship\Index_Insight\Database\Vada_database\Olympiades_intergenerationnelles.txt;389;11;0.02827763;0;1;0;0;0;0;1;0;0;0;0;1;0;0;0;0;0;0;0;0;0;0;0;0;5;0;0;0;0;3;0;0;0;0;3;0;0;0;0;0;0;0;0;0;0;0;0;0;0;0;0;0;0;0;0;0;0;0;0;0;0;0;0;0;0;0;0;0;0
appel_a_projets_de_recherche_analyse_des_politiques_de_l_autonomie_apolau.txt;Database\cnsa_database\appel_a_projets_de_recherche_analyse_des_politiques_de_l_autonomie_apolau.txt;C:\Users\PC\Desktop\Project_Internship\Index_Insight\Database\cnsa_database\appel_a_projets_de_recherche_analyse_des_politiques_de_l_autonomie_apolau.txt;491;14;0.02851324;0;0;0;0;1;0;0;0;0;0;0;0;0;0;0;0;9;0;0;0;0;0;0;0;0;0;0;3;0;0;0;0;0;0;0;0;0;0;0;9;0;0;0;0;0;0;0;0;0;0;0;0;0;0;0;0;0;0;0;0;0;0;2;0;0;0;0;0;0
Des_logements_de_jeunes_en_residences_autonomie.txt;Database\Vada_database\Des_logements_de_jeunes_en_residences_autonomie.txt;C:\Users\PC\Desktop\Project_Internship\Index_Insight\Database\Vada_database\Des_logements_de_jeunes_en_residences_autonomie.txt;629;18;0.02861685;0;0;0;1;1;0;0;0;0;0;0;0;0;0;0;2;8;0;0;0;0;0;0;0;0;0;3;3;0;0;0;0;0;0;0;0;0;0;2;8;0;0;0;0;0;0;0;0;0;0;0;0;0;0;0;0;0;0;0;0;0;0;2;0;0;0;0;0;0
Le_liseur_la_liseuse.txt;Database\Vada_database\Le_liseur_la_liseuse.txt;C:\Users\PC\Desktop\Project_Internship\Index_Insight\Database\Vada_database\Le_liseur_la_liseuse.txt;652;19;0.02914110;0;0;0;0;0;0;3;0;0;1;0;1;0;0;0;0;0;0;0;0;0;4;0;0;0;0;0;0;0;9;0;0;3;0;3;0;0;0;0;0;0;0;0;0;4;0;0;0;0;0;0;0;0;0;0;0;0;0;0;0;0;0;0;0;0;0;0;0;0
Challenge_lys_haut_layon.txt;Database\Vada_database\Challenge_lys_haut_layon.txt;C:\Users\PC\Desktop\Project_Internship\Index_Insight\Database\Vada_database\Challenge_lys_haut_layon.txt;995;29;0.02914573;0;0;0;0;4;0;3;0;0;0;2;0;0;0;0;0;1;0;0;0;0;1;0;0;0;0;0;12;0;9;0;0;0;6;0;0;0;0;0;1;0;0;0;0;1;0;0;0;0;0;0;0;0;0;0;0;0;0;0;0;0;0;0;0;0;0;0;0;0
tous_les_appels_a_projets_3.txt;Database\cnsa_database\tous_les_appels_a_projets_3.txt;C:\Users\PC\Desktop\Project_Internship\Index_Insight\Database\cnsa_database\tous_les_appels_a_projets_3.txt;377;11;0.02917772;0;0;0;0;1;0;0;0;0;1;0;0;0;0;0;0;3;0;0;0;0;1;1;0;0;0;0;3;0;0;0;0;3;0;0;0;0;0;0;3;0;0;0;0;1;1;0;0;0;0;0;0;0;0;0;0;0;0;0;0;0;0;0;0;0;0;0;0;0
La Semaine Bleue - 365 jours pour agir, 7 jours pour le dire !.txt;Database\FdF_database\La Semaine Bleue - 365 jours pour agir, 7 jours pour le dire !.txt;C:\Users\PC\Desktop\Project_Internship\Index_Insight\Database\FdF_database\La Semaine Bleue - 365 jours pour agir, 7 jours pour le dire !.txt;1987;58;0.02918973;0;0;0;3;9;0;0;1;1;0;4;0;0;3;0;0;1;0;0;0;0;0;0;0;0;0;9;27;0;0;3;3;0;12;0;0;3;0;0;1;0;0;0;0;0;0;0;0;0;0;0;0;0;0;0;0;0;0;0;0;0;0;0;0;0;0;0;0;0
Une_Web_TV_pour_se_maintenir_en_activite.txt;Database\Vada_database\Une_Web_TV_pour_se_maintenir_en_activite.txt;C:\Users\PC\Desktop\Project_Internship\Index_Insight\Database\Vada_database\Une_Web_TV_pour_se_maintenir_en_activite.txt;614;18;0.02931596;0;0;0;0;3;0;1;0;0;0;0;1;0;0;0;0;0;0;0;0;0;3;0;0;0;0;0;9;0;3;0;0;0;0;3;0;0;0;0;0;0;0;0;0;3;0;0;0;0;0;0;0;0;0;0;0;0;0;0;0;0;0;0;0;0;0;0;0;0
Il_ny_a_pas_dage_pour_passer_a_table.txt;Database\Vada_database\Il_ny_a_pas_dage_pour_passer_a_table.txt;C:\Users\PC\Desktop\Project_Internship\Index_Insight\Database\Vada_database\Il_ny_a_pas_dage_pour_passer_a_table.txt;1226;36;0.02936378;0;1;0;0;1;0;1;0;0;0;4;2;0;2;0;0;4;0;0;0;0;1;0;0;5;0;0;3;0;3;0;0;0;12;6;0;2;0;0;4;0;0;0;0;1;0;0;0;0;0;0;0;0;0;0;0;0;0;0;0;0;0;0;0;0;0;0;0;0
Residence_dartistes.txt;Database\Vada_database\Residence_dartistes.txt;C:\Users\PC\Desktop\Project_Internship\Index_Insight\Database\Vada_database\Residence_dartistes.txt;1054;31;0.02941176;0;1;0;0;4;0;0;0;0;0;0;0;0;12;0;1;0;0;0;0;1;0;0;0;5;0;0;12;0;0;0;0;0;0;0;0;12;0;1;0;0;0;0;1;0;0;0;0;0;0;0;0;0;0;0;0;0;0;0;0;0;0;0;0;0;0;0;0;0
Les_chantiers_jeunes_sinvitent_en_ehpad.txt;Database\Vada_database\Les_chantiers_jeunes_sinvitent_en_ehpad.txt;C:\Users\PC\Desktop\Project_Internship\Index_Insight\Database\Vada_database\Les_chantiers_jeunes_sinvitent_en_ehpad.txt;747;22;0.02945114;0;1;0;0;0;0;1;0;0;0;2;0;0;5;0;0;0;0;0;0;0;1;0;0;5;0;0;0;0;3;0;0;0;6;0;0;5;0;0;0;0;0;0;0;1;0;0;0;0;0;0;0;0;0;0;0;0;0;0;2;0;0;0;0;0;0;0;0;0
Un_guide_pratique_pour_bien_vivre_ensemble.txt;Database\Vada_database\Un_guide_pratique_pour_bien_vivre_ensemble.txt;C:\Users\PC\Desktop\Project_Internship\Index_Insight\Database\Vada_database\Un_guide_pratique_pour_bien_vivre_ensemble.txt;574;17;0.02961672;0;1;0;0;0;0;3;1;0;0;0;0;0;0;0;0;0;0;0;0;0;0;0;0;5;0;0;0;0;9;3;0;0;0;0;0;0;0;0;0;0;0;0;0;0;0;0;0;0;0;0;0;0;0;0;0;0;0;0;0;0;0;0;0;0;0;0;0;0
Les_vieux_precaires_on_en_fait_quoi.txt;Database\Vada_database\Les_vieux_precaires_on_en_fait_quoi.txt;C:\Users\PC\Desktop\Project_Internship\Index_Insight\Database\Vada_database\Les_vieux_precaires_on_en_fait_quoi.txt;1142;34;0.02977233;0;0;0;11;0;0;0;0;0;0;0;0;0;0;0;1;0;0;0;0;0;0;0;0;0;0;33;0;0;0;0;0;0;0;0;0;0;0;1;0;0;0;0;0;0;0;0;0;0;0;0;0;0;0;0;0;0;0;0;0;0;0;0;0;0;0;0;0;0
Le_Conseil_des_Aines.txt;Database\Vada_database\Le_Conseil_des_Aines.txt;C:\Users\PC\Desktop\Project_Internship\Index_Insight\Database\Vada_database\Le_Conseil_des_Aines.txt;704;21;0.02982955;0;1;0;0;0;0;5;0;0;0;0;0;0;1;0;0;0;0;0;0;0;0;0;0;5;0;0;0;0;15;0;0;0;0;0;0;1;0;0;0;0;0;0;0;0;0;0;0;0;0;0;0;0;0;0;0;0;0;0;0;0;0;0;0;0;0;0;0;0
Aidants_numeriques.txt;Database\Vada_database\Aidants_numeriques.txt;C:\Users\PC\Desktop\Project_Internship\Index_Insight\Database\Vada_database\Aidants_numeriques.txt;833;25;0.03001200;0;1;0;0;1;0;3;1;0;0;0;0;0;0;1;0;2;0;0;0;0;2;0;0;5;0;0;3;0;9;3;0;0;0;0;0;0;1;0;2;0;0;0;0;2;0;0;0;0;0;0;0;0;0;0;0;0;0;0;0;0;0;0;0;0;0;0;0;0
Viens_je_temmene_prendre_soin_de_toi.txt;Database\Vada_database\Viens_je_temmene_prendre_soin_de_toi.txt;C:\Users\PC\Desktop\Project_Internship\Index_Insight\Database\Vada_database\Viens_je_temmene_prendre_soin_de_toi.txt;499;15;0.03006012;0;1;0;0;0;0;1;1;0;0;1;0;0;0;0;0;0;0;0;0;0;1;0;0;5;0;0;0;0;3;3;0;0;3;0;0;0;0;0;0;0;0;0;0;1;0;0;0;0;0;0;0;0;0;0;0;0;0;0;0;0;0;0;0;0;0;0;0;0
Le_banc_de_lamitie.txt;Database\Vada_database\Le_banc_de_lamitie.txt;C:\Users\PC\Desktop\Project_Internship\Index_Insight\Database\Vada_database\Le_banc_de_lamitie.txt;995;30;0.03015075;0;0;0;0;4;0;5;0;0;0;1;0;0;0;0;0;0;0;0;0;0;0;0;0;0;0;0;12;0;15;0;0;0;3;0;0;0;0;0;0;0;0;0;0;0;0;0;0;0;0;0;0;0;0;0;0;0;0;0;0;0;0;0;0;0;0;0;0;0
Les_Intergenereux_apporter_le_sourire_avec_des_visites.txt;Database\Vada_database\Les_Intergenereux_apporter_le_sourire_avec_des_visites.txt;C:\Users\PC\Desktop\Project_Internship\Index_Insight\Database\Vada_database\Les_Intergenereux_apporter_le_sourire_avec_des_visites.txt;2185;66;0.03020595;0;0;0;0;13;0;3;0;0;0;1;0;0;3;1;0;2;0;0;0;0;9;0;0;0;0;0;39;0;9;0;0;0;3;0;0;3;1;0;2;0;0;0;0;9;0;0;0;0;0;0;0;0;0;0;0;0;0;0;0;0;0;0;0;0;0;0;0;0
Panier_repas.txt;Database\Vada_database\Panier_repas.txt;C:\Users\PC\Desktop\Project_Internship\Index_Insight\Database\Vada_database\Panier_repas.txt;695;21;0.03021583;0;1;0;0;0;0;3;0;0;0;0;0;0;0;0;0;7;0;0;0;0;0;0;0;5;0;0;0;0;9;0;0;0;0;0;0;0;0;0;7;0;0;0;0;0;0;0;0;0;0;0;0;0;0;0;0;0;0;0;0;0;0;0;0;0;0;0;0;0
economie_circulaire_des_aides_techniques.txt;Database\cnsa_database\economie_circulaire_des_aides_techniques.txt;C:\Users\PC\Desktop\Project_Internship\Index_Insight\Database\cnsa_database\economie_circulaire_des_aides_techniques.txt;728;22;0.03021978;0;0;0;0;6;0;0;0;0;0;0;0;0;0;2;0;2;0;0;0;0;0;0;0;0;0;0;18;0;0;0;0;0;0;0;0;0;2;0;2;0;0;0;0;0;0;0;0;0;0;0;0;0;0;0;0;0;0;0;0;0;0;0;0;0;0;0;0;0
Un_EHPAD_ouvert_sur_lexterieur.txt;Database\Vada_database\Un_EHPAD_ouvert_sur_lexterieur.txt;C:\Users\PC\Desktop\Project_Internship\Index_Insight\Database\Vada_database\Un_EHPAD_ouvert_sur_lexterieur.txt;760;23;0.03026316;0;1;0;0;3;0;0;0;0;0;0;0;0;1;0;0;5;0;0;0;0;0;1;0;5;0;0;9;0;0;0;0;0;0;0;0;1;0;0;5;0;0;0;0;0;1;0;0;0;0;0;0;0;0;0;0;0;0;0;2;0;0;0;0;0;0;0;0;0
Atelier_confort_et_bien-etre_en_residence_autonomie.txt;Database\Vada_database\Atelier_confort_et_bien-etre_en_residence_autonomie.txt;C:\Users\PC\Desktop\Project_Internship\Index_Insight\Database\Vada_database\Atelier_confort_et_bien-etre_en_residence_autonomie.txt;793;24;0.03026482;0;1;0;1;0;0;2;0;0;0;0;0;0;0;1;0;5;0;0;0;0;2;0;0;5;0;3;0;0;6;0;0;0;0;0;0;0;1;0;5;0;0;0;0;2;0;0;0;0;0;0;0;0;0;0;0;0;0;0;0;0;0;2;0;0;0;0;0;0
Parcours_dincitation_a_la_marche.txt;Database\Vada_database\Parcours_dincitation_a_la_marche.txt;C:\Users\PC\Desktop\Project_Internship\Index_Insight\Database\Vada_database\Parcours_dincitation_a_la_marche.txt;859;26;0.03026775;0;1;0;0;5;0;1;0;0;0;0;0;0;0;0;1;1;0;0;0;0;0;1;0;5;0;0;15;0;3;0;0;0;0;0;0;0;0;1;1;0;0;0;0;0;1;0;0;0;0;0;0;0;0;0;0;0;0;0;0;0;0;0;0;0;0;0;0;0
EquipAges_un_reseau_social_de_proximite.txt;Database\Vada_database\EquipAges_un_reseau_social_de_proximite.txt;C:\Users\PC\Desktop\Project_Internship\Index_Insight\Database\Vada_database\EquipAges_un_reseau_social_de_proximite.txt;924;28;0.03030303;0;1;0;0;0;0;4;1;0;0;0;2;0;1;0;0;0;1;0;0;0;0;0;0;5;0;0;0;0;12;3;0;0;0;6;0;1;0;0;0;1;0;0;0;0;0;0;0;0;0;0;0;0;0;0;0;0;0;0;0;0;0;0;0;0;0;0;0;0
Defile_a_la_merveille.txt;Database\Vada_database\Defile_a_la_merveille.txt;C:\Users\PC\Desktop\Project_Internship\Index_Insight\Database\Vada_database\Defile_a_la_merveille.txt;919;28;0.03046790;1;1;0;0;0;0;3;0;0;0;0;3;0;0;0;0;0;0;0;0;0;0;0;5;5;0;0;0;0;9;0;0;0;0;9;0;0;0;0;0;0;0;0;0;0;0;0;0;0;0;0;0;0;0;0;0;0;0;0;0;0;0;0;0;0;0;0;0;0
Olympiades_rencontre_sportive_des_maisons_de_retraite.txt;Database\Vada_database\Olympiades_rencontre_sportive_des_maisons_de_retraite.txt;C:\Users\PC\Desktop\Project_Internship\Index_Insight\Database\Vada_database\Olympiades_rencontre_sportive_des_maisons_de_retraite.txt;983;30;0.03051882;0;1;0;0;4;0;0;0;0;2;0;0;0;1;1;0;3;0;0;0;0;0;0;0;5;0;0;12;0;0;0;0;6;0;0;0;1;1;0;3;0;0;0;0;0;0;0;0;0;0;0;0;0;0;0;2;0;0;0;0;0;0;0;0;0;0;0;0;0
Un_parcours_repit_pour_faciliter_la_vie_des_aidants.txt;Database\Vada_database\Un_parcours_repit_pour_faciliter_la_vie_des_aidants.txt;C:\Users\PC\Desktop\Project_Internship\Index_Insight\Database\Vada_database\Un_parcours_repit_pour_faciliter_la_vie_des_aidants.txt;949;29;0.03055848;0;1;0;0;0;0;5;0;0;0;0;0;0;0;0;2;0;0;0;0;0;1;6;0;5;0;0;0;0;15;0;0;0;0;0;0;0;0;2;0;0;0;0;0;1;6;0;0;0;0;0;0;0;0;0;0;0;0;0;0;0;0;0;0;0;0;0;0;0
Un_lieu_de_rencontre_pour_les_aines.txt;Database\Vada_database\Un_lieu_de_rencontre_pour_les_aines.txt;C:\Users\PC\Desktop\Project_Internship\Index_Insight\Database\Vada_database\Un_lieu_de_rencontre_pour_les_aines.txt;883;27;0.03057758;0;1;0;0;1;0;4;1;0;0;0;0;0;0;0;0;1;0;0;0;0;3;0;0;5;0;0;3;0;12;3;0;0;0;0;0;0;0;0;1;0;0;0;0;3;0;0;0;0;0;0;0;0;0;0;0;0;0;0;0;0;0;0;0;0;0;0;0;0
Bougeons_ensemble_a_Royan_CollAction.txt;Database\Vada_database\Bougeons_ensemble_a_Royan_CollAction.txt;C:\Users\PC\Desktop\Project_Internship\Index_Insight\Database\Vada_database\Bougeons_ensemble_a_Royan_CollAction.txt;882;27;0.03061224;0;1;0;1;0;0;6;0;0;0;0;0;0;0;0;0;0;0;0;0;0;1;0;0;5;0;3;0;0;18;0;0;0;0;0;0;0;0;0;0;0;0;0;0;1;0;0;0;0;0;0;0;0;0;0;0;0;0;0;0;0;0;0;0;0;0;0;0;0
Un_petit_pas_pour_chacun_un_grand_pas_ensemble.txt;Database\Vada_database\Un_petit_pas_pour_chacun_un_grand_pas_ensemble.txt;C:\Users\PC\Desktop\Project_Internship\Index_Insight\Database\Vada_database\Un_petit_pas_pour_chacun_un_grand_pas_ensemble.txt;714;22;0.03081232;0;1;0;0;1;0;2;0;1;0;0;0;0;1;0;0;0;0;0;0;0;4;0;0;5;0;0;3;0;6;0;3;0;0;0;0;1;0;0;0;0;0;0;0;4;0;0;0;0;0;0;0;0;0;0;0;0;0;0;0;0;0;0;0;0;0;0;0;0
Debats_citoyens_intergenerationnels_en_logements-foyers.txt;Database\Vada_database\Debats_citoyens_intergenerationnels_en_logements-foyers.txt;C:\Users\PC\Desktop\Project_Internship\Index_Insight\Database\Vada_database\Debats_citoyens_intergenerationnels_en_logements-foyers.txt;486;15;0.03086420;0;1;0;0;1;0;0;1;0;0;1;0;0;0;0;0;0;1;0;0;0;0;0;0;5;0;0;3;0;0;3;0;0;3;0;0;0;0;0;0;1;0;0;0;0;0;0;0;0;0;0;0;0;0;0;0;0;0;0;0;0;0;0;0;0;0;0;0;0
Maison_avenir_suite_du_projet.txt;Database\Vada_database\Maison_avenir_suite_du_projet.txt;C:\Users\PC\Desktop\Project_Internship\Index_Insight\Database\Vada_database\Maison_avenir_suite_du_projet.txt;549;17;0.03096539;0;1;0;0;1;0;2;0;1;0;0;0;0;0;0;0;0;0;0;0;0;0;0;0;5;0;0;3;0;6;0;3;0;0;0;0;0;0;0;0;0;0;0;0;0;0;0;0;0;0;0;0;0;0;0;0;0;0;0;0;0;0;0;0;0;0;0;0;0
La_transition_demographique_a_Nantes_et_ses_quartiers.txt;Database\Vada_database\La_transition_demographique_a_Nantes_et_ses_quartiers.txt;C:\Users\PC\Desktop\Project_Internship\Index_Insight\Database\Vada_database\La_transition_demographique_a_Nantes_et_ses_quartiers.txt;580;18;0.03103448;0;2;0;0;0;0;1;0;1;0;0;0;0;0;1;0;1;0;0;0;0;0;0;0;10;0;0;0;0;3;0;3;0;0;0;0;0;1;0;1;0;0;0;0;0;0;0;0;0;0;0;0;0;0;0;0;0;0;0;0;0;0;0;0;0;0;0;0;0
Des_cafes-rencontres_pour_se_rencontrer_echanger_et_partager.txt;Database\Vada_database\Des_cafes-rencontres_pour_se_rencontrer_echanger_et_partager.txt;C:\Users\PC\Desktop\Project_Internship\Index_Insight\Database\Vada_database\Des_cafes-rencontres_pour_se_rencontrer_echanger_et_partager.txt;965;30;0.03108808;0;1;0;2;1;0;4;0;0;0;1;0;0;0;0;0;1;0;0;0;0;0;0;0;5;0;6;3;0;12;0;0;0;3;0;0;0;0;0;1;0;0;0;0;0;0;0;0;0;0;0;0;0;0;0;0;0;0;0;0;0;0;0;0;0;0;0;0;0
handicap_et_perte_d_autonomie_innovation_sociale_par_le_design.txt;Database\cnsa_database\handicap_et_perte_d_autonomie_innovation_sociale_par_le_design.txt;C:\Users\PC\Desktop\Project_Internship\Index_Insight\Database\cnsa_database\handicap_et_perte_d_autonomie_innovation_sociale_par_le_design.txt;868;27;0.03110599;0;0;0;0;3;0;0;0;0;0;0;0;0;5;0;2;9;0;0;0;0;0;0;0;0;0;0;9;0;0;0;0;0;0;0;0;5;0;2;9;0;0;0;0;0;0;0;0;0;0;0;0;0;0;0;0;0;0;0;0;0;0;2;0;0;0;0;0;0
24_CARSAT_ALSACE-MOSELLE_MAMIES_GATEAUX.txt;Database\Cnav_database\24_CARSAT_ALSACE-MOSELLE_MAMIES_GATEAUX.txt;C:\Users\PC\Desktop\Project_Internship\Index_Insight\Database\Cnav_database\24_CARSAT_ALSACE-MOSELLE_MAMIES_GATEAUX.txt;578;18;0.03114187;0;0;0;0;2;0;0;2;0;0;0;2;0;0;0;0;0;0;0;0;0;0;0;0;0;0;0;6;0;0;6;0;0;0;6;0;0;0;0;0;0;0;0;0;0;0;0;0;0;0;0;0;0;0;0;0;0;0;0;0;0;0;0;0;0;0;0;0;0
Le_cafe_solidaire_dAllo_Sebastien.txt;Database\Vada_database\Le_cafe_solidaire_dAllo_Sebastien.txt;C:\Users\PC\Desktop\Project_Internship\Index_Insight\Database\Vada_database\Le_cafe_solidaire_dAllo_Sebastien.txt;702;22;0.03133903;0;2;0;0;2;0;0;0;1;0;0;0;0;0;0;0;0;0;0;0;0;3;0;0;10;0;0;6;0;0;0;3;0;0;0;0;0;0;0;0;0;0;0;0;3;0;0;0;0;0;0;0;0;0;0;0;0;0;0;0;0;0;0;0;0;0;0;0;0
Parcours_de_la_chenille_aux_senteurs.txt;Database\Vada_database\Parcours_de_la_chenille_aux_senteurs.txt;C:\Users\PC\Desktop\Project_Internship\Index_Insight\Database\Vada_database\Parcours_de_la_chenille_aux_senteurs.txt;542;17;0.03136531;0;1;0;0;2;0;1;0;0;0;0;1;0;0;0;0;0;0;0;0;0;0;0;0;5;0;0;6;0;3;0;0;0;0;3;0;0;0;0;0;0;0;0;0;0;0;0;0;0;0;0;0;0;0;0;0;0;0;0;0;0;0;0;0;0;0;0;0;0
RESTER_MOBILE_DANS_SA_VIE_DANS_SA_VILLE.txt;Database\Vada_database\RESTER_MOBILE_DANS_SA_VIE_DANS_SA_VILLE.txt;C:\Users\PC\Desktop\Project_Internship\Index_Insight\Database\Vada_database\RESTER_MOBILE_DANS_SA_VIE_DANS_SA_VILLE.txt;860;27;0.03139535;0;0;0;0;0;0;8;0;0;0;0;0;0;0;3;0;0;0;0;0;0;0;0;0;0;0;0;0;0;24;0;0;0;0;0;0;0;3;0;0;0;0;0;0;0;0;0;0;0;0;0;0;0;0;0;0;0;0;0;0;0;0;0;0;0;0;0;0;0
RESOLI_Reseaux_solidaire.txt;Database\Vada_database\RESOLI_Reseaux_solidaire.txt;C:\Users\PC\Desktop\Project_Internship\Index_Insight\Database\Vada_database\RESOLI_Reseaux_solidaire.txt;1114;35;0.03141831;0;1;0;0;0;0;10;0;0;0;0;0;0;0;0;0;0;0;0;0;0;0;0;0;5;0;0;0;0;30;0;0;0;0;0;0;0;0;0;0;0;0;0;0;0;0;0;0;0;0;0;0;0;0;0;0;0;0;0;0;0;0;0;0;0;0;0;0;0
Atelier_bien-etre_a_Lormont.txt;Database\Vada_database\Atelier_bien-etre_a_Lormont.txt;C:\Users\PC\Desktop\Project_Internship\Index_Insight\Database\Vada_database\Atelier_bien-etre_a_Lormont.txt;350;11;0.03142857;0;1;0;0;0;0;2;0;0;0;0;0;0;0;0;0;0;0;0;0;0;0;0;0;5;0;0;0;0;6;0;0;0;0;0;0;0;0;0;0;0;0;0;0;0;0;0;0;0;0;0;0;0;0;0;0;0;0;0;0;0;0;0;0;0;0;0;0;0
27_CARSAT_BOURGOGNE-FRANCHE-COMTE.txt;Database\Cnav_database\27_CARSAT_BOURGOGNE-FRANCHE-COMTE.txt;C:\Users\PC\Desktop\Project_Internship\Index_Insight\Database\Cnav_database\27_CARSAT_BOURGOGNE-FRANCHE-COMTE.txt;635;20;0.03149606;0;0;0;0;0;0;2;2;0;0;1;1;0;0;0;0;2;0;0;0;0;0;0;0;0;0;0;0;0;6;6;0;0;3;3;0;0;0;0;2;0;0;0;0;0;0;0;0;0;0;0;0;0;0;0;0;0;0;0;0;0;0;0;0;0;0;0;0;0
28_PARCOURS_PREVENTION_DES_CHUTES.txt;Database\Cnav_database\28_PARCOURS_PREVENTION_DES_CHUTES.txt;C:\Users\PC\Desktop\Project_Internship\Index_Insight\Database\Cnav_database\28_PARCOURS_PREVENTION_DES_CHUTES.txt;444;14;0.03153153;0;0;0;1;1;0;1;1;0;0;0;0;0;0;1;0;1;0;0;0;0;0;0;0;0;0;3;3;0;3;3;0;0;0;0;0;0;1;0;1;0;0;0;0;0;0;0;0;0;0;0;0;0;0;0;0;0;0;0;0;0;0;0;0;0;0;0;0;0
Les_rencontres_de_la_forme.txt;Database\Vada_database\Les_rencontres_de_la_forme.txt;C:\Users\PC\Desktop\Project_Internship\Index_Insight\Database\Vada_database\Les_rencontres_de_la_forme.txt;632;20;0.03164557;0;1;0;0;1;0;3;1;0;0;0;0;0;0;0;0;0;0;0;0;0;0;0;0;5;0;0;3;0;9;3;0;0;0;0;0;0;0;0;0;0;0;0;0;0;0;0;0;0;0;0;0;0;0;0;0;0;0;0;0;0;0;0;0;0;0;0;0;0
Le_bonheur_detre_grands-parents.txt;Database\Vada_database\Le_bonheur_detre_grands-parents.txt;C:\Users\PC\Desktop\Project_Internship\Index_Insight\Database\Vada_database\Le_bonheur_detre_grands-parents.txt;757;24;0.03170410;0;0;0;0;0;0;7;0;0;0;0;1;0;0;0;0;0;0;0;0;0;0;0;0;0;0;0;0;0;21;0;0;0;0;3;0;0;0;0;0;0;0;0;0;0;0;0;0;0;0;0;0;0;0;0;0;0;0;0;0;0;0;0;0;0;0;0;0;0
Mediation_animale_a_Lormont.txt;Database\Vada_database\Mediation_animale_a_Lormont.txt;C:\Users\PC\Desktop\Project_Internship\Index_Insight\Database\Vada_database\Mediation_animale_a_Lormont.txt;346;11;0.03179191;0;1;0;0;0;0;1;0;0;0;0;0;0;0;0;0;3;0;0;0;0;0;0;0;5;0;0;0;0;3;0;0;0;0;0;0;0;0;0;3;0;0;0;0;0;0;0;0;0;0;0;0;0;0;0;0;0;0;0;0;0;0;0;0;0;0;0;0;0
Residence_Rives.txt;Database\Vada_database\Residence_Rives.txt;C:\Users\PC\Desktop\Project_Internship\Index_Insight\Database\Vada_database\Residence_Rives.txt;975;31;0.03179487;0;1;0;1;4;0;0;0;1;1;1;0;0;0;0;0;2;0;0;0;0;0;0;0;5;0;3;12;0;0;0;3;3;3;0;0;0;0;0;2;0;0;0;0;0;0;0;0;0;0;0;0;0;0;0;0;0;0;0;0;0;0;0;0;0;0;0;0;0
programme_autonomie_2022.txt;Database\cnsa_database\programme_autonomie_2022.txt;C:\Users\PC\Desktop\Project_Internship\Index_Insight\Database\cnsa_database\programme_autonomie_2022.txt;1163;37;0.03181427;0;0;0;0;4;0;1;0;0;0;2;0;0;3;0;0;11;0;0;0;0;0;0;0;0;0;0;12;0;3;0;0;0;6;0;0;3;0;0;11;0;0;0;0;0;0;0;0;0;0;0;0;0;0;0;0;0;0;0;0;0;0;2;0;0;0;0;0;0
Recreer_du_lien_social_et_renforcer_la_solidarite_vis-a-vis_des_personnes_agees.txt;Database\Vada_database\Recreer_du_lien_social_et_renforcer_la_solidarite_vis-a-vis_des_personnes_agees.txt;C:\Users\PC\Desktop\Project_Internship\Index_Insight\Database\Vada_database\Recreer_du_lien_social_et_renforcer_la_solidarite_vis-a-vis_des_personnes_agees.txt;1349;43;0.03187546;0;1;0;2;4;0;3;0;1;0;0;0;0;0;0;0;1;0;0;0;0;3;2;0;5;0;6;12;0;9;0;3;0;0;0;0;0;0;0;1;0;0;0;0;3;2;0;0;0;0;2;0;0;0;0;0;0;0;0;0;0;0;0;0;0;0;0;0;0
Halte-repit_Les_3_moulins.txt;Database\Vada_database\Halte-repit_Les_3_moulins.txt;C:\Users\PC\Desktop\Project_Internship\Index_Insight\Database\Vada_database\Halte-repit_Les_3_moulins.txt;876;28;0.03196347;0;0;0;0;4;0;2;0;0;0;0;1;1;0;2;0;3;0;0;0;0;0;1;0;0;0;0;12;0;6;0;0;0;0;3;1;0;2;0;3;0;0;0;0;0;1;0;0;0;0;0;0;0;0;0;0;0;0;0;0;0;0;0;0;0;0;0;0;0
Expo_Mixages.txt;Database\Vada_database\Expo_Mixages.txt;C:\Users\PC\Desktop\Project_Internship\Index_Insight\Database\Vada_database\Expo_Mixages.txt;590;19;0.03220339;0;0;0;0;0;0;5;0;0;0;1;0;0;0;0;0;1;0;0;0;0;0;0;0;0;0;0;0;0;15;0;0;0;3;0;0;0;0;0;1;0;0;0;0;0;0;0;0;0;0;0;0;0;0;0;0;0;0;0;0;0;0;0;0;0;0;0;0;0
Un_week-end_de_repit_pour_les_aidants_des_malades_dAlzhmeir.txt;Database\Vada_database\Un_week-end_de_repit_pour_les_aidants_des_malades_dAlzhmeir.txt;C:\Users\PC\Desktop\Project_Internship\Index_Insight\Database\Vada_database\Un_week-end_de_repit_pour_les_aidants_des_malades_dAlzhmeir.txt;931;30;0.03222342;0;0;0;1;2;0;0;0;0;3;0;0;0;5;0;0;3;0;0;0;0;2;2;0;0;0;3;6;0;0;0;0;9;0;0;0;5;0;0;3;0;0;0;0;2;2;0;0;0;0;0;0;0;0;0;0;0;0;0;0;0;0;0;0;0;0;0;0;0
La_maison_Dahlia.txt;Database\Vada_database\La_maison_Dahlia.txt;C:\Users\PC\Desktop\Project_Internship\Index_Insight\Database\Vada_database\La_maison_Dahlia.txt;2036;66;0.03241650;0;1;0;0;6;0;7;1;1;0;3;0;0;0;0;0;7;0;0;0;0;0;0;0;5;0;0;18;0;21;3;3;0;9;0;0;0;0;0;7;0;0;0;0;0;0;0;0;0;0;0;0;0;0;0;0;0;0;0;0;0;0;0;0;0;0;0;0;0
FICHE_ACTION_3_Informations_senior_Accueil.txt;Database\Fiches_actions_database\FICHE_ACTION_3_Informations_senior_Accueil.txt;C:\Users\PC\Desktop\Project_Internship\Index_Insight\Database\Fiches_actions_database\FICHE_ACTION_3_Informations_senior_Accueil.txt;339;11;0.03244838;0;0;0;0;1;0;2;0;0;0;0;0;0;0;0;0;1;0;0;0;0;1;0;0;0;0;0;3;0;6;0;0;0;0;0;0;0;0;0;1;0;0;0;0;1;0;0;0;0;0;0;0;0;0;0;0;0;0;0;0;0;0;0;0;0;0;0;0;0
Tout_baigne.txt;Database\Vada_database\Tout_baigne.txt;C:\Users\PC\Desktop\Project_Internship\Index_Insight\Database\Vada_database\Tout_baigne.txt;892;29;0.03251121;0;1;0;0;0;0;6;1;1;0;0;0;0;0;0;0;0;0;0;0;0;0;0;0;5;0;0;0;0;18;3;3;0;0;0;0;0;0;0;0;0;0;0;0;0;0;0;0;0;0;0;0;0;0;0;0;0;0;0;0;0;0;0;0;0;0;0;0;0
Logement_laboratoire_seniors.txt;Database\Vada_database\Logement_laboratoire_seniors.txt;C:\Users\PC\Desktop\Project_Internship\Index_Insight\Database\Vada_database\Logement_laboratoire_seniors.txt;890;29;0.03258427;0;0;0;0;2;0;6;0;0;0;0;0;0;0;0;0;1;0;0;0;0;2;0;0;0;0;0;6;0;18;0;0;0;0;0;0;0;0;0;1;0;0;0;0;2;0;0;0;0;0;0;0;2;0;0;0;0;0;0;0;0;0;0;0;0;0;0;0;0
Dispositif_Logements_Bleus.txt;Database\Vada_database\Dispositif_Logements_Bleus.txt;C:\Users\PC\Desktop\Project_Internship\Index_Insight\Database\Vada_database\Dispositif_Logements_Bleus.txt;1166;38;0.03259005;0;0;0;1;2;0;3;0;0;1;3;0;0;0;1;0;5;0;0;0;0;2;0;0;0;0;3;6;0;9;0;0;3;9;0;0;0;1;0;5;0;0;0;0;2;0;0;0;0;0;0;0;0;0;0;0;0;0;0;0;0;0;0;0;0;0;0;0;0
Meaulne_des_espaces_exterieurs_pour_tous_les_ages.txt;Database\Vada_database\Meaulne_des_espaces_exterieurs_pour_tous_les_ages.txt;C:\Users\PC\Desktop\Project_Internship\Index_Insight\Database\Vada_database\Meaulne_des_espaces_exterieurs_pour_tous_les_ages.txt;675;22;0.03259259;0;1;0;2;2;0;0;0;0;0;0;0;0;0;3;0;0;0;0;0;0;2;0;0;5;0;6;6;0;0;0;0;0;0;0;0;0;3;0;0;0;0;0;0;2;0;0;0;0;0;0;0;0;0;0;0;0;0;0;0;0;0;0;0;0;0;0;0;0
Disposer de temps et de droits pour soccuper de se.txt;Database\Hcfea_database\Disposer de temps et de droits pour soccuper de se.txt;C:\Users\PC\Desktop\Project_Internship\Index_Insight\Database\Hcfea_database\Disposer de temps et de droits pour soccuper de se.txt;1531;50;0.03265839;0;0;0;2;0;0;0;0;0;2;6;0;0;0;0;0;18;0;0;0;0;0;2;0;0;0;6;0;0;0;0;0;6;18;0;0;0;0;0;18;0;0;0;0;0;2;0;0;0;0;0;0;0;0;0;0;0;0;0;0;0;0;0;0;0;0;0;0;0
Le_CAFE_RELAIS_Rencontre_Entraide_Lien_Accueil_Inclusion_numerique_et_Soutien.txt;Database\Vada_database\Le_CAFE_RELAIS_Rencontre_Entraide_Lien_Accueil_Inclusion_numerique_et_Soutien.txt;C:\Users\PC\Desktop\Project_Internship\Index_Insight\Database\Vada_database\Le_CAFE_RELAIS_Rencontre_Entraide_Lien_Accueil_Inclusion_numerique_et_Soutien.txt;794;26;0.03274559;0;1;0;0;0;0;4;0;0;0;1;1;0;0;0;0;1;0;0;0;0;2;0;0;5;0;0;0;0;12;0;0;0;3;3;0;0;0;0;1;0;0;0;0;2;0;0;0;0;0;0;0;0;0;0;0;0;0;0;0;0;0;0;0;0;0;0;0;0
Note de comparaison des coûts de prise en charge d.txt;Database\Hcfea_database\Note de comparaison des coûts de prise en charge d.txt;C:\Users\PC\Desktop\Project_Internship\Index_Insight\Database\Hcfea_database\Note de comparaison des coûts de prise en charge d.txt;824;27;0.03276699;0;0;0;0;0;0;0;0;0;0;4;0;0;9;0;0;6;0;0;0;0;0;0;0;0;0;0;0;0;0;0;0;0;12;0;0;9;0;0;6;0;0;0;0;0;0;0;0;0;0;0;0;0;0;0;0;0;0;0;0;0;0;0;0;0;0;0;0;0
Regards_partages.txt;Database\Vada_database\Regards_partages.txt;C:\Users\PC\Desktop\Project_Internship\Index_Insight\Database\Vada_database\Regards_partages.txt;824;27;0.03276699;0;0;0;0;0;0;8;0;0;0;0;1;0;0;0;0;0;0;0;0;0;0;0;0;0;0;0;0;0;24;0;0;0;0;3;0;0;0;0;0;0;0;0;0;0;0;0;0;0;0;0;0;0;0;0;0;0;0;0;0;0;0;0;0;0;0;0;0;0
03_CARSAT_HAUTS-DE-FRANCE.txt;Database\Cnav_database\03_CARSAT_HAUTS-DE-FRANCE.txt;C:\Users\PC\Desktop\Project_Internship\Index_Insight\Database\Cnav_database\03_CARSAT_HAUTS-DE-FRANCE.txt;793;26;0.03278689;0;1;0;0;0;0;4;1;0;1;0;0;0;0;0;0;3;0;0;0;0;0;0;0;5;0;0;0;0;12;3;0;3;0;0;0;0;0;0;3;0;0;0;0;0;0;0;0;0;0;0;0;0;0;0;0;0;0;0;0;0;0;0;0;0;0;0;0;0
Bien_chez_soi.txt;Database\Vada_database\Bien_chez_soi.txt;C:\Users\PC\Desktop\Project_Internship\Index_Insight\Database\Vada_database\Bien_chez_soi.txt;884;29;0.03280543;0;0;0;0;2;0;0;0;0;0;2;0;4;0;0;1;10;0;0;0;0;0;0;0;0;0;0;6;0;0;0;0;0;6;0;4;0;0;1;10;0;0;0;0;0;0;0;0;0;0;0;0;0;0;0;0;0;0;2;0;0;0;0;0;0;0;0;0;0
FICHE_ACTION_4_Accompagnement_aux_courses.txt;Database\Fiches_actions_database\FICHE_ACTION_4_Accompagnement_aux_courses.txt;C:\Users\PC\Desktop\Project_Internship\Index_Insight\Database\Fiches_actions_database\FICHE_ACTION_4_Accompagnement_aux_courses.txt;518;17;0.03281853;0;0;0;0;1;0;1;0;0;0;1;2;0;0;0;0;2;0;0;0;0;0;0;0;0;0;0;3;0;3;0;0;0;3;6;0;0;0;0;2;0;0;0;0;0;0;0;0;0;0;0;0;0;0;0;0;0;0;0;0;0;0;0;0;0;0;0;0;0
Du_transport_social_vers_un_transport_solidaire.txt;Database\Vada_database\Du_transport_social_vers_un_transport_solidaire.txt;C:\Users\PC\Desktop\Project_Internship\Index_Insight\Database\Vada_database\Du_transport_social_vers_un_transport_solidaire.txt;729;24;0.03292181;0;1;2;0;0;0;1;0;0;0;0;0;0;0;3;0;1;0;0;0;0;2;0;0;5;10;0;0;0;3;0;0;0;0;0;0;0;3;0;1;0;0;0;0;2;0;0;0;0;0;0;0;0;0;0;0;0;0;0;0;0;0;0;0;0;0;0;0;0
Colocation_intergenerationnelle.txt;Database\Vada_database\Colocation_intergenerationnelle.txt;C:\Users\PC\Desktop\Project_Internship\Index_Insight\Database\Vada_database\Colocation_intergenerationnelle.txt;577;19;0.03292894;0;0;0;0;0;0;3;1;0;0;0;2;0;0;0;0;1;0;0;0;0;0;0;0;0;0;0;0;0;9;3;0;0;0;6;0;0;0;0;1;0;0;0;0;0;0;0;0;0;0;0;0;0;0;0;0;0;0;0;0;0;0;0;0;0;0;0;0;0
42_Zoom_sur_les_spectacles_CARSAT_AQUITAINE.txt;Database\Cnav_database\42_Zoom_sur_les_spectacles_CARSAT_AQUITAINE.txt;C:\Users\PC\Desktop\Project_Internship\Index_Insight\Database\Cnav_database\42_Zoom_sur_les_spectacles_CARSAT_AQUITAINE.txt;758;25;0.03298153;0;0;0;0;1;0;1;3;1;1;0;0;1;0;1;0;2;0;0;0;0;0;0;0;0;0;0;3;0;3;9;3;3;0;0;1;0;1;0;2;0;0;0;0;0;0;0;0;0;0;0;0;0;0;0;0;0;0;0;0;0;0;0;0;0;0;0;0;0
Habitage_233.txt;Database\Vada_database\Habitage_233.txt;C:\Users\PC\Desktop\Project_Internship\Index_Insight\Database\Vada_database\Habitage_233.txt;998;33;0.03306613;0;0;0;0;2;0;1;0;0;1;4;0;0;0;1;0;6;0;0;0;0;2;0;0;0;0;0;6;0;3;0;0;3;12;0;0;0;1;0;6;0;0;0;0;2;0;0;0;0;0;0;0;0;0;0;0;0;0;0;0;0;0;0;0;0;0;0;0;0
Festivites_de_fin_dannee.txt;Database\Vada_database\Festivites_de_fin_dannee.txt;C:\Users\PC\Desktop\Project_Internship\Index_Insight\Database\Vada_database\Festivites_de_fin_dannee.txt;962;32;0.03326403;0;0;0;0;2;0;7;0;0;0;0;0;0;4;0;0;0;0;0;0;0;1;0;0;0;0;0;6;0;21;0;0;0;0;0;0;4;0;0;0;0;0;0;0;1;0;0;0;0;0;0;0;0;0;0;0;0;0;0;0;0;0;0;0;0;0;0;0;0
Darnetal_a_chacun_son_sport.txt;Database\Vada_database\Darnetal_a_chacun_son_sport.txt;C:\Users\PC\Desktop\Project_Internship\Index_Insight\Database\Vada_database\Darnetal_a_chacun_son_sport.txt;901;30;0.03329634;1;1;0;0;0;0;4;0;1;0;1;0;0;0;0;0;2;0;0;0;0;0;0;5;5;0;0;0;0;12;0;3;0;3;0;0;0;0;0;2;0;0;0;0;0;0;0;0;0;0;0;0;0;0;0;0;0;0;0;0;0;0;0;0;0;0;0;0;0
Memoire_dun_confine.txt;Database\Vada_database\Memoire_dun_confine.txt;C:\Users\PC\Desktop\Project_Internship\Index_Insight\Database\Vada_database\Memoire_dun_confine.txt;1079;36;0.03336423;0;1;0;1;1;0;7;0;0;0;0;1;0;0;0;0;1;0;0;0;0;0;0;0;5;0;3;3;0;21;0;0;0;0;3;0;0;0;0;1;0;0;0;0;0;0;0;0;0;0;0;0;0;0;0;0;0;0;0;0;0;0;0;0;0;0;0;0;0
Douce_parenthese.txt;Database\Vada_database\Douce_parenthese.txt;C:\Users\PC\Desktop\Project_Internship\Index_Insight\Database\Vada_database\Douce_parenthese.txt;779;26;0.03337612;0;1;0;1;1;0;4;0;0;0;0;0;0;0;0;0;2;0;0;0;0;1;0;0;5;0;3;3;0;12;0;0;0;0;0;0;0;0;0;2;0;0;0;0;1;0;0;0;0;0;0;0;0;0;0;0;0;0;0;0;0;0;0;0;0;0;0;0;0
Numerique_seniors_chez_vous.txt;Database\Vada_database\Numerique_seniors_chez_vous.txt;C:\Users\PC\Desktop\Project_Internship\Index_Insight\Database\Vada_database\Numerique_seniors_chez_vous.txt;1048;35;0.03339695;0;1;0;0;5;0;1;0;0;0;0;0;0;0;2;0;0;0;1;0;0;7;0;0;5;0;0;15;0;3;0;0;0;0;0;0;0;2;0;0;0;1;0;0;7;0;0;0;0;0;0;0;2;0;0;0;0;0;0;0;0;0;0;0;0;0;0;0;0
Activie_une_application_innovante_en_faveur_de_la_prevention.txt;Database\Vada_database\Activie_une_application_innovante_en_faveur_de_la_prevention.txt;C:\Users\PC\Desktop\Project_Internship\Index_Insight\Database\Vada_database\Activie_une_application_innovante_en_faveur_de_la_prevention.txt;1107;37;0.03342367;0;1;0;1;2;0;5;0;1;0;1;0;0;0;0;0;2;0;0;0;0;0;0;0;5;0;3;6;0;15;0;3;0;3;0;0;0;0;0;2;0;0;0;0;0;0;0;0;0;0;0;0;0;0;0;0;0;0;0;0;0;0;0;0;0;0;0;0;0
FCHES_ACTIONs__-_proposition_triple_actions_enchas.txt;Database\Fiches_actions_database\FCHES_ACTIONs__-_proposition_triple_actions_enchas.txt;C:\Users\PC\Desktop\Project_Internship\Index_Insight\Database\Fiches_actions_database\FCHES_ACTIONs__-_proposition_triple_actions_enchas.txt;657;22;0.03348554;0;0;1;0;0;0;0;0;0;0;4;0;0;1;0;0;0;4;0;0;0;0;0;0;0;5;0;0;0;0;0;0;0;12;0;0;1;0;0;0;4;0;0;0;0;0;0;0;0;0;0;0;0;0;0;0;0;0;0;0;0;0;0;0;0;0;0;0;0
Projet_socio-esthetique.txt;Database\Vada_database\Projet_socio-esthetique.txt;C:\Users\PC\Desktop\Project_Internship\Index_Insight\Database\Vada_database\Projet_socio-esthetique.txt;417;14;0.03357314;0;1;0;0;0;0;3;0;0;0;0;0;0;0;0;0;0;0;0;0;0;0;0;0;5;0;0;0;0;9;0;0;0;0;0;0;0;0;0;0;0;0;0;0;0;0;0;0;0;0;0;0;0;0;0;0;0;0;0;0;0;0;0;0;0;0;0;0;0
Chaque_mois_ensemble_autour_dun_moment_convivial.txt;Database\Vada_database\Chaque_mois_ensemble_autour_dun_moment_convivial.txt;C:\Users\PC\Desktop\Project_Internship\Index_Insight\Database\Vada_database\Chaque_mois_ensemble_autour_dun_moment_convivial.txt;685;23;0.03357664;0;1;0;0;2;0;2;0;0;0;0;0;0;0;1;0;0;0;0;0;0;5;0;0;5;0;0;6;0;6;0;0;0;0;0;0;0;1;0;0;0;0;0;0;5;0;0;0;0;0;0;0;0;0;0;0;0;0;0;0;0;0;0;0;0;0;0;0;0
Bibliotheque_a_domicile.txt;Database\Vada_database\Bibliotheque_a_domicile.txt;C:\Users\PC\Desktop\Project_Internship\Index_Insight\Database\Vada_database\Bibliotheque_a_domicile.txt;594;20;0.03367003;0;1;0;0;3;0;0;0;0;0;0;0;0;0;1;0;2;0;0;0;0;3;0;0;5;0;0;9;0;0;0;0;0;0;0;0;0;1;0;2;0;0;0;0;3;0;0;0;0;0;0;0;0;0;0;0;0;0;0;0;0;0;0;0;0;0;0;0;0
Tous_mobiles_tous_mobilises_a_lImmaculee.txt;Database\Vada_database\Tous_mobiles_tous_mobilises_a_lImmaculee.txt;C:\Users\PC\Desktop\Project_Internship\Index_Insight\Database\Vada_database\Tous_mobiles_tous_mobilises_a_lImmaculee.txt;623;21;0.03370787;0;0;0;1;0;0;3;0;0;0;1;0;0;0;5;0;1;0;0;0;0;0;0;0;0;0;3;0;0;9;0;0;0;3;0;0;0;5;0;1;0;0;0;0;0;0;0;0;0;0;0;0;0;0;0;0;0;0;0;0;0;0;0;0;0;0;0;0;0
LOPAD_une_multitude_de_loisirs_pour_les_seniors_Dijonnais.txt;Database\Vada_database\LOPAD_une_multitude_de_loisirs_pour_les_seniors_Dijonnais.txt;C:\Users\PC\Desktop\Project_Internship\Index_Insight\Database\Vada_database\LOPAD_une_multitude_de_loisirs_pour_les_seniors_Dijonnais.txt;1186;40;0.03372681;0;0;0;2;3;0;6;0;0;1;0;0;0;0;0;0;0;0;0;0;0;2;0;0;0;0;6;9;0;18;0;0;3;0;0;0;0;0;0;0;0;0;0;0;2;0;0;0;0;0;0;0;2;0;0;0;0;0;0;0;0;0;0;0;0;0;0;0;0
tous_les_appels_a_projets.txt;Database\cnsa_database\tous_les_appels_a_projets.txt;C:\Users\PC\Desktop\Project_Internship\Index_Insight\Database\cnsa_database\tous_les_appels_a_projets.txt;1773;60;0.03384095;0;0;0;1;5;0;0;2;0;3;1;0;0;4;0;0;18;0;0;0;0;1;1;0;0;0;3;15;0;0;6;0;9;3;0;0;4;0;0;18;0;0;0;0;1;1;0;0;0;0;0;0;0;0;0;0;0;0;0;0;0;0;0;0;0;0;0;0;0
Federer_et_animer_une_communaute_de_grands_seniors.txt;Database\Vada_database\Federer_et_animer_une_communaute_de_grands_seniors.txt;C:\Users\PC\Desktop\Project_Internship\Index_Insight\Database\Vada_database\Federer_et_animer_une_communaute_de_grands_seniors.txt;916;31;0.03384279;0;0;0;0;2;0;3;0;0;0;2;1;0;0;0;0;2;0;0;0;0;3;0;0;0;0;0;6;0;9;0;0;0;6;3;0;0;0;0;2;0;0;0;0;3;0;0;0;0;0;0;0;2;0;0;0;0;0;0;0;0;0;0;0;0;0;0;0;0
FICHE_ACTION_5_Livraison_de_courses_a_domicile_-_r.txt;Database\Fiches_actions_database\FICHE_ACTION_5_Livraison_de_courses_a_domicile_-_r.txt;C:\Users\PC\Desktop\Project_Internship\Index_Insight\Database\Fiches_actions_database\FICHE_ACTION_5_Livraison_de_courses_a_domicile_-_r.txt;560;19;0.03392857;0;0;0;0;1;0;1;0;0;0;1;2;0;0;0;0;3;0;0;0;0;1;0;0;0;0;0;3;0;3;0;0;0;3;6;0;0;0;0;3;0;0;0;0;1;0;0;0;0;0;0;0;0;0;0;0;0;0;0;0;0;0;0;0;0;0;0;0;0
Saint-Raphael_-_Pass_Silver.txt;Database\Vada_database\Saint-Raphael_-_Pass_Silver.txt;C:\Users\PC\Desktop\Project_Internship\Index_Insight\Database\Vada_database\Saint-Raphael_-_Pass_Silver.txt;968;33;0.03409091;0;1;0;0;0;0;6;0;1;2;0;0;0;0;0;0;0;0;0;0;0;1;0;0;5;0;0;0;0;18;0;3;6;0;0;0;0;0;0;0;0;0;0;0;1;0;0;0;0;0;0;0;0;0;0;0;0;0;0;0;0;0;0;0;0;0;0;0;0
Forum_Habitat_et_Vieillissement.txt;Database\Vada_database\Forum_Habitat_et_Vieillissement.txt;C:\Users\PC\Desktop\Project_Internship\Index_Insight\Database\Vada_database\Forum_Habitat_et_Vieillissement.txt;732;25;0.03415301;0;1;0;4;2;0;0;0;0;0;0;0;0;0;0;0;0;0;0;0;0;0;0;0;5;0;12;6;0;0;0;0;0;0;0;0;0;0;0;0;0;0;0;0;0;0;0;0;0;2;0;0;0;0;0;0;0;0;0;0;0;0;0;0;0;0;0;0;0
Navette_seniors_et_personnes_a_mobilite_reduite.txt;Database\Vada_database\Navette_seniors_et_personnes_a_mobilite_reduite.txt;C:\Users\PC\Desktop\Project_Internship\Index_Insight\Database\Vada_database\Navette_seniors_et_personnes_a_mobilite_reduite.txt;994;34;0.03420523;0;1;0;0;2;0;2;0;1;0;1;0;0;0;7;0;0;0;0;0;0;0;0;0;5;0;0;6;0;6;0;3;0;3;0;0;0;7;0;0;0;0;0;0;0;0;0;0;0;0;0;0;2;0;0;0;0;0;0;0;2;0;0;0;0;0;0;0;0
Note dinformation sur le livre blanc de France Ass.txt;Database\Hcfea_database\Note dinformation sur le livre blanc de France Ass.txt;C:\Users\PC\Desktop\Project_Internship\Index_Insight\Database\Hcfea_database\Note dinformation sur le livre blanc de France Ass.txt;584;20;0.03424658;0;0;0;0;0;0;0;0;0;0;6;0;0;0;0;0;2;0;0;0;0;0;0;0;0;0;0;0;0;0;0;0;0;18;0;0;0;0;0;2;0;0;0;0;0;0;0;0;0;0;0;0;0;0;0;0;0;0;0;0;0;0;0;0;0;0;0;0;0
La_Chaine_de_tele_des_residents_de_lEHPAD.txt;Database\Vada_database\La_Chaine_de_tele_des_residents_de_lEHPAD.txt;C:\Users\PC\Desktop\Project_Internship\Index_Insight\Database\Vada_database\La_Chaine_de_tele_des_residents_de_lEHPAD.txt;962;33;0.03430353;1;1;0;0;2;0;0;0;0;0;0;1;0;13;0;0;1;0;0;0;0;0;0;5;5;0;0;6;0;0;0;0;0;0;3;0;13;0;0;1;0;0;0;0;0;0;0;0;0;0;0;0;0;0;0;0;0;0;0;0;0;0;0;0;0;0;0;0;0
Eurequa_Mobiseniors.txt;Database\Vada_database\Eurequa_Mobiseniors.txt;C:\Users\PC\Desktop\Project_Internship\Index_Insight\Database\Vada_database\Eurequa_Mobiseniors.txt;872;30;0.03440367;0;1;0;1;4;0;0;0;0;0;0;0;0;1;4;0;2;0;0;0;0;3;0;0;5;0;3;12;0;0;0;0;0;0;0;0;1;4;0;2;0;0;0;0;3;0;0;0;0;0;0;0;0;0;0;0;0;0;0;0;0;0;0;0;0;0;0;0;0
Residence_autonomie_intergenerationnelle.txt;Database\Vada_database\Residence_autonomie_intergenerationnelle.txt;C:\Users\PC\Desktop\Project_Internship\Index_Insight\Database\Vada_database\Residence_autonomie_intergenerationnelle.txt;639;22;0.03442879;0;1;0;0;3;0;0;0;0;0;0;0;0;0;0;0;6;0;0;0;0;0;0;0;5;0;0;9;0;0;0;0;0;0;0;0;0;0;0;6;0;0;0;0;0;0;0;0;0;0;0;0;0;0;0;0;0;0;0;0;0;0;2;0;0;0;0;0;0
Projet_artistique_inclusif_et_participatif_Ma_montagne.txt;Database\Vada_database\Projet_artistique_inclusif_et_participatif_Ma_montagne.txt;C:\Users\PC\Desktop\Project_Internship\Index_Insight\Database\Vada_database\Projet_artistique_inclusif_et_participatif_Ma_montagne.txt;464;16;0.03448276;0;0;0;0;3;0;0;0;0;0;1;1;0;0;0;0;1;0;0;0;0;0;0;0;0;0;0;9;0;0;0;0;0;3;3;0;0;0;0;1;0;0;0;0;0;0;0;0;0;0;0;0;0;0;0;0;0;0;0;0;0;0;0;0;0;0;0;0;0
Creation_dun_tiers-lieu_lostalet.txt;Database\Vada_database\Creation_dun_tiers-lieu_lostalet.txt;C:\Users\PC\Desktop\Project_Internship\Index_Insight\Database\Vada_database\Creation_dun_tiers-lieu_lostalet.txt;724;25;0.03453039;0;1;0;0;0;0;3;0;0;0;0;2;0;0;0;0;5;0;0;0;0;0;0;0;5;0;0;0;0;9;0;0;0;0;6;0;0;0;0;5;0;0;0;0;0;0;0;0;0;0;0;0;0;0;0;0;0;0;0;0;0;0;0;0;0;0;0;0;0
Un_noel_solidaire.txt;Database\Vada_database\Un_noel_solidaire.txt;C:\Users\PC\Desktop\Project_Internship\Index_Insight\Database\Vada_database\Un_noel_solidaire.txt;633;22;0.03475513;0;1;0;0;2;0;0;0;0;1;1;1;0;2;0;0;0;0;0;0;0;0;0;0;5;0;0;6;0;0;0;0;3;3;3;0;2;0;0;0;0;0;0;0;0;0;0;0;0;0;0;0;0;0;0;0;0;0;0;0;0;0;0;0;0;0;0;0;0
FICHE_Arlon_4.txt;Database\Fiches_actions_database\FICHE_Arlon_4.txt;C:\Users\PC\Desktop\Project_Internship\Index_Insight\Database\Fiches_actions_database\FICHE_Arlon_4.txt;601;21;0.03494176;0;0;0;0;0;7;0;0;0;0;0;0;0;0;0;0;0;0;0;0;0;0;0;0;0;0;0;0;21;0;0;0;0;0;0;0;0;0;0;0;0;0;0;0;0;0;0;0;0;0;0;0;0;0;0;0;0;0;0;0;0;0;0;0;0;0;0;0;0
Viens_je_temmene.txt;Database\Vada_database\Viens_je_temmene.txt;C:\Users\PC\Desktop\Project_Internship\Index_Insight\Database\Vada_database\Viens_je_temmene.txt;741;26;0.03508772;0;1;1;0;0;0;3;0;0;0;0;2;0;0;0;0;0;0;0;0;0;1;0;0;5;5;0;0;0;9;0;0;0;0;6;0;0;0;0;0;0;0;0;0;1;0;0;0;0;0;0;0;0;0;0;0;0;0;0;0;0;0;0;0;0;0;0;0;0
Un_reseau_de_bus_et_de_tramways_accessible_a_tous.txt;Database\Vada_database\Un_reseau_de_bus_et_de_tramways_accessible_a_tous.txt;C:\Users\PC\Desktop\Project_Internship\Index_Insight\Database\Vada_database\Un_reseau_de_bus_et_de_tramways_accessible_a_tous.txt;1278;45;0.03521127;0;0;0;0;9;0;4;0;0;0;0;0;0;0;6;0;0;0;0;0;0;0;0;0;0;0;0;27;0;12;0;0;0;0;0;0;0;6;0;0;0;0;0;0;0;0;0;0;0;0;0;0;0;0;0;0;0;0;0;0;0;0;0;0;0;0;0;0;0
Un_outil_de_prevention_itinerant.txt;Database\Vada_database\Un_outil_de_prevention_itinerant.txt;C:\Users\PC\Desktop\Project_Internship\Index_Insight\Database\Vada_database\Un_outil_de_prevention_itinerant.txt;904;32;0.03539823;0;1;0;0;1;0;4;0;0;2;0;0;2;0;1;0;1;0;0;0;0;2;0;0;5;0;0;3;0;12;0;0;6;0;0;2;0;1;0;1;0;0;0;0;2;0;0;0;0;0;0;0;0;0;0;0;0;0;0;0;0;0;0;0;0;0;0;0;0
Un écran ne remplacera jamais une rencontre - Marie-Laure Martin, présidente du comité Personnes âgées.txt;Database\FdF_database\Un écran ne remplacera jamais une rencontre - Marie-Laure Martin, présidente du comité Personnes âgées.txt;C:\Users\PC\Desktop\Project_Internship\Index_Insight\Database\FdF_database\Un écran ne remplacera jamais une rencontre - Marie-Laure Martin, présidente du comité Personnes âgées.txt;2175;77;0.03540230;0;0;0;1;15;0;1;0;3;0;2;0;0;4;0;0;1;2;0;0;0;2;0;0;0;0;3;45;0;3;0;9;0;6;0;0;4;0;0;1;2;0;0;0;2;0;0;0;0;0;2;0;0;0;0;0;0;0;0;0;0;0;0;0;0;0;0;0;0
Un_fil_a_tisser.txt;Database\Vada_database\Un_fil_a_tisser.txt;C:\Users\PC\Desktop\Project_Internship\Index_Insight\Database\Vada_database\Un_fil_a_tisser.txt;677;24;0.03545052;0;1;0;0;1;0;0;0;0;0;3;0;0;0;0;0;0;0;0;0;0;7;0;0;5;0;0;3;0;0;0;0;0;9;0;0;0;0;0;0;0;0;0;0;7;0;0;0;0;0;0;0;0;0;0;0;0;0;0;0;0;0;0;0;0;0;0;0;0
Un_temps_pour_soi.txt;Database\Vada_database\Un_temps_pour_soi.txt;C:\Users\PC\Desktop\Project_Internship\Index_Insight\Database\Vada_database\Un_temps_pour_soi.txt;733;26;0.03547067;0;1;0;0;0;0;6;0;0;0;0;0;0;0;0;0;0;0;0;0;0;1;2;0;5;0;0;0;0;18;0;0;0;0;0;0;0;0;0;0;0;0;0;0;1;2;0;0;0;0;0;0;0;0;0;0;0;0;0;0;0;0;0;0;0;0;0;0;0
Transport_a_la_demande.txt;Database\Vada_database\Transport_a_la_demande.txt;C:\Users\PC\Desktop\Project_Internship\Index_Insight\Database\Vada_database\Transport_a_la_demande.txt;590;21;0.03559322;0;1;0;0;1;0;2;1;0;0;0;0;0;0;2;0;2;0;0;0;0;0;0;0;5;0;0;3;0;6;3;0;0;0;0;0;0;2;0;2;0;0;0;0;0;0;0;0;0;0;0;0;0;0;0;0;0;0;0;0;0;0;0;0;0;0;0;0;0
Still_living.txt;Database\Vada_database\Still_living.txt;C:\Users\PC\Desktop\Project_Internship\Index_Insight\Database\Vada_database\Still_living.txt;674;24;0.03560831;0;1;0;0;3;0;1;0;0;0;1;0;0;0;0;0;3;0;0;0;0;1;0;0;5;0;0;9;0;3;0;0;0;3;0;0;0;0;0;3;0;0;0;0;1;0;0;0;0;0;0;0;0;0;0;0;0;0;0;0;0;0;0;0;0;0;0;0;0
Actions_culturelles_partagees_en_direction_des_residents_en_ehpad.txt;Database\Vada_database\Actions_culturelles_partagees_en_direction_des_residents_en_ehpad.txt;C:\Users\PC\Desktop\Project_Internship\Index_Insight\Database\Vada_database\Actions_culturelles_partagees_en_direction_des_residents_en_ehpad.txt;980;35;0.03571429;0;1;0;0;2;0;3;0;0;0;0;0;0;12;0;0;0;0;0;0;0;1;0;0;5;0;0;6;0;9;0;0;0;0;0;0;12;0;0;0;0;0;0;0;1;0;0;0;0;0;0;0;0;0;0;0;0;0;0;2;0;0;0;0;0;0;0;0;0
Partage_bien_avec_soi_bien_avec_les_autres.txt;Database\Vada_database\Partage_bien_avec_soi_bien_avec_les_autres.txt;C:\Users\PC\Desktop\Project_Internship\Index_Insight\Database\Vada_database\Partage_bien_avec_soi_bien_avec_les_autres.txt;699;25;0.03576538;0;0;0;0;0;0;3;0;0;0;4;0;0;0;0;0;3;0;0;0;0;1;0;0;0;0;0;0;0;9;0;0;0;12;0;0;0;0;0;3;0;0;0;0;1;0;0;0;0;0;0;0;0;0;0;0;0;0;0;0;0;0;0;0;0;0;0;0;0
Accompagnement_au_developpement_de_lhabitat_participatif.txt;Database\Vada_database\Accompagnement_au_developpement_de_lhabitat_participatif.txt;C:\Users\PC\Desktop\Project_Internship\Index_Insight\Database\Vada_database\Accompagnement_au_developpement_de_lhabitat_participatif.txt;1784;64;0.03587444;0;0;0;0;4;0;13;0;1;0;0;0;0;6;1;0;2;0;0;0;0;1;0;0;0;0;0;12;0;39;0;3;0;0;0;0;6;1;0;2;0;0;0;0;1;0;0;0;0;0;0;0;0;0;0;0;0;0;0;0;0;0;0;0;0;0;0;0;0
Logement_daccueil_temporaire_pour_les_personnes_agees_en_milieu_rural.txt;Database\Vada_database\Logement_daccueil_temporaire_pour_les_personnes_agees_en_milieu_rural.txt;C:\Users\PC\Desktop\Project_Internship\Index_Insight\Database\Vada_database\Logement_daccueil_temporaire_pour_les_personnes_agees_en_milieu_rural.txt;863;31;0.03592121;0;1;0;0;6;0;1;0;0;0;0;0;0;0;0;1;1;0;0;0;0;0;1;0;5;0;0;18;0;3;0;0;0;0;0;0;0;0;1;1;0;0;0;0;0;1;0;0;0;0;2;0;0;0;0;0;0;0;0;0;0;0;0;0;0;0;0;0;0
tirer_les_enseignements_de_la_crise_de_la_covid_19.txt;Database\cnsa_database\tirer_les_enseignements_de_la_crise_de_la_covid_19.txt;C:\Users\PC\Desktop\Project_Internship\Index_Insight\Database\cnsa_database\tirer_les_enseignements_de_la_crise_de_la_covid_19.txt;1029;37;0.03595724;0;0;0;0;7;1;0;0;2;0;1;0;0;1;0;1;1;0;0;0;0;1;0;0;0;0;0;21;3;0;0;6;0;3;0;0;1;0;1;1;0;0;0;0;1;0;0;0;0;0;0;0;0;0;0;0;0;0;0;0;0;0;0;0;0;0;0;0;0
FICHE_ACTION_Se_deplacer_librement_et_en_toute_sec.txt;Database\Fiches_actions_database\FICHE_ACTION_Se_deplacer_librement_et_en_toute_sec.txt;C:\Users\PC\Desktop\Project_Internship\Index_Insight\Database\Fiches_actions_database\FICHE_ACTION_Se_deplacer_librement_et_en_toute_sec.txt;666;24;0.03603604;0;0;0;0;3;0;0;0;1;0;1;0;1;0;4;0;3;0;0;0;0;1;0;0;0;0;0;9;0;0;0;3;0;3;0;1;0;4;0;3;0;0;0;0;1;0;0;0;0;0;0;0;0;0;0;0;0;0;0;0;0;0;0;0;0;0;0;0;0
Cafe_des_proches_aidantes.txt;Database\Vada_database\Cafe_des_proches_aidantes.txt;C:\Users\PC\Desktop\Project_Internship\Index_Insight\Database\Vada_database\Cafe_des_proches_aidantes.txt;526;19;0.03612167;0;1;0;0;0;0;1;0;0;0;0;0;0;0;0;0;0;0;0;0;0;0;11;0;5;0;0;0;0;3;0;0;0;0;0;0;0;0;0;0;0;0;0;0;0;11;0;0;0;0;0;0;0;0;0;0;0;0;0;0;0;0;0;0;0;0;0;0;0
Memoires_vives.txt;Database\Vada_database\Memoires_vives.txt;C:\Users\PC\Desktop\Project_Internship\Index_Insight\Database\Vada_database\Memoires_vives.txt;774;28;0.03617571;0;1;0;0;4;1;0;0;0;2;0;0;0;1;0;0;0;0;0;0;0;1;0;0;5;0;0;12;3;0;0;0;6;0;0;0;1;0;0;0;0;0;0;0;1;0;0;0;0;0;0;0;0;0;0;0;0;0;0;0;0;0;0;0;0;0;0;0;0
Des_seances_de_prevention_a_destination_des_aines.txt;Database\Vada_database\Des_seances_de_prevention_a_destination_des_aines.txt;C:\Users\PC\Desktop\Project_Internship\Index_Insight\Database\Vada_database\Des_seances_de_prevention_a_destination_des_aines.txt;745;27;0.03624161;0;0;0;0;1;0;7;0;0;1;0;0;0;0;0;0;0;0;0;0;0;0;0;0;0;0;0;3;0;21;0;0;3;0;0;0;0;0;0;0;0;0;0;0;0;0;0;0;0;0;0;0;0;0;0;0;0;0;0;0;0;0;0;0;0;0;0;0;0
Cafes_sante.txt;Database\Vada_database\Cafes_sante.txt;C:\Users\PC\Desktop\Project_Internship\Index_Insight\Database\Vada_database\Cafes_sante.txt;688;25;0.03633721;0;1;0;0;0;0;6;0;0;0;0;0;0;0;0;0;0;0;0;2;0;0;0;0;5;0;0;0;0;18;0;0;0;0;0;0;0;0;0;0;0;0;2;0;0;0;0;0;0;0;0;0;0;0;0;0;0;0;0;0;0;0;0;0;0;0;0;0;0
Enformlyon_une_application_au_service_du_sport_et_de_la_sante.txt;Database\Vada_database\Enformlyon_une_application_au_service_du_sport_et_de_la_sante.txt;C:\Users\PC\Desktop\Project_Internship\Index_Insight\Database\Vada_database\Enformlyon_une_application_au_service_du_sport_et_de_la_sante.txt;962;35;0.03638254;0;1;0;0;0;0;5;0;1;0;2;0;0;1;1;0;4;0;0;0;0;0;0;0;5;0;0;0;0;15;0;3;0;6;0;0;1;1;0;4;0;0;0;0;0;0;0;0;0;0;0;0;0;0;0;0;0;0;0;0;0;0;0;0;0;0;0;0;0
Sport_avec_lufolep_et_gym_a_domicile.txt;Database\Vada_database\Sport_avec_lufolep_et_gym_a_domicile.txt;C:\Users\PC\Desktop\Project_Internship\Index_Insight\Database\Vada_database\Sport_avec_lufolep_et_gym_a_domicile.txt;654;24;0.03669725;0;1;0;0;0;0;3;1;0;0;0;0;0;0;2;0;1;0;0;0;0;4;0;0;5;0;0;0;0;9;3;0;0;0;0;0;0;2;0;1;0;0;0;0;4;0;0;0;0;0;0;0;0;0;0;0;0;0;0;0;0;0;0;0;0;0;0;0;0
Fiche-action_6_-_Alimentation.txt;Database\Fiches_actions_database\Fiche-action_6_-_Alimentation.txt;C:\Users\PC\Desktop\Project_Internship\Index_Insight\Database\Fiches_actions_database\Fiche-action_6_-_Alimentation.txt;245;9;0.03673469;0;0;0;0;1;0;0;0;1;0;0;0;0;0;0;0;0;0;0;0;0;3;0;0;0;0;0;3;0;0;0;3;0;0;0;0;0;0;0;0;0;0;0;0;3;0;0;0;0;0;0;0;0;0;0;0;0;0;0;0;0;0;0;0;0;0;0;0;0
Des_aines_sur_les_ondes.txt;Database\Vada_database\Des_aines_sur_les_ondes.txt;C:\Users\PC\Desktop\Project_Internship\Index_Insight\Database\Vada_database\Des_aines_sur_les_ondes.txt;1332;49;0.03678679;1;0;0;0;7;0;1;0;0;2;0;0;0;13;0;0;1;0;0;0;0;0;0;5;0;0;0;21;0;3;0;0;6;0;0;0;13;0;0;1;0;0;0;0;0;0;0;0;0;0;0;0;0;0;0;0;0;0;0;0;0;0;0;0;0;0;0;0;0
Ateliers_mobilite.txt;Database\Vada_database\Ateliers_mobilite.txt;C:\Users\PC\Desktop\Project_Internship\Index_Insight\Database\Vada_database\Ateliers_mobilite.txt;652;24;0.03680982;0;1;0;0;1;0;2;0;0;0;0;0;0;0;6;0;1;0;0;0;0;1;0;0;5;0;0;3;0;6;0;0;0;0;0;0;0;6;0;1;0;0;0;0;1;0;0;0;0;0;0;0;0;0;0;0;0;0;0;0;2;0;0;0;0;0;0;0;0
41_SPECTACLE_PLUS_JAMAIS_SEULE.txt;Database\Cnav_database\41_SPECTACLE_PLUS_JAMAIS_SEULE.txt;C:\Users\PC\Desktop\Project_Internship\Index_Insight\Database\Cnav_database\41_SPECTACLE_PLUS_JAMAIS_SEULE.txt;516;19;0.03682171;0;0;0;0;0;0;0;2;1;0;0;0;0;0;0;0;0;0;0;0;0;10;0;0;0;0;0;0;0;0;6;3;0;0;0;0;0;0;0;0;0;0;0;0;10;0;0;0;0;0;0;0;0;0;0;0;0;0;0;0;0;0;0;0;0;0;0;0;0
Reamenagement_du_jardin_ALLENDE.txt;Database\Vada_database\Reamenagement_du_jardin_ALLENDE.txt;C:\Users\PC\Desktop\Project_Internship\Index_Insight\Database\Vada_database\Reamenagement_du_jardin_ALLENDE.txt;703;26;0.03698435;0;1;0;0;1;0;5;0;0;0;0;1;0;0;0;0;0;0;0;0;0;0;0;0;5;0;0;3;0;15;0;0;0;0;3;0;0;0;0;0;0;0;0;0;0;0;0;0;0;0;0;0;0;0;0;0;0;0;0;0;0;0;0;0;0;0;0;0;0
Cafe_Senior_Pour_un_usage_securise_du_numerique.txt;Database\Vada_database\Cafe_Senior_Pour_un_usage_securise_du_numerique.txt;C:\Users\PC\Desktop\Project_Internship\Index_Insight\Database\Vada_database\Cafe_Senior_Pour_un_usage_securise_du_numerique.txt;675;25;0.03703704;0;1;0;0;1;0;4;1;0;0;0;0;0;0;0;0;1;0;0;0;0;1;0;0;5;0;0;3;0;12;3;0;0;0;0;0;0;0;0;1;0;0;0;0;1;0;0;0;0;0;0;0;0;0;0;0;0;0;0;0;0;0;0;0;0;0;0;0;0
Tous_au_theatre_pour_la_cohabitation_intergenerationnelle.txt;Database\Vada_database\Tous_au_theatre_pour_la_cohabitation_intergenerationnelle.txt;C:\Users\PC\Desktop\Project_Internship\Index_Insight\Database\Vada_database\Tous_au_theatre_pour_la_cohabitation_intergenerationnelle.txt;1025;38;0.03707317;0;1;0;1;0;0;7;0;1;0;0;0;2;0;0;1;1;0;0;0;0;2;0;0;5;0;3;0;0;21;0;3;0;0;0;2;0;0;1;1;0;0;0;0;2;0;0;0;0;0;0;0;0;0;0;0;0;0;0;0;0;0;0;0;0;0;0;0;0
LES_CHAISES_CONVIVIALES_DES_CHAISES_DESIGN_QUI_CREENT_DU_LIEN_SOCIAL_ENTRE_LES_GENERATIONS.txt;Database\Vada_database\LES_CHAISES_CONVIVIALES_DES_CHAISES_DESIGN_QUI_CREENT_DU_LIEN_SOCIAL_ENTRE_LES_GENERATIONS.txt;C:\Users\PC\Desktop\Project_Internship\Index_Insight\Database\Vada_database\LES_CHAISES_CONVIVIALES_DES_CHAISES_DESIGN_QUI_CREENT_DU_LIEN_SOCIAL_ENTRE_LES_GENERATIONS.txt;863;32;0.03707995;0;1;0;2;3;0;2;0;1;0;0;0;0;0;0;0;0;0;0;0;0;3;0;0;5;0;6;9;0;6;0;3;0;0;0;0;0;0;0;0;0;0;0;0;3;0;0;0;0;0;0;0;0;0;0;0;0;0;0;0;0;0;0;0;0;0;0;0;0
cap_sur_les_metiers_de_l_autonomie.txt;Database\cnsa_database\cap_sur_les_metiers_de_l_autonomie.txt;C:\Users\PC\Desktop\Project_Internship\Index_Insight\Database\cnsa_database\cap_sur_les_metiers_de_l_autonomie.txt;700;26;0.03714286;0;0;0;1;1;0;0;0;0;1;2;0;0;0;1;0;8;0;0;0;0;0;0;0;0;0;3;3;0;0;0;0;3;6;0;0;0;1;0;8;0;0;0;0;0;0;0;0;0;0;0;0;0;0;0;0;0;0;0;0;0;0;2;0;0;0;0;0;0
Cine_dOr.txt;Database\Vada_database\Cine_dOr.txt;C:\Users\PC\Desktop\Project_Internship\Index_Insight\Database\Vada_database\Cine_dOr.txt;861;32;0.03716609;0;0;0;0;1;0;8;0;0;1;0;0;0;0;1;0;0;0;0;0;0;1;0;0;0;0;0;3;0;24;0;0;3;0;0;0;0;1;0;0;0;0;0;0;1;0;0;0;0;0;0;0;0;0;0;0;0;0;0;0;0;0;0;0;0;0;0;0;0
Realisation_dun_clip_video_intergenerationnel_arts_urbains_cultures_urbaines.txt;Database\Vada_database\Realisation_dun_clip_video_intergenerationnel_arts_urbains_cultures_urbaines.txt;C:\Users\PC\Desktop\Project_Internship\Index_Insight\Database\Vada_database\Realisation_dun_clip_video_intergenerationnel_arts_urbains_cultures_urbaines.txt;564;21;0.03723404;0;0;0;0;1;0;1;0;0;0;1;2;0;0;0;0;4;0;0;0;0;0;0;0;0;0;0;3;0;3;0;0;0;3;6;0;0;0;0;4;0;0;0;0;0;0;0;0;0;0;0;0;0;0;0;0;0;2;0;0;0;0;0;0;0;0;0;0;0
Au_four_et_au_moulin.txt;Database\Vada_database\Au_four_et_au_moulin.txt;C:\Users\PC\Desktop\Project_Internship\Index_Insight\Database\Vada_database\Au_four_et_au_moulin.txt;938;35;0.03731343;0;1;0;0;0;1;7;0;0;0;0;2;0;0;0;0;0;0;0;0;0;0;0;0;5;0;0;0;3;21;0;0;0;0;6;0;0;0;0;0;0;0;0;0;0;0;0;0;0;0;0;0;0;0;0;0;0;0;0;0;0;0;0;0;0;0;0;0;0
DIVIACCES_un_service_personnalise_pour_les_personnes_a_mobilite_reduite.txt;Database\Vada_database\DIVIACCES_un_service_personnalise_pour_les_personnes_a_mobilite_reduite.txt;C:\Users\PC\Desktop\Project_Internship\Index_Insight\Database\Vada_database\DIVIACCES_un_service_personnalise_pour_les_personnes_a_mobilite_reduite.txt;1279;48;0.03752932;0;0;0;0;9;0;4;0;0;0;0;0;0;0;7;0;0;0;0;0;0;0;0;0;0;0;0;27;0;12;0;0;0;0;0;0;0;7;0;0;0;0;0;0;0;0;0;0;0;0;0;0;0;0;0;0;0;0;0;0;2;0;0;0;0;0;0;0;0
Atout Age redonner confiance aux personnes âgées.txt;Database\FdF_database\Atout Age redonner confiance aux personnes âgées.txt;C:\Users\PC\Desktop\Project_Internship\Index_Insight\Database\FdF_database\Atout Age redonner confiance aux personnes âgées.txt;1887;71;0.03762586;0;0;0;0;10;0;0;0;0;0;11;0;0;0;1;0;0;0;0;0;0;3;0;0;0;0;0;30;0;0;0;0;0;33;0;0;0;1;0;0;0;0;0;0;3;0;0;0;0;0;2;0;0;0;0;0;2;0;0;0;0;0;0;0;0;0;0;0;0
Une_convention_CCAS_-_Bailleur_social_pour_accompagner_le_parcours_residentiel_tout_au_long_de_la_vie.txt;Database\Vada_database\Une_convention_CCAS_-_Bailleur_social_pour_accompagner_le_parcours_residentiel_tout_au_long_de_la_vie.txt;C:\Users\PC\Desktop\Project_Internship\Index_Insight\Database\Vada_database\Une_convention_CCAS_-_Bailleur_social_pour_accompagner_le_parcours_residentiel_tout_au_long_de_la_vie.txt;877;33;0.03762828;0;1;0;0;4;0;4;0;0;0;0;0;0;0;1;0;2;0;0;0;0;1;0;0;5;0;0;12;0;12;0;0;0;0;0;0;0;1;0;2;0;0;0;0;1;0;0;0;0;0;0;0;0;0;0;0;0;0;0;0;0;0;0;0;0;0;0;0;0
Ateliers_de_consultation_sur_les_nouveaux_pictogrammes_naolib.txt;Database\Vada_database\Ateliers_de_consultation_sur_les_nouveaux_pictogrammes_naolib.txt;C:\Users\PC\Desktop\Project_Internship\Index_Insight\Database\Vada_database\Ateliers_de_consultation_sur_les_nouveaux_pictogrammes_naolib.txt;688;26;0.03779070;0;1;0;0;1;0;5;0;0;0;0;0;0;0;3;0;0;0;0;0;0;0;0;0;5;0;0;3;0;15;0;0;0;0;0;0;0;3;0;0;0;0;0;0;0;0;0;0;0;0;0;0;0;0;0;0;0;0;0;0;0;0;0;0;0;0;0;0;0
Miss_daisy_et_son_chauffeur.txt;Database\Vada_database\Miss_daisy_et_son_chauffeur.txt;C:\Users\PC\Desktop\Project_Internship\Index_Insight\Database\Vada_database\Miss_daisy_et_son_chauffeur.txt;476;18;0.03781513;0;1;0;0;0;0;3;0;0;0;0;0;0;0;1;0;1;0;0;0;0;2;0;0;5;0;0;0;0;9;0;0;0;0;0;0;0;1;0;1;0;0;0;0;2;0;0;0;0;0;0;0;0;0;0;0;0;0;0;0;0;0;0;0;0;0;0;0;0
Papyfoot_Mamyfoot.txt;Database\Vada_database\Papyfoot_Mamyfoot.txt;C:\Users\PC\Desktop\Project_Internship\Index_Insight\Database\Vada_database\Papyfoot_Mamyfoot.txt;899;34;0.03781980;0;3;0;0;2;0;0;0;0;0;3;1;0;0;0;0;1;0;0;0;0;0;0;0;15;0;0;6;0;0;0;0;0;9;3;0;0;0;0;1;0;0;0;0;0;0;0;0;0;0;0;0;0;0;0;0;0;0;0;0;0;0;0;0;0;0;0;0;0
Lequilibre_dans_tous_ses_etats.txt;Database\Vada_database\Lequilibre_dans_tous_ses_etats.txt;C:\Users\PC\Desktop\Project_Internship\Index_Insight\Database\Vada_database\Lequilibre_dans_tous_ses_etats.txt;608;23;0.03782895;0;1;0;0;1;0;4;0;0;0;0;0;1;0;0;0;2;0;0;0;0;0;0;0;5;0;0;3;0;12;0;0;0;0;0;1;0;0;0;2;0;0;0;0;0;0;0;0;0;0;0;0;0;0;0;0;0;0;0;0;0;0;0;0;0;0;0;0;0
Vivre et vieillir parmi les autres.txt;Database\FdF_database\Vivre et vieillir parmi les autres.txt;C:\Users\PC\Desktop\Project_Internship\Index_Insight\Database\FdF_database\Vivre et vieillir parmi les autres.txt;3271;124;0.03790890;0;0;0;1;15;0;3;0;5;2;6;3;0;6;0;2;4;1;0;0;0;4;0;0;0;0;3;45;0;9;0;15;6;18;9;0;6;0;2;4;1;0;0;0;4;0;0;0;0;0;0;0;0;0;2;0;0;0;0;0;0;0;0;0;0;0;0;0;0
Boucle_actisante_ameliorez_votre_sante_et_decouvrez_nice_autrement.txt;Database\Vada_database\Boucle_actisante_ameliorez_votre_sante_et_decouvrez_nice_autrement.txt;C:\Users\PC\Desktop\Project_Internship\Index_Insight\Database\Vada_database\Boucle_actisante_ameliorez_votre_sante_et_decouvrez_nice_autrement.txt;632;24;0.03797468;0;1;0;0;1;0;4;0;0;0;1;0;0;0;0;0;1;0;0;0;0;0;0;0;5;0;0;3;0;12;0;0;0;3;0;0;0;0;0;1;0;0;0;0;0;0;0;0;0;0;0;0;0;0;0;0;0;0;0;0;0;0;0;0;0;0;0;0;0
A_Dijon_la_culture_accessible_a_tous.txt;Database\Vada_database\A_Dijon_la_culture_accessible_a_tous.txt;C:\Users\PC\Desktop\Project_Internship\Index_Insight\Database\Vada_database\A_Dijon_la_culture_accessible_a_tous.txt;684;26;0.03801170;0;1;0;0;1;0;3;2;0;0;1;0;0;0;0;0;0;0;0;0;0;0;0;0;5;0;0;3;0;9;6;0;0;3;0;0;0;0;0;0;0;0;0;0;0;0;0;0;0;0;0;0;0;0;0;0;0;0;0;0;0;0;0;0;0;0;0;0;0
Tour_olympique_et_paralympique_des_hauts-de-seine_top_92.txt;Database\Vada_database\Tour_olympique_et_paralympique_des_hauts-de-seine_top_92.txt;C:\Users\PC\Desktop\Project_Internship\Index_Insight\Database\Vada_database\Tour_olympique_et_paralympique_des_hauts-de-seine_top_92.txt;605;23;0.03801653;0;1;0;0;0;0;5;0;0;0;0;1;0;0;0;0;0;0;0;0;0;0;0;0;5;0;0;0;0;15;0;0;0;0;3;0;0;0;0;0;0;0;0;0;0;0;0;0;0;0;0;0;0;0;0;0;0;0;0;0;0;0;0;0;0;0;0;0;0
Carte_senior.txt;Database\Vada_database\Carte_senior.txt;C:\Users\PC\Desktop\Project_Internship\Index_Insight\Database\Vada_database\Carte_senior.txt;683;26;0.03806735;0;0;0;1;1;0;3;3;0;0;0;0;0;0;0;0;0;0;0;0;0;2;0;0;0;0;3;3;0;9;9;0;0;0;0;0;0;0;0;0;0;0;0;0;2;0;0;0;0;0;0;0;0;0;0;0;0;0;0;0;0;0;0;0;0;0;0;0;0
LA_papotheque.txt;Database\Vada_database\LA_papotheque.txt;C:\Users\PC\Desktop\Project_Internship\Index_Insight\Database\Vada_database\LA_papotheque.txt;708;27;0.03813559;0;1;0;0;5;0;0;0;0;0;0;1;0;0;0;0;0;0;0;0;0;4;0;0;5;0;0;15;0;0;0;0;0;0;3;0;0;0;0;0;0;0;0;0;4;0;0;0;0;0;0;0;0;0;0;0;0;0;0;0;0;0;0;0;0;0;0;0;0
Fiche-action_18_-_Guide_annuaire_des_praticiens.txt;Database\Fiches_actions_database\Fiche-action_18_-_Guide_annuaire_des_praticiens.txt;C:\Users\PC\Desktop\Project_Internship\Index_Insight\Database\Fiches_actions_database\Fiche-action_18_-_Guide_annuaire_des_praticiens.txt;236;9;0.03813559;0;0;0;0;2;0;0;0;1;0;0;0;0;0;0;0;0;0;0;0;0;0;0;0;0;0;0;6;0;0;0;3;0;0;0;0;0;0;0;0;0;0;0;0;0;0;0;0;0;0;0;0;0;0;0;0;0;0;0;0;0;0;0;0;0;0;0;0;0
Super_senior.txt;Database\Vada_database\Super_senior.txt;C:\Users\PC\Desktop\Project_Internship\Index_Insight\Database\Vada_database\Super_senior.txt;838;32;0.03818616;0;1;0;0;0;0;9;0;0;0;0;0;0;0;0;0;0;0;0;0;0;0;0;0;5;0;0;0;0;27;0;0;0;0;0;0;0;0;0;0;0;0;0;0;0;0;0;0;0;0;0;0;0;0;0;0;0;0;0;0;0;0;0;0;0;0;0;0;0
MEMOIRE_DES_SAGES.txt;Database\Vada_database\MEMOIRE_DES_SAGES.txt;C:\Users\PC\Desktop\Project_Internship\Index_Insight\Database\Vada_database\MEMOIRE_DES_SAGES.txt;785;30;0.03821656;0;1;0;0;0;0;4;0;2;0;0;2;0;1;0;0;0;0;0;0;0;0;0;0;5;0;0;0;0;12;0;6;0;0;6;0;1;0;0;0;0;0;0;0;0;0;0;0;0;0;0;0;0;0;0;0;0;0;0;0;0;0;0;0;0;0;0;0;0
Vacances_vivantes.txt;Database\Vada_database\Vacances_vivantes.txt;C:\Users\PC\Desktop\Project_Internship\Index_Insight\Database\Vada_database\Vacances_vivantes.txt;1255;48;0.03824701;0;1;0;0;7;0;0;1;0;0;0;0;0;0;6;7;0;0;0;0;0;6;0;0;5;0;0;21;0;0;3;0;0;0;0;0;0;6;7;0;0;0;0;0;6;0;0;0;0;0;0;0;0;0;0;0;0;0;0;0;0;0;0;0;0;0;0;0;0
FICHE_ACTION_2_Informations_senior__ligne_telephon.txt;Database\Fiches_actions_database\FICHE_ACTION_2_Informations_senior__ligne_telephon.txt;C:\Users\PC\Desktop\Project_Internship\Index_Insight\Database\Fiches_actions_database\FICHE_ACTION_2_Informations_senior__ligne_telephon.txt;365;14;0.03835616;0;0;0;0;1;0;3;0;0;0;0;0;0;0;0;0;1;0;0;0;0;1;0;0;0;0;0;3;0;9;0;0;0;0;0;0;0;0;0;1;0;0;0;0;1;0;0;0;0;0;0;0;0;0;0;0;0;0;0;0;0;0;0;0;0;0;0;0;0
Theatre_Partages_ateliers_de_theatre_intergenerationnel.txt;Database\Vada_database\Theatre_Partages_ateliers_de_theatre_intergenerationnel.txt;C:\Users\PC\Desktop\Project_Internship\Index_Insight\Database\Vada_database\Theatre_Partages_ateliers_de_theatre_intergenerationnel.txt;963;37;0.03842160;0;0;0;0;4;0;1;0;0;0;1;4;0;0;3;0;1;0;0;0;0;1;0;0;0;0;0;12;0;3;0;0;0;3;12;0;0;3;0;1;0;0;0;0;1;0;0;0;0;0;0;0;0;0;0;0;0;2;0;0;0;0;0;0;0;0;0;0;0
Journee_olympique_handi-intergenerationnelle.txt;Database\Vada_database\Journee_olympique_handi-intergenerationnelle.txt;C:\Users\PC\Desktop\Project_Internship\Index_Insight\Database\Vada_database\Journee_olympique_handi-intergenerationnelle.txt;389;15;0.03856041;0;1;0;0;0;0;1;0;0;1;0;0;0;3;1;0;0;0;0;0;0;0;0;0;5;0;0;0;0;3;0;0;3;0;0;0;3;1;0;0;0;0;0;0;0;0;0;0;0;0;0;0;0;0;0;0;0;0;0;0;0;0;0;0;0;0;0;0;0
Sport_loisir_detente_-_sport_adapte.txt;Database\Vada_database\Sport_loisir_detente_-_sport_adapte.txt;C:\Users\PC\Desktop\Project_Internship\Index_Insight\Database\Vada_database\Sport_loisir_detente_-_sport_adapte.txt;363;14;0.03856749;0;1;0;0;0;0;3;0;0;0;0;0;0;0;0;0;0;0;0;0;0;0;0;0;5;0;0;0;0;9;0;0;0;0;0;0;0;0;0;0;0;0;0;0;0;0;0;0;0;0;0;0;0;0;0;0;0;0;0;0;0;0;0;0;0;0;0;0;0
Une_brochure_pratique_par_et_pour_les_aines.txt;Database\Vada_database\Une_brochure_pratique_par_et_pour_les_aines.txt;C:\Users\PC\Desktop\Project_Internship\Index_Insight\Database\Vada_database\Une_brochure_pratique_par_et_pour_les_aines.txt;803;31;0.03860523;0;2;0;1;5;0;1;0;0;0;0;0;0;0;0;0;0;0;0;0;0;0;0;0;10;0;3;15;0;3;0;0;0;0;0;0;0;0;0;0;0;0;0;0;0;0;0;0;0;0;0;0;0;0;0;0;0;0;0;0;0;0;0;0;0;0;0;0;0
La_navette_city_voyager_gratuitement_au_cur_de_la_ville.txt;Database\Vada_database\La_navette_city_voyager_gratuitement_au_cur_de_la_ville.txt;C:\Users\PC\Desktop\Project_Internship\Index_Insight\Database\Vada_database\La_navette_city_voyager_gratuitement_au_cur_de_la_ville.txt;620;24;0.03870968;0;0;0;0;4;0;0;0;0;0;2;0;0;0;6;0;0;0;0;0;0;0;0;0;0;0;0;12;0;0;0;0;0;6;0;0;0;6;0;0;0;0;0;0;0;0;0;0;0;0;0;0;0;0;0;0;0;0;0;0;0;0;0;0;0;0;0;0;0
Une_animation_Securite_en_mer_et_sur_nos_cotes_pour_les_seniors_Royannais.txt;Database\Vada_database\Une_animation_Securite_en_mer_et_sur_nos_cotes_pour_les_seniors_Royannais.txt;C:\Users\PC\Desktop\Project_Internship\Index_Insight\Database\Vada_database\Une_animation_Securite_en_mer_et_sur_nos_cotes_pour_les_seniors_Royannais.txt;954;37;0.03878407;0;1;0;0;0;0;10;0;0;0;0;0;0;0;0;0;0;0;0;0;0;0;0;0;5;0;0;0;0;30;0;0;0;0;0;0;0;0;0;0;0;0;0;0;0;0;0;0;0;0;0;0;2;0;0;0;0;0;0;0;0;0;0;0;0;0;0;0;0
Un_projet_intergenerationnel_autour_de_lopera_little_nemo.txt;Database\Vada_database\Un_projet_intergenerationnel_autour_de_lopera_little_nemo.txt;C:\Users\PC\Desktop\Project_Internship\Index_Insight\Database\Vada_database\Un_projet_intergenerationnel_autour_de_lopera_little_nemo.txt;742;29;0.03908356;0;0;0;0;5;0;0;0;0;0;0;4;0;0;0;0;0;0;0;0;0;0;0;0;0;0;0;15;0;0;0;0;0;0;12;0;0;0;0;0;0;0;0;0;0;0;0;0;0;0;0;0;0;0;0;0;0;2;0;0;0;0;0;0;0;0;0;0;0
Projet_revelations_-_laccompagnement_des_seniors_vers_la_vie_en_colocation_dans_le_logement_social.txt;Database\Vada_database\Projet_revelations_-_laccompagnement_des_seniors_vers_la_vie_en_colocation_dans_le_logement_social.txt;C:\Users\PC\Desktop\Project_Internship\Index_Insight\Database\Vada_database\Projet_revelations_-_laccompagnement_des_seniors_vers_la_vie_en_colocation_dans_le_logement_social.txt;1046;41;0.03919694;0;0;0;0;0;0;9;0;2;0;1;0;0;0;0;0;3;0;0;0;0;0;0;0;0;0;0;0;0;27;0;6;0;3;0;0;0;0;0;3;0;0;0;0;0;0;0;0;0;0;0;0;2;0;0;0;0;0;0;0;0;0;0;0;0;0;0;0;0
Prevention_des_chutes_et_ateliers_memoires.txt;Database\Vada_database\Prevention_des_chutes_et_ateliers_memoires.txt;C:\Users\PC\Desktop\Project_Internship\Index_Insight\Database\Vada_database\Prevention_des_chutes_et_ateliers_memoires.txt;535;21;0.03925234;0;1;0;0;0;0;4;0;0;0;1;0;0;0;0;0;1;0;0;0;0;0;0;0;5;0;0;0;0;12;0;0;0;3;0;0;0;0;0;1;0;0;0;0;0;0;0;0;0;0;0;0;0;0;0;0;0;0;0;0;0;0;0;0;0;0;0;0;0
Liberez_la_memoire.txt;Database\Vada_database\Liberez_la_memoire.txt;C:\Users\PC\Desktop\Project_Internship\Index_Insight\Database\Vada_database\Liberez_la_memoire.txt;762;30;0.03937008;1;1;0;0;0;0;5;0;1;0;0;0;0;0;0;0;2;0;0;0;0;0;0;5;5;0;0;0;0;15;0;3;0;0;0;0;0;0;0;2;0;0;0;0;0;0;0;0;0;0;0;0;0;0;0;0;0;0;0;0;0;0;0;0;0;0;0;0;0
Une_equipe_mobile_pour_favoriser_la_bientraitance.txt;Database\Vada_database\Une_equipe_mobile_pour_favoriser_la_bientraitance.txt;C:\Users\PC\Desktop\Project_Internship\Index_Insight\Database\Vada_database\Une_equipe_mobile_pour_favoriser_la_bientraitance.txt;711;28;0.03938115;0;1;0;0;3;0;1;0;0;0;0;0;0;6;0;1;4;0;0;0;0;0;0;0;5;0;0;9;0;3;0;0;0;0;0;0;6;0;1;4;0;0;0;0;0;0;0;0;0;0;0;0;0;0;0;0;0;0;0;0;0;0;0;0;0;0;0;0;0
Repas_partage.txt;Database\Vada_database\Repas_partage.txt;C:\Users\PC\Desktop\Project_Internship\Index_Insight\Database\Vada_database\Repas_partage.txt;583;23;0.03945111;0;1;0;0;3;0;2;0;0;0;0;0;0;0;0;0;0;0;0;0;0;3;0;0;5;0;0;9;0;6;0;0;0;0;0;0;0;0;0;0;0;0;0;0;3;0;0;0;0;0;0;0;0;0;0;0;0;0;0;0;0;0;0;0;0;0;0;0;0
Passe-moi_ton_savoir.txt;Database\Vada_database\Passe-moi_ton_savoir.txt;C:\Users\PC\Desktop\Project_Internship\Index_Insight\Database\Vada_database\Passe-moi_ton_savoir.txt;557;22;0.03949731;0;1;0;0;0;0;4;0;0;0;0;1;0;0;0;0;1;0;0;0;0;1;0;0;5;0;0;0;0;12;0;0;0;0;3;0;0;0;0;1;0;0;0;0;1;0;0;0;0;0;0;0;0;0;0;0;0;0;0;0;0;0;0;0;0;0;0;0;0
Un_service_daccompagnement_vehicule.txt;Database\Vada_database\Un_service_daccompagnement_vehicule.txt;C:\Users\PC\Desktop\Project_Internship\Index_Insight\Database\Vada_database\Un_service_daccompagnement_vehicule.txt;1311;52;0.03966438;0;0;0;0;7;0;2;2;0;3;0;1;0;0;4;0;1;0;0;0;0;2;0;0;0;0;0;21;0;6;6;0;9;0;3;0;0;4;0;1;0;0;0;0;2;0;0;0;0;0;0;0;0;0;0;0;0;0;0;0;0;0;0;0;0;0;0;0;0
Forum_Seniors_et_Numerique.txt;Database\Vada_database\Forum_Seniors_et_Numerique.txt;C:\Users\PC\Desktop\Project_Internship\Index_Insight\Database\Vada_database\Forum_Seniors_et_Numerique.txt;907;36;0.03969129;0;0;0;0;2;0;5;4;0;0;0;0;0;0;0;0;0;0;0;0;0;1;0;0;0;0;0;6;0;15;12;0;0;0;0;0;0;0;0;0;0;0;0;0;1;0;0;0;0;0;0;0;2;0;0;0;0;0;0;0;0;0;0;0;0;0;0;0;0
Cine_senior.txt;Database\Vada_database\Cine_senior.txt;C:\Users\PC\Desktop\Project_Internship\Index_Insight\Database\Vada_database\Cine_senior.txt;629;25;0.03974563;0;1;0;0;0;0;6;0;0;0;0;0;0;1;0;0;0;0;0;0;0;1;0;0;5;0;0;0;0;18;0;0;0;0;0;0;1;0;0;0;0;0;0;0;1;0;0;0;0;0;0;0;0;0;0;0;0;0;0;0;0;0;0;0;0;0;0;0;0
Maison_Hapi.txt;Database\Vada_database\Maison_Hapi.txt;C:\Users\PC\Desktop\Project_Internship\Index_Insight\Database\Vada_database\Maison_Hapi.txt;676;27;0.03994083;0;1;0;0;1;0;6;0;0;0;0;0;0;0;0;0;1;0;0;0;0;0;0;0;5;0;0;3;0;18;0;0;0;0;0;0;0;0;0;1;0;0;0;0;0;0;0;0;0;0;0;0;0;0;0;0;0;0;0;0;0;0;0;0;0;0;0;0;0
Voisines_solidaires.txt;Database\Vada_database\Voisines_solidaires.txt;C:\Users\PC\Desktop\Project_Internship\Index_Insight\Database\Vada_database\Voisines_solidaires.txt;575;23;0.04000000;0;0;0;1;1;0;1;0;0;0;1;3;0;0;0;0;2;0;0;0;0;0;0;0;0;0;3;3;0;3;0;0;0;3;9;0;0;0;0;2;0;0;0;0;0;0;0;0;0;0;0;0;0;0;0;0;0;0;0;0;0;0;0;0;0;0;0;0;0
Prevention_des_chutes_par_le_Silver_xiii_equilibre.txt;Database\Vada_database\Prevention_des_chutes_par_le_Silver_xiii_equilibre.txt;C:\Users\PC\Desktop\Project_Internship\Index_Insight\Database\Vada_database\Prevention_des_chutes_par_le_Silver_xiii_equilibre.txt;1074;43;0.04003724;0;1;0;2;0;0;6;2;0;0;2;0;0;0;0;0;1;0;0;0;0;1;0;0;5;0;6;0;0;18;6;0;0;6;0;0;0;0;0;1;0;0;0;0;1;0;0;0;0;0;0;0;0;0;0;0;0;0;0;0;0;0;0;0;0;0;0;0;0
Ateliers_dinitiation_au_numerique.txt;Database\Vada_database\Ateliers_dinitiation_au_numerique.txt;C:\Users\PC\Desktop\Project_Internship\Index_Insight\Database\Vada_database\Ateliers_dinitiation_au_numerique.txt;699;28;0.04005722;0;0;0;0;4;0;4;0;0;0;0;0;0;0;0;0;0;0;0;0;0;4;0;0;0;0;0;12;0;12;0;0;0;0;0;0;0;0;0;0;0;0;0;0;4;0;0;0;0;0;0;0;0;0;0;0;0;0;0;0;0;0;0;0;0;0;0;0;0
Fiche8-Atelierbienvieillir.txt;Database\Fiches_actions_database\Fiche8-Atelierbienvieillir.txt;C:\Users\PC\Desktop\Project_Internship\Index_Insight\Database\Fiches_actions_database\Fiche8-Atelierbienvieillir.txt;249;10;0.04016064;0;0;0;0;0;0;1;0;1;0;0;1;0;0;0;0;1;0;0;0;0;0;0;0;0;0;0;0;0;3;0;3;0;0;3;0;0;0;0;1;0;0;0;0;0;0;0;0;0;0;0;0;0;0;0;0;0;0;0;0;0;0;0;0;0;0;0;0;0
Installation_de_mobilier_urbain_adapte_en_zone_urbaine.txt;Database\Vada_database\Installation_de_mobilier_urbain_adapte_en_zone_urbaine.txt;C:\Users\PC\Desktop\Project_Internship\Index_Insight\Database\Vada_database\Installation_de_mobilier_urbain_adapte_en_zone_urbaine.txt;746;30;0.04021448;0;2;0;1;0;0;3;0;0;0;1;0;0;0;4;0;1;0;0;0;0;0;0;0;10;0;3;0;0;9;0;0;0;3;0;0;0;4;0;1;0;0;0;0;0;0;0;0;0;0;0;0;0;0;0;0;0;0;0;0;0;0;0;0;0;0;0;0;0
La_residence_des_personnes_agees_implantee_au_cur_du_village_de_Claix.txt;Database\Vada_database\La_residence_des_personnes_agees_implantee_au_cur_du_village_de_Claix.txt;C:\Users\PC\Desktop\Project_Internship\Index_Insight\Database\Vada_database\La_residence_des_personnes_agees_implantee_au_cur_du_village_de_Claix.txt;843;34;0.04033215;0;0;0;2;6;0;0;1;0;0;0;0;0;0;2;0;2;0;0;0;0;1;0;0;0;0;6;18;0;0;3;0;0;0;0;0;0;2;0;2;0;0;0;0;1;0;0;0;0;0;2;0;0;0;0;0;0;0;0;0;0;0;0;0;0;0;0;0;0
Des_activites_sportives_adaptees_dans_mon_quartier.txt;Database\Vada_database\Des_activites_sportives_adaptees_dans_mon_quartier.txt;C:\Users\PC\Desktop\Project_Internship\Index_Insight\Database\Vada_database\Des_activites_sportives_adaptees_dans_mon_quartier.txt;1113;45;0.04043127;0;1;0;0;0;0;11;0;0;0;2;0;0;0;0;0;0;0;0;0;0;1;0;0;5;0;0;0;0;33;0;0;0;6;0;0;0;0;0;0;0;0;0;0;1;0;0;0;0;0;0;0;0;0;0;0;0;0;0;0;0;0;0;0;0;0;0;0;0
Viens_je_temmene_danser_un_the_dansant_organise_pour_les_aines_de_la_commune.txt;Database\Vada_database\Viens_je_temmene_danser_un_the_dansant_organise_pour_les_aines_de_la_commune.txt;C:\Users\PC\Desktop\Project_Internship\Index_Insight\Database\Vada_database\Viens_je_temmene_danser_un_the_dansant_organise_pour_les_aines_de_la_commune.txt;519;21;0.04046243;0;1;0;0;1;0;1;0;0;0;3;0;0;0;0;0;0;0;0;0;0;1;0;0;5;0;0;3;0;3;0;0;0;9;0;0;0;0;0;0;0;0;0;0;1;0;0;0;0;0;0;0;0;0;0;0;0;0;0;0;0;0;0;0;0;0;0;0;0
Atelier_de_mediation_animale.txt;Database\Vada_database\Atelier_de_mediation_animale.txt;C:\Users\PC\Desktop\Project_Internship\Index_Insight\Database\Vada_database\Atelier_de_mediation_animale.txt;542;22;0.04059041;0;1;0;0;0;0;4;0;0;0;0;1;0;0;0;0;0;0;0;0;0;1;1;0;5;0;0;0;0;12;0;0;0;0;3;0;0;0;0;0;0;0;0;0;1;1;0;0;0;0;0;0;0;0;0;0;0;0;0;0;0;0;0;0;0;0;0;0;0
Projet_de_vie_sociale_et_partagee_par_la_realisation_dun_habitat_inclusif_en_milieu_rural.txt;Database\Vada_database\Projet_de_vie_sociale_et_partagee_par_la_realisation_dun_habitat_inclusif_en_milieu_rural.txt;C:\Users\PC\Desktop\Project_Internship\Index_Insight\Database\Vada_database\Projet_de_vie_sociale_et_partagee_par_la_realisation_dun_habitat_inclusif_en_milieu_rural.txt;689;28;0.04063861;0;1;0;0;2;0;1;0;0;1;0;0;0;2;1;1;2;0;0;0;0;5;0;0;5;0;0;6;0;3;0;0;3;0;0;0;2;1;1;2;0;0;0;0;5;0;0;0;0;0;0;0;0;0;0;0;0;0;0;0;0;0;0;0;0;0;0;0;0
Mediation_animale_approche_de_lequitherapie_pour_les_seniors.txt;Database\Vada_database\Mediation_animale_approche_de_lequitherapie_pour_les_seniors.txt;C:\Users\PC\Desktop\Project_Internship\Index_Insight\Database\Vada_database\Mediation_animale_approche_de_lequitherapie_pour_les_seniors.txt;982;40;0.04073320;0;1;0;0;3;0;5;0;0;1;1;0;0;0;0;0;1;0;0;0;0;2;0;0;5;0;0;9;0;15;0;0;3;3;0;0;0;0;0;1;0;0;0;0;2;0;0;0;0;0;0;0;2;0;0;0;0;0;0;0;0;0;0;0;0;0;0;0;0
Des_ateliers_bien-etre_a_destination_des_plus_de_60_ans.txt;Database\Vada_database\Des_ateliers_bien-etre_a_destination_des_plus_de_60_ans.txt;C:\Users\PC\Desktop\Project_Internship\Index_Insight\Database\Vada_database\Des_ateliers_bien-etre_a_destination_des_plus_de_60_ans.txt;736;30;0.04076087;0;1;0;0;2;0;4;0;0;0;1;0;0;0;0;0;3;0;0;0;0;1;0;0;5;0;0;6;0;12;0;0;0;3;0;0;0;0;0;3;0;0;0;0;1;0;0;0;0;0;0;0;0;0;0;0;0;0;0;0;0;0;0;0;0;0;0;0;0
les_Mardis_du_logement.txt;Database\Vada_database\les_Mardis_du_logement.txt;C:\Users\PC\Desktop\Project_Internship\Index_Insight\Database\Vada_database\les_Mardis_du_logement.txt;736;30;0.04076087;0;0;0;0;0;0;10;0;0;0;0;0;0;0;0;0;0;0;0;0;0;0;0;0;0;0;0;0;0;30;0;0;0;0;0;0;0;0;0;0;0;0;0;0;0;0;0;0;0;0;0;0;0;0;0;0;0;0;0;0;0;0;0;0;0;0;0;0;0
Louise_et_Compagnie_La_COLOCEtudiante_Solidaire.txt;Database\Vada_database\Louise_et_Compagnie_La_COLOCEtudiante_Solidaire.txt;C:\Users\PC\Desktop\Project_Internship\Index_Insight\Database\Vada_database\Louise_et_Compagnie_La_COLOCEtudiante_Solidaire.txt;613;25;0.04078303;0;1;0;0;5;0;0;1;0;0;0;0;0;0;0;1;0;0;0;0;0;1;0;0;5;0;0;15;0;0;3;0;0;0;0;0;0;0;1;0;0;0;0;0;1;0;0;0;0;0;0;0;0;0;0;0;0;0;0;0;0;0;0;0;0;0;0;0;0
Initiation_des_enfants_de_9_et_14_ans_aux_metiers_manuels_du_patrimoine.txt;Database\Vada_database\Initiation_des_enfants_de_9_et_14_ans_aux_metiers_manuels_du_patrimoine.txt;C:\Users\PC\Desktop\Project_Internship\Index_Insight\Database\Vada_database\Initiation_des_enfants_de_9_et_14_ans_aux_metiers_manuels_du_patrimoine.txt;735;30;0.04081633;0;0;0;0;0;0;3;4;1;1;1;0;0;0;0;0;0;0;0;0;0;0;0;0;0;0;0;0;0;9;12;3;3;3;0;0;0;0;0;0;0;0;0;0;0;0;0;0;0;0;0;0;0;0;0;0;0;0;0;0;0;0;0;0;0;0;0;0;0
Partageons_nos_cultures_et_nos_loisirs.txt;Database\Vada_database\Partageons_nos_cultures_et_nos_loisirs.txt;C:\Users\PC\Desktop\Project_Internship\Index_Insight\Database\Vada_database\Partageons_nos_cultures_et_nos_loisirs.txt;488;20;0.04098361;0;1;0;0;0;1;1;0;0;0;1;1;0;0;0;0;0;0;0;0;0;3;0;0;5;0;0;0;3;3;0;0;0;3;3;0;0;0;0;0;0;0;0;0;3;0;0;0;0;0;0;0;0;0;0;0;0;0;0;0;0;0;0;0;0;0;0;0;0
Lobligation alimentaire, la récupération sur succe.txt;Database\Hcfea_database\Lobligation alimentaire, la récupération sur succe.txt;C:\Users\PC\Desktop\Project_Internship\Index_Insight\Database\Hcfea_database\Lobligation alimentaire, la récupération sur succe.txt;1122;46;0.04099822;0;0;0;0;4;0;0;0;0;0;8;0;0;6;0;4;0;0;0;0;0;0;0;0;0;0;0;12;0;0;0;0;0;24;0;0;6;0;4;0;0;0;0;0;0;0;0;0;0;0;0;0;0;0;0;0;0;0;0;0;0;0;0;0;0;0;0;0;0
D-marche_cest_surtout_pour_tout_le_monde.txt;Database\Vada_database\D-marche_cest_surtout_pour_tout_le_monde.txt;C:\Users\PC\Desktop\Project_Internship\Index_Insight\Database\Vada_database\D-marche_cest_surtout_pour_tout_le_monde.txt;731;30;0.04103967;0;2;0;0;2;0;0;0;0;0;4;0;1;0;0;0;0;0;0;0;0;1;0;0;10;0;0;6;0;0;0;0;0;12;0;1;0;0;0;0;0;0;0;0;1;0;0;0;0;0;0;0;0;0;0;0;0;0;0;0;0;0;0;0;0;0;0;0;0
Atelier_cuisine_avec_un_grand_chef.txt;Database\Vada_database\Atelier_cuisine_avec_un_grand_chef.txt;C:\Users\PC\Desktop\Project_Internship\Index_Insight\Database\Vada_database\Atelier_cuisine_avec_un_grand_chef.txt;706;29;0.04107649;0;1;0;0;2;0;4;2;0;0;0;0;0;0;0;0;0;0;0;0;0;0;0;0;5;0;0;6;0;12;6;0;0;0;0;0;0;0;0;0;0;0;0;0;0;0;0;0;0;0;0;0;0;0;0;0;0;0;0;0;0;0;0;0;0;0;0;0;0
Loutil_en_main_de_Saumur.txt;Database\Vada_database\Loutil_en_main_de_Saumur.txt;C:\Users\PC\Desktop\Project_Internship\Index_Insight\Database\Vada_database\Loutil_en_main_de_Saumur.txt;728;30;0.04120879;0;0;0;0;0;0;3;4;1;1;1;0;0;0;0;0;0;0;0;0;0;0;0;0;0;0;0;0;0;9;12;3;3;3;0;0;0;0;0;0;0;0;0;0;0;0;0;0;0;0;0;0;0;0;0;0;0;0;0;0;0;0;0;0;0;0;0;0;0
La_residence_alpine.txt;Database\Vada_database\La_residence_alpine.txt;C:\Users\PC\Desktop\Project_Internship\Index_Insight\Database\Vada_database\La_residence_alpine.txt;870;36;0.04137931;0;1;0;0;5;0;1;0;0;0;1;2;0;0;0;0;2;0;0;0;0;2;0;0;5;0;0;15;0;3;0;0;0;3;6;0;0;0;0;2;0;0;0;0;2;0;0;0;0;0;0;0;0;0;0;0;0;0;0;0;0;0;0;0;0;0;0;0;0
Outil_en_main_Versailles.txt;Database\Vada_database\Outil_en_main_Versailles.txt;C:\Users\PC\Desktop\Project_Internship\Index_Insight\Database\Vada_database\Outil_en_main_Versailles.txt;725;30;0.04137931;0;0;0;0;0;0;3;4;1;1;1;0;0;0;0;0;0;0;0;0;0;0;0;0;0;0;0;0;0;9;12;3;3;3;0;0;0;0;0;0;0;0;0;0;0;0;0;0;0;0;0;0;0;0;0;0;0;0;0;0;0;0;0;0;0;0;0;0;0
Journee_intergenerations.txt;Database\Vada_database\Journee_intergenerations.txt;C:\Users\PC\Desktop\Project_Internship\Index_Insight\Database\Vada_database\Journee_intergenerations.txt;435;18;0.04137931;0;0;0;0;4;0;0;1;0;0;0;1;0;0;0;0;0;0;0;0;0;0;0;0;0;0;0;12;0;0;3;0;0;0;3;0;0;0;0;0;0;0;0;0;0;0;0;0;0;0;0;0;0;0;0;0;0;0;0;0;0;0;0;0;0;0;0;0;0
Un_transport_gratuit_pour_les_Moreuillois.txt;Database\Vada_database\Un_transport_gratuit_pour_les_Moreuillois.txt;C:\Users\PC\Desktop\Project_Internship\Index_Insight\Database\Vada_database\Un_transport_gratuit_pour_les_Moreuillois.txt;483;20;0.04140787;0;1;0;0;4;0;0;0;0;0;0;0;0;0;1;0;1;0;0;0;0;1;0;0;5;0;0;12;0;0;0;0;0;0;0;0;0;1;0;1;0;0;0;0;1;0;0;0;0;0;0;0;0;0;0;0;0;0;0;0;0;0;0;0;0;0;0;0;0
A_vos_fourchettes_moments_de_partage_autour_de_la_confection_dun_repas.txt;Database\Vada_database\A_vos_fourchettes_moments_de_partage_autour_de_la_confection_dun_repas.txt;C:\Users\PC\Desktop\Project_Internship\Index_Insight\Database\Vada_database\A_vos_fourchettes_moments_de_partage_autour_de_la_confection_dun_repas.txt;648;27;0.04166667;0;1;0;0;3;0;2;0;0;0;1;0;0;0;0;0;0;0;0;0;0;4;0;0;5;0;0;9;0;6;0;0;0;3;0;0;0;0;0;0;0;0;0;0;4;0;0;0;0;0;0;0;0;0;0;0;0;0;0;0;0;0;0;0;0;0;0;0;0
Le_tour_du_marche.txt;Database\Vada_database\Le_tour_du_marche.txt;C:\Users\PC\Desktop\Project_Internship\Index_Insight\Database\Vada_database\Le_tour_du_marche.txt;718;30;0.04178273;0;1;0;0;1;0;3;0;0;0;2;0;0;0;5;0;1;0;0;0;0;1;0;0;5;0;0;3;0;9;0;0;0;6;0;0;0;5;0;1;0;0;0;0;1;0;0;0;0;0;0;0;0;0;0;0;0;0;0;0;0;0;0;0;0;0;0;0;0
Le_service_etat_civil_mobile.txt;Database\Vada_database\Le_service_etat_civil_mobile.txt;C:\Users\PC\Desktop\Project_Internship\Index_Insight\Database\Vada_database\Le_service_etat_civil_mobile.txt;598;25;0.04180602;0;1;0;0;2;0;1;0;0;2;0;0;0;1;0;0;2;0;0;0;0;2;0;0;5;0;0;6;0;3;0;0;6;0;0;0;1;0;0;2;0;0;0;0;2;0;0;0;0;0;0;0;0;0;0;0;0;0;0;0;0;0;0;0;0;0;0;0;0
Fiche1-habitat.txt;Database\Fiches_actions_database\Fiche1-habitat.txt;C:\Users\PC\Desktop\Project_Internship\Index_Insight\Database\Fiches_actions_database\Fiche1-habitat.txt;287;12;0.04181185;0;0;0;1;1;0;0;1;0;1;0;0;0;0;0;0;0;0;0;0;0;0;0;0;0;0;3;3;0;0;3;0;3;0;0;0;0;0;0;0;0;0;0;0;0;0;0;0;0;0;0;0;0;0;0;0;0;0;0;0;0;0;0;0;0;0;0;0;0
Rencontres_intergenerationnelles_inter-ehpads_et_residences_autonomies.txt;Database\Vada_database\Rencontres_intergenerationnelles_inter-ehpads_et_residences_autonomies.txt;C:\Users\PC\Desktop\Project_Internship\Index_Insight\Database\Vada_database\Rencontres_intergenerationnelles_inter-ehpads_et_residences_autonomies.txt;596;25;0.04194631;0;1;0;0;1;0;3;0;0;0;0;1;0;4;0;0;0;0;0;0;0;1;0;0;5;0;0;3;0;9;0;0;0;0;3;0;4;0;0;0;0;0;0;0;1;0;0;0;0;0;0;0;0;0;0;0;0;0;0;0;0;0;0;0;0;0;0;0;0
38_EN_ACCOMPAGNANT_NOS_PARTENAIRES_DE_L_ACTION_SOC.txt;Database\Cnav_database\38_EN_ACCOMPAGNANT_NOS_PARTENAIRES_DE_L_ACTION_SOC.txt;C:\Users\PC\Desktop\Project_Internship\Index_Insight\Database\Cnav_database\38_EN_ACCOMPAGNANT_NOS_PARTENAIRES_DE_L_ACTION_SOC.txt;452;19;0.04203540;0;0;0;1;0;0;1;1;2;1;0;0;0;0;0;0;1;0;0;0;0;0;0;0;0;0;3;0;0;3;3;6;3;0;0;0;0;0;0;1;0;0;0;0;0;0;0;0;0;0;0;0;0;0;0;0;0;0;0;0;0;0;0;0;0;0;0;0;0
Batir_une_ville_pour_tous_les_ages.txt;Database\Vada_database\Batir_une_ville_pour_tous_les_ages.txt;C:\Users\PC\Desktop\Project_Internship\Index_Insight\Database\Vada_database\Batir_une_ville_pour_tous_les_ages.txt;1305;55;0.04214559;0;1;0;10;6;0;0;0;0;0;0;0;1;0;0;0;1;0;0;0;0;0;0;0;5;0;30;18;0;0;0;0;0;0;0;1;0;0;0;1;0;0;0;0;0;0;0;0;0;0;0;0;0;0;0;0;0;0;0;0;0;0;0;0;0;0;0;0;0
FICHE_Arlon_5.txt;Database\Fiches_actions_database\FICHE_Arlon_5.txt;C:\Users\PC\Desktop\Project_Internship\Index_Insight\Database\Fiches_actions_database\FICHE_Arlon_5.txt;568;24;0.04225352;0;0;0;0;3;4;0;0;0;0;1;0;0;0;0;0;0;0;0;0;0;0;0;0;0;0;0;9;12;0;0;0;0;3;0;0;0;0;0;0;0;0;0;0;0;0;0;0;0;0;0;0;0;0;0;0;0;0;0;0;0;0;0;0;0;0;0;0;0
65.txt;Database\Vada_database\65.txt;C:\Users\PC\Desktop\Project_Internship\Index_Insight\Database\Vada_database\65.txt;779;33;0.04236200;0;1;0;0;1;0;5;0;0;0;3;0;0;0;0;0;0;0;0;0;0;1;0;0;5;0;0;3;0;15;0;0;0;9;0;0;0;0;0;0;0;0;0;0;1;0;0;0;0;0;0;0;0;0;0;0;0;0;0;0;0;0;0;0;0;0;0;0;0
29_CARSAT_CENTRE-VAL_DE_LOIRE.txt;Database\Cnav_database\29_CARSAT_CENTRE-VAL_DE_LOIRE.txt;C:\Users\PC\Desktop\Project_Internship\Index_Insight\Database\Cnav_database\29_CARSAT_CENTRE-VAL_DE_LOIRE.txt;684;29;0.04239766;0;0;0;0;0;0;3;3;1;0;0;0;0;0;3;0;2;0;0;0;0;3;0;0;0;0;0;0;0;9;9;3;0;0;0;0;0;3;0;2;0;0;0;0;3;0;0;0;0;0;0;0;0;0;0;0;0;0;0;0;0;0;0;0;0;0;0;0;0
Les_gestes_qui_sauvent.txt;Database\Vada_database\Les_gestes_qui_sauvent.txt;C:\Users\PC\Desktop\Project_Internship\Index_Insight\Database\Vada_database\Les_gestes_qui_sauvent.txt;448;19;0.04241071;0;1;0;0;1;0;2;0;0;0;1;0;0;0;0;0;2;0;0;0;0;0;0;0;5;0;0;3;0;6;0;0;0;3;0;0;0;0;0;2;0;0;0;0;0;0;0;0;0;0;0;0;0;0;0;0;0;0;0;0;0;0;0;0;0;0;0;0;0
14_CARSAT_SUD-EST.txt;Database\Cnav_database\14_CARSAT_SUD-EST.txt;C:\Users\PC\Desktop\Project_Internship\Index_Insight\Database\Cnav_database\14_CARSAT_SUD-EST.txt;542;23;0.04243542;0;0;0;0;0;0;5;1;0;0;1;0;0;0;0;0;1;0;0;0;0;1;0;0;0;0;0;0;0;15;3;0;0;3;0;0;0;0;0;1;0;0;0;0;1;0;0;0;0;0;0;0;0;0;0;0;0;0;0;0;0;0;0;0;0;0;0;0;0
Plaquettes_dinformations.txt;Database\Vada_database\Plaquettes_dinformations.txt;C:\Users\PC\Desktop\Project_Internship\Index_Insight\Database\Vada_database\Plaquettes_dinformations.txt;400;17;0.04250000;0;1;0;0;0;0;3;0;0;0;1;0;0;0;0;0;0;0;0;0;0;0;0;0;5;0;0;0;0;9;0;0;0;3;0;0;0;0;0;0;0;0;0;0;0;0;0;0;0;0;0;0;0;0;0;0;0;0;0;0;0;0;0;0;0;0;0;0;0
Un_Physio_Parc_pour_encourager_lactivite_physique_des_seniors.txt;Database\Vada_database\Un_Physio_Parc_pour_encourager_lactivite_physique_des_seniors.txt;C:\Users\PC\Desktop\Project_Internship\Index_Insight\Database\Vada_database\Un_Physio_Parc_pour_encourager_lactivite_physique_des_seniors.txt;540;23;0.04259259;0;1;0;1;0;0;3;0;0;0;1;0;0;0;1;0;0;0;0;0;0;0;0;0;5;0;3;0;0;9;0;0;0;3;0;0;0;1;0;0;0;0;0;0;0;0;0;0;0;0;0;0;2;0;0;0;0;0;0;0;0;0;0;0;0;0;0;0;0
MAMIES_Mamies_gateaux.txt;Database\Vada_database\MAMIES_Mamies_gateaux.txt;C:\Users\PC\Desktop\Project_Internship\Index_Insight\Database\Vada_database\MAMIES_Mamies_gateaux.txt;938;40;0.04264392;0;0;0;0;2;0;6;0;1;2;0;0;0;0;0;0;0;0;0;0;0;7;0;0;0;0;0;6;0;18;0;3;6;0;0;0;0;0;0;0;0;0;0;0;7;0;0;0;0;0;0;0;0;0;0;0;0;0;0;0;0;0;0;0;0;0;0;0;0
le_corps_de_la_ville.txt;Database\Vada_database\le_corps_de_la_ville.txt;C:\Users\PC\Desktop\Project_Internship\Index_Insight\Database\Vada_database\le_corps_de_la_ville.txt;1102;47;0.04264973;1;1;0;0;1;0;5;0;0;0;3;3;0;1;0;0;0;0;0;0;0;0;0;5;5;0;0;3;0;15;0;0;0;9;9;0;1;0;0;0;0;0;0;0;0;0;0;0;0;0;0;0;0;0;0;0;0;0;0;0;0;0;0;0;0;0;0;0;0
sejours_de_vacances_pour_les_personnes_agees_les_personnes_handicapees_et_leurs_aidants.txt;Database\cnsa_database\sejours_de_vacances_pour_les_personnes_agees_les_personnes_handicapees_et_leurs_aidants.txt;C:\Users\PC\Desktop\Project_Internship\Index_Insight\Database\cnsa_database\sejours_de_vacances_pour_les_personnes_agees_les_personnes_handicapees_et_leurs_aidants.txt;422;18;0.04265403;0;0;0;0;5;0;0;0;0;0;0;0;0;0;0;0;1;0;0;0;0;0;0;0;0;0;0;15;0;0;0;0;0;0;0;0;0;0;0;1;0;0;0;0;0;0;0;0;0;0;2;0;0;0;0;0;0;0;0;0;0;0;0;0;0;0;0;0;0
Bal_de_la_Saint_Nic.txt;Database\Vada_database\Bal_de_la_Saint_Nic.txt;C:\Users\PC\Desktop\Project_Internship\Index_Insight\Database\Vada_database\Bal_de_la_Saint_Nic.txt;867;37;0.04267589;0;1;0;0;2;0;3;0;0;0;0;5;0;0;0;0;2;0;0;0;0;0;0;0;5;0;0;6;0;9;0;0;0;0;15;0;0;0;0;2;0;0;0;0;0;0;0;0;0;0;0;0;0;0;0;0;0;0;0;0;0;0;0;0;0;0;0;0;0
Un_accompagnement_individualise_pour_un_nouvel_habitat_adapte.txt;Database\Vada_database\Un_accompagnement_individualise_pour_un_nouvel_habitat_adapte.txt;C:\Users\PC\Desktop\Project_Internship\Index_Insight\Database\Vada_database\Un_accompagnement_individualise_pour_un_nouvel_habitat_adapte.txt;866;37;0.04272517;0;0;0;0;3;0;7;0;0;0;0;0;0;3;0;3;0;0;0;0;0;1;0;0;0;0;0;9;0;21;0;0;0;0;0;0;3;0;3;0;0;0;0;0;1;0;0;0;0;0;0;0;0;0;0;0;0;0;0;0;0;0;0;0;0;0;0;0;0
Viens_avec_nous.txt;Database\Vada_database\Viens_avec_nous.txt;C:\Users\PC\Desktop\Project_Internship\Index_Insight\Database\Vada_database\Viens_avec_nous.txt;815;35;0.04294479;0;0;0;0;4;0;5;0;0;0;0;0;0;0;0;0;2;0;0;0;0;6;0;0;0;0;0;12;0;15;0;0;0;0;0;0;0;0;0;2;0;0;0;0;6;0;0;0;0;0;0;0;0;0;0;0;0;0;0;0;0;0;0;0;0;0;0;0;0
La_mode_a_ses_effets.txt;Database\Vada_database\La_mode_a_ses_effets.txt;C:\Users\PC\Desktop\Project_Internship\Index_Insight\Database\Vada_database\La_mode_a_ses_effets.txt;838;36;0.04295943;0;1;0;0;5;0;0;1;1;0;2;0;0;0;0;0;0;2;0;0;0;2;0;0;5;0;0;15;0;0;3;3;0;6;0;0;0;0;0;0;2;0;0;0;2;0;0;0;0;0;0;0;0;0;0;0;0;0;0;0;0;0;0;0;0;0;0;0;0
Experimentation_politique_globale_vers_les_aines.txt;Database\Vada_database\Experimentation_politique_globale_vers_les_aines.txt;C:\Users\PC\Desktop\Project_Internship\Index_Insight\Database\Vada_database\Experimentation_politique_globale_vers_les_aines.txt;954;41;0.04297694;0;0;3;3;0;1;4;0;0;0;0;0;0;0;0;0;2;0;0;0;0;0;0;0;0;15;9;0;3;12;0;0;0;0;0;0;0;0;0;2;0;0;0;0;0;0;0;0;0;0;0;0;0;0;0;0;0;0;0;0;0;0;0;0;0;0;0;0;0
Guide_des_commerces_de_proximite_ouverts.txt;Database\Vada_database\Guide_des_commerces_de_proximite_ouverts.txt;C:\Users\PC\Desktop\Project_Internship\Index_Insight\Database\Vada_database\Guide_des_commerces_de_proximite_ouverts.txt;511;22;0.04305284;0;1;0;0;4;0;1;0;0;0;0;0;0;0;0;0;0;0;0;0;0;2;0;0;5;0;0;12;0;3;0;0;0;0;0;0;0;0;0;0;0;0;0;0;2;0;0;0;0;0;0;0;0;0;0;0;0;0;0;0;0;0;0;0;0;0;0;0;0
Elus_du_CME_et_anciens_echangent_pour_preparer_ensemble_la_ceremonie_du_8_mai.txt;Database\Vada_database\Elus_du_CME_et_anciens_echangent_pour_preparer_ensemble_la_ceremonie_du_8_mai.txt;C:\Users\PC\Desktop\Project_Internship\Index_Insight\Database\Vada_database\Elus_du_CME_et_anciens_echangent_pour_preparer_ensemble_la_ceremonie_du_8_mai.txt;464;20;0.04310345;0;1;0;0;0;0;4;0;0;0;0;0;0;3;0;0;0;0;0;0;0;0;0;0;5;0;0;0;0;12;0;0;0;0;0;0;3;0;0;0;0;0;0;0;0;0;0;0;0;0;0;0;0;0;0;0;0;0;0;0;0;0;0;0;0;0;0;0;0
A_Dijon_une_maison_daccueil_pour_personnes_agees_marginalisees.txt;Database\Vada_database\A_Dijon_une_maison_daccueil_pour_personnes_agees_marginalisees.txt;C:\Users\PC\Desktop\Project_Internship\Index_Insight\Database\Vada_database\A_Dijon_une_maison_daccueil_pour_personnes_agees_marginalisees.txt;716;31;0.04329609;0;0;0;1;3;0;0;0;1;1;2;0;0;1;0;2;2;0;0;0;0;0;0;0;0;0;3;9;0;0;0;3;3;6;0;0;1;0;2;2;0;0;0;0;0;0;0;0;0;0;2;0;0;0;0;0;0;0;0;0;0;0;0;0;0;0;0;0;0
Un_concert_lyrique_pour_raviver_les_souvenirs.txt;Database\Vada_database\Un_concert_lyrique_pour_raviver_les_souvenirs.txt;C:\Users\PC\Desktop\Project_Internship\Index_Insight\Database\Vada_database\Un_concert_lyrique_pour_raviver_les_souvenirs.txt;485;21;0.04329897;0;2;0;0;2;0;1;0;0;0;0;0;0;0;0;0;0;0;0;0;0;2;0;0;10;0;0;6;0;3;0;0;0;0;0;0;0;0;0;0;0;0;0;0;2;0;0;0;0;0;0;0;0;0;0;0;0;0;0;0;0;0;0;0;0;0;0;0;0
Un_referent_Fragilite_pour_agir_en_prevention_de_la_perte_dautonomie_a_domicile.txt;Database\Vada_database\Un_referent_Fragilite_pour_agir_en_prevention_de_la_perte_dautonomie_a_domicile.txt;C:\Users\PC\Desktop\Project_Internship\Index_Insight\Database\Vada_database\Un_referent_Fragilite_pour_agir_en_prevention_de_la_perte_dautonomie_a_domicile.txt;1430;62;0.04335664;0;1;0;2;6;0;5;0;0;1;1;0;0;0;0;0;9;0;1;0;0;2;0;0;5;0;6;18;0;15;0;0;3;3;0;0;0;0;0;9;0;1;0;0;2;0;0;0;0;0;0;0;0;0;0;0;0;0;0;0;0;0;0;0;0;0;0;0;0
Scic_Les_3_Colonnes_du_maintien_a_domicile.txt;Database\Vada_database\Scic_Les_3_Colonnes_du_maintien_a_domicile.txt;C:\Users\PC\Desktop\Project_Internship\Index_Insight\Database\Vada_database\Scic_Les_3_Colonnes_du_maintien_a_domicile.txt;738;32;0.04336043;0;0;0;0;4;0;2;0;1;2;0;0;0;1;0;0;3;0;0;0;0;1;0;0;0;0;0;12;0;6;0;3;6;0;0;0;1;0;0;3;0;0;0;0;1;0;0;0;0;0;0;0;0;0;0;0;0;0;0;0;0;0;0;0;0;0;0;0;0
Un_accueil_de_jour_autonome.txt;Database\Vada_database\Un_accueil_de_jour_autonome.txt;C:\Users\PC\Desktop\Project_Internship\Index_Insight\Database\Vada_database\Un_accueil_de_jour_autonome.txt;761;33;0.04336399;0;1;0;0;3;0;3;0;0;0;1;0;0;0;0;0;6;0;0;0;0;1;0;0;5;0;0;9;0;9;0;0;0;3;0;0;0;0;0;6;0;0;0;0;1;0;0;0;0;0;0;0;0;0;0;0;0;0;0;0;0;0;0;0;0;0;0;0;0
Visites_a_domicile_numeriques.txt;Database\Vada_database\Visites_a_domicile_numeriques.txt;C:\Users\PC\Desktop\Project_Internship\Index_Insight\Database\Vada_database\Visites_a_domicile_numeriques.txt;830;36;0.04337349;0;1;0;0;6;0;2;0;0;0;0;0;0;0;1;0;2;0;0;0;0;4;0;0;5;0;0;18;0;6;0;0;0;0;0;0;0;1;0;2;0;0;0;0;4;0;0;0;0;0;0;0;0;0;0;0;0;0;0;0;0;0;0;0;0;0;0;0;0
fiche-action_4_new.txt;Database\Fiches_actions_database\fiche-action_4_new.txt;C:\Users\PC\Desktop\Project_Internship\Index_Insight\Database\Fiches_actions_database\fiche-action_4_new.txt;461;20;0.04338395;0;0;0;0;1;0;0;1;1;0;2;0;0;0;0;0;1;0;0;0;0;4;0;0;0;0;0;3;0;0;3;3;0;6;0;0;0;0;0;1;0;0;0;0;4;0;0;0;0;0;0;0;0;0;0;0;0;0;0;0;0;0;0;0;0;0;0;0;0
Dispositif_de_deneigement_a_destination_des_personnes_agees_et_handicapees.txt;Database\Vada_database\Dispositif_de_deneigement_a_destination_des_personnes_agees_et_handicapees.txt;C:\Users\PC\Desktop\Project_Internship\Index_Insight\Database\Vada_database\Dispositif_de_deneigement_a_destination_des_personnes_agees_et_handicapees.txt;668;29;0.04341317;0;1;0;0;6;0;1;0;0;0;0;0;0;0;0;0;0;0;0;0;0;1;0;0;5;0;0;18;0;3;0;0;0;0;0;0;0;0;0;0;0;0;0;0;1;0;0;0;0;0;2;0;0;0;0;0;0;0;0;0;0;0;0;0;0;0;0;0;0
Une_recherche_action_pour_favoriser_linclusion_des_aines_lgbt.txt;Database\Vada_database\Une_recherche_action_pour_favoriser_linclusion_des_aines_lgbt.txt;C:\Users\PC\Desktop\Project_Internship\Index_Insight\Database\Vada_database\Une_recherche_action_pour_favoriser_linclusion_des_aines_lgbt.txt;736;32;0.04347826;0;1;0;2;1;3;0;0;0;0;3;0;0;0;0;0;0;0;0;0;0;0;0;0;5;0;6;3;9;0;0;0;0;9;0;0;0;0;0;0;0;0;0;0;0;0;0;0;0;0;0;0;0;0;0;0;0;0;0;0;0;0;0;0;0;0;0;0;0
Une_recherche-action_pour_favoriser_linclusion_des_aines_LGBT.txt;Database\Vada_database\Une_recherche-action_pour_favoriser_linclusion_des_aines_LGBT.txt;C:\Users\PC\Desktop\Project_Internship\Index_Insight\Database\Vada_database\Une_recherche-action_pour_favoriser_linclusion_des_aines_LGBT.txt;735;32;0.04353741;0;1;0;2;1;3;0;0;0;0;3;0;0;0;0;0;0;0;0;0;0;0;0;0;5;0;6;3;9;0;0;0;0;9;0;0;0;0;0;0;0;0;0;0;0;0;0;0;0;0;0;0;0;0;0;0;0;0;0;0;0;0;0;0;0;0;0;0;0
0Mobival_un_service_de_transport_accompagne.txt;Database\Vada_database\0Mobival_un_service_de_transport_accompagne.txt;C:\Users\PC\Desktop\Project_Internship\Index_Insight\Database\Vada_database\0Mobival_un_service_de_transport_accompagne.txt;666;29;0.04354354;0;1;0;0;1;0;4;0;0;0;0;0;0;1;5;0;2;0;0;0;0;1;0;0;5;0;0;3;0;12;0;0;0;0;0;0;1;5;0;2;0;0;0;0;1;0;0;0;0;0;0;0;0;0;0;0;0;0;0;0;0;0;0;0;0;0;0;0;0
Ya_pas_dage_pour_marcher.txt;Database\Vada_database\Ya_pas_dage_pour_marcher.txt;C:\Users\PC\Desktop\Project_Internship\Index_Insight\Database\Vada_database\Ya_pas_dage_pour_marcher.txt;964;42;0.04356846;0;1;0;0;2;0;2;1;0;2;4;1;0;0;1;0;0;0;0;0;0;0;0;0;5;0;0;6;0;6;3;0;6;12;3;0;0;1;0;0;0;0;0;0;0;0;0;0;0;0;0;0;0;0;0;0;0;0;0;0;0;0;0;0;0;0;0;0;0
A_la_rencontre_des_ages.txt;Database\Vada_database\A_la_rencontre_des_ages.txt;C:\Users\PC\Desktop\Project_Internship\Index_Insight\Database\Vada_database\A_la_rencontre_des_ages.txt;803;35;0.04358655;0;1;0;0;8;0;0;0;0;0;1;0;0;0;0;0;3;0;0;0;0;0;0;0;5;0;0;24;0;0;0;0;0;3;0;0;0;0;0;3;0;0;0;0;0;0;0;0;0;0;0;0;0;0;0;0;0;0;0;0;0;0;0;0;0;0;0;0;0
Mon_fauteuil_mon_cafe_mon_journal.txt;Database\Vada_database\Mon_fauteuil_mon_cafe_mon_journal.txt;C:\Users\PC\Desktop\Project_Internship\Index_Insight\Database\Vada_database\Mon_fauteuil_mon_cafe_mon_journal.txt;390;17;0.04358974;0;1;0;0;2;0;0;0;0;0;1;0;0;0;0;0;1;0;0;0;0;2;0;0;5;0;0;6;0;0;0;0;0;3;0;0;0;0;0;1;0;0;0;0;2;0;0;0;0;0;0;0;0;0;0;0;0;0;0;0;0;0;0;0;0;0;0;0;0
Rencontre_autour_du_logement.txt;Database\Vada_database\Rencontre_autour_du_logement.txt;C:\Users\PC\Desktop\Project_Internship\Index_Insight\Database\Vada_database\Rencontre_autour_du_logement.txt;1078;47;0.04359926;0;1;0;1;3;0;4;2;0;0;2;0;0;2;2;2;0;0;0;0;0;0;0;0;5;0;3;9;0;12;6;0;0;6;0;0;2;2;2;0;0;0;0;0;0;0;0;0;0;0;0;0;0;0;0;0;0;0;0;0;0;0;0;0;0;0;0;0;0
Dispositif_danse_dans_les_jardins.txt;Database\Vada_database\Dispositif_danse_dans_les_jardins.txt;C:\Users\PC\Desktop\Project_Internship\Index_Insight\Database\Vada_database\Dispositif_danse_dans_les_jardins.txt;640;28;0.04375000;0;1;0;0;0;0;7;0;0;0;0;0;0;0;0;0;0;0;0;0;0;2;0;0;5;0;0;0;0;21;0;0;0;0;0;0;0;0;0;0;0;0;0;0;2;0;0;0;0;0;0;0;0;0;0;0;0;0;0;0;0;0;0;0;0;0;0;0;0
plan_d_aide_a_l_investissement_en_faveur_des_residences_autonomie_appel_a_projets_national_2023.txt;Database\cnsa_database\plan_d_aide_a_l_investissement_en_faveur_des_residences_autonomie_appel_a_projets_national_2023.txt;C:\Users\PC\Desktop\Project_Internship\Index_Insight\Database\cnsa_database\plan_d_aide_a_l_investissement_en_faveur_des_residences_autonomie_appel_a_projets_national_2023.txt;251;11;0.04382470;0;0;0;0;0;0;0;1;0;0;0;0;0;0;0;0;6;0;0;0;0;0;0;0;0;0;0;0;0;0;3;0;0;0;0;0;0;0;0;6;0;0;0;0;0;0;0;0;0;0;0;0;0;0;0;0;0;0;0;0;0;0;2;0;0;0;0;0;0
Bien_vieillir_dans_la_petite_ville_de_demain_aux_avirons.txt;Database\Vada_database\Bien_vieillir_dans_la_petite_ville_de_demain_aux_avirons.txt;C:\Users\PC\Desktop\Project_Internship\Index_Insight\Database\Vada_database\Bien_vieillir_dans_la_petite_ville_de_demain_aux_avirons.txt;844;37;0.04383886;0;1;0;1;0;0;3;0;3;0;2;0;0;0;1;0;1;0;0;0;0;1;0;0;5;0;3;0;0;9;0;9;0;6;0;0;0;1;0;1;0;0;0;0;1;0;0;0;0;0;0;0;0;0;2;0;0;0;0;0;0;0;0;0;0;0;0;0;0
Journee_detente.txt;Database\Vada_database\Journee_detente.txt;C:\Users\PC\Desktop\Project_Internship\Index_Insight\Database\Vada_database\Journee_detente.txt;1186;52;0.04384486;0;1;0;0;1;0;8;0;1;0;1;2;0;0;1;1;4;0;0;0;0;2;0;0;5;0;0;3;0;24;0;3;0;3;6;0;0;1;1;4;0;0;0;0;2;0;0;0;0;0;0;0;0;0;0;0;0;0;0;0;0;0;0;0;0;0;0;0;0
Papimamie_digital.txt;Database\Vada_database\Papimamie_digital.txt;C:\Users\PC\Desktop\Project_Internship\Index_Insight\Database\Vada_database\Papimamie_digital.txt;774;34;0.04392765;0;1;0;0;4;0;1;3;0;1;0;0;0;0;1;0;0;0;0;0;0;1;0;0;5;0;0;12;0;3;9;0;3;0;0;0;0;1;0;0;0;0;0;0;1;0;0;0;0;0;0;0;0;0;0;0;0;0;0;0;0;0;0;0;0;0;0;0;0
Forum_Bien_vieillir_dans_nos_communes.txt;Database\Vada_database\Forum_Bien_vieillir_dans_nos_communes.txt;C:\Users\PC\Desktop\Project_Internship\Index_Insight\Database\Vada_database\Forum_Bien_vieillir_dans_nos_communes.txt;865;38;0.04393064;0;0;0;1;0;0;5;0;4;0;1;0;0;0;0;0;3;0;0;0;0;0;0;0;0;0;3;0;0;15;0;12;0;3;0;0;0;0;0;3;0;0;0;0;0;0;0;0;0;0;0;0;0;0;2;0;0;0;0;0;0;0;0;0;0;0;0;0;0
Velo_gym_a_la_residence_autonomie_de_poul_ar_bachet.txt;Database\Vada_database\Velo_gym_a_la_residence_autonomie_de_poul_ar_bachet.txt;C:\Users\PC\Desktop\Project_Internship\Index_Insight\Database\Vada_database\Velo_gym_a_la_residence_autonomie_de_poul_ar_bachet.txt;728;32;0.04395604;0;2;0;0;1;0;0;0;0;0;1;0;0;1;0;0;13;0;0;0;0;0;0;0;10;0;0;3;0;0;0;0;0;3;0;0;1;0;0;13;0;0;0;0;0;0;0;0;0;0;0;0;0;0;0;0;0;0;0;0;0;0;2;0;0;0;0;0;0
Jardinage_un_jardin_intergenerationnel_a_caractere_therapeutique.txt;Database\Vada_database\Jardinage_un_jardin_intergenerationnel_a_caractere_therapeutique.txt;C:\Users\PC\Desktop\Project_Internship\Index_Insight\Database\Vada_database\Jardinage_un_jardin_intergenerationnel_a_caractere_therapeutique.txt;1107;49;0.04426378;0;1;0;1;1;0;1;1;0;0;6;3;0;1;1;0;0;0;0;0;0;1;0;0;5;0;3;3;0;3;3;0;0;18;9;0;1;1;0;0;0;0;0;0;1;0;0;0;0;0;0;0;0;0;0;0;0;2;0;0;0;0;0;0;0;0;0;0;0
Catalogue_dactivites_et_ateliers.txt;Database\Vada_database\Catalogue_dactivites_et_ateliers.txt;C:\Users\PC\Desktop\Project_Internship\Index_Insight\Database\Vada_database\Catalogue_dactivites_et_ateliers.txt;881;39;0.04426788;0;1;0;2;8;0;1;0;0;0;0;0;0;0;1;0;0;0;0;0;0;0;0;0;5;0;6;24;0;3;0;0;0;0;0;0;0;1;0;0;0;0;0;0;0;0;0;0;0;0;0;0;0;0;0;0;0;0;0;0;0;0;0;0;0;0;0;0;0
La_residence_Borea_des_appartements_regroupes_avec_services_partages.txt;Database\Vada_database\La_residence_Borea_des_appartements_regroupes_avec_services_partages.txt;C:\Users\PC\Desktop\Project_Internship\Index_Insight\Database\Vada_database\La_residence_Borea_des_appartements_regroupes_avec_services_partages.txt;925;41;0.04432432;0;1;0;0;6;0;2;2;0;0;0;0;0;0;1;2;1;0;0;0;0;2;0;0;5;0;0;18;0;6;6;0;0;0;0;0;0;1;2;1;0;0;0;0;2;0;0;0;0;0;0;0;0;0;0;0;0;0;0;0;0;0;0;0;0;0;0;0;0
Atelier_theatral_intergenerationnel.txt;Database\Vada_database\Atelier_theatral_intergenerationnel.txt;C:\Users\PC\Desktop\Project_Internship\Index_Insight\Database\Vada_database\Atelier_theatral_intergenerationnel.txt;676;30;0.04437870;0;0;0;2;0;0;3;0;0;0;0;4;0;0;0;0;0;0;0;0;0;1;0;0;0;0;6;0;0;9;0;0;0;0;12;0;0;0;0;0;0;0;0;0;1;0;0;0;0;0;0;0;0;0;0;0;0;2;0;0;0;0;0;0;0;0;0;0;0
Les_aperos_sexologiques.txt;Database\Vada_database\Les_aperos_sexologiques.txt;C:\Users\PC\Desktop\Project_Internship\Index_Insight\Database\Vada_database\Les_aperos_sexologiques.txt;518;23;0.04440154;0;1;0;0;0;0;6;0;0;0;0;0;0;0;0;0;0;0;0;0;0;0;0;0;5;0;0;0;0;18;0;0;0;0;0;0;0;0;0;0;0;0;0;0;0;0;0;0;0;0;0;0;0;0;0;0;0;0;0;0;0;0;0;0;0;0;0;0;0
Bien_vieillir_et_horizon_2024.txt;Database\Vada_database\Bien_vieillir_et_horizon_2024.txt;C:\Users\PC\Desktop\Project_Internship\Index_Insight\Database\Vada_database\Bien_vieillir_et_horizon_2024.txt;967;43;0.04446743;0;1;0;1;2;0;1;0;5;0;1;0;0;0;0;0;2;0;0;2;0;2;0;0;5;0;3;6;0;3;0;15;0;3;0;0;0;0;0;2;0;0;2;0;2;0;0;0;0;0;0;0;0;0;2;0;0;0;0;0;0;0;0;0;0;0;0;0;0
Mobilite_des_seniors_la_conduite_et_ses_alternatives_au_service_de_la_sante_et_du_lien_social.txt;Database\Vada_database\Mobilite_des_seniors_la_conduite_et_ses_alternatives_au_service_de_la_sante_et_du_lien_social.txt;C:\Users\PC\Desktop\Project_Internship\Index_Insight\Database\Vada_database\Mobilite_des_seniors_la_conduite_et_ses_alternatives_au_service_de_la_sante_et_du_lien_social.txt;1079;48;0.04448563;0;0;0;1;0;0;6;0;0;1;1;0;1;0;13;0;3;0;0;0;0;0;0;0;0;0;3;0;0;18;0;0;3;3;0;1;0;13;0;3;0;0;0;0;0;0;0;0;0;0;0;0;2;0;0;0;0;0;0;0;2;0;0;0;0;0;0;0;0
Communaute_amie_des_aines_de_la_Communaute_de_communes_du_Pays_de_Mormal.txt;Database\Vada_database\Communaute_amie_des_aines_de_la_Communaute_de_communes_du_Pays_de_Mormal.txt;C:\Users\PC\Desktop\Project_Internship\Index_Insight\Database\Vada_database\Communaute_amie_des_aines_de_la_Communaute_de_communes_du_Pays_de_Mormal.txt;809;36;0.04449938;0;1;0;0;3;0;6;0;1;0;0;0;0;1;0;0;0;0;0;0;0;0;0;0;5;0;0;9;0;18;0;3;0;0;0;0;1;0;0;0;0;0;0;0;0;0;0;0;0;0;0;0;0;0;0;0;0;0;0;0;0;0;0;0;0;0;0;0;0
Regards_croises.txt;Database\Vada_database\Regards_croises.txt;C:\Users\PC\Desktop\Project_Internship\Index_Insight\Database\Vada_database\Regards_croises.txt;762;34;0.04461942;1;1;0;0;0;1;3;0;0;0;0;2;0;0;0;0;2;0;0;0;0;4;0;5;5;0;0;0;3;9;0;0;0;0;6;0;0;0;0;2;0;0;0;0;4;0;0;0;0;0;0;0;0;0;0;0;0;0;0;0;0;0;0;0;0;0;0;0;0
Challenge_sante_seniors.txt;Database\Vada_database\Challenge_sante_seniors.txt;C:\Users\PC\Desktop\Project_Internship\Index_Insight\Database\Vada_database\Challenge_sante_seniors.txt;893;40;0.04479283;0;1;0;0;2;0;8;0;0;0;1;0;0;0;0;0;0;0;0;0;0;0;0;0;5;0;0;6;0;24;0;0;0;3;0;0;0;0;0;0;0;0;0;0;0;0;0;0;0;0;0;0;2;0;0;0;0;0;0;0;0;0;0;0;0;0;0;0;0
En_voiture_seniors.txt;Database\Vada_database\En_voiture_seniors.txt;C:\Users\PC\Desktop\Project_Internship\Index_Insight\Database\Vada_database\En_voiture_seniors.txt;781;35;0.04481434;0;1;0;0;1;0;6;0;0;0;0;0;0;0;5;0;2;0;0;0;0;0;0;0;5;0;0;3;0;18;0;0;0;0;0;0;0;5;0;2;0;0;0;0;0;0;0;0;0;0;0;0;2;0;0;0;0;0;0;0;0;0;0;0;0;0;0;0;0
Prendre_soin_de_soi.txt;Database\Vada_database\Prendre_soin_de_soi.txt;C:\Users\PC\Desktop\Project_Internship\Index_Insight\Database\Vada_database\Prendre_soin_de_soi.txt;669;30;0.04484305;0;1;0;0;0;0;4;0;3;0;1;0;0;1;0;0;0;0;0;0;0;0;0;0;5;0;0;0;0;12;0;9;0;3;0;0;1;0;0;0;0;0;0;0;0;0;0;0;0;0;0;0;0;0;0;0;0;0;0;0;0;0;0;0;0;0;0;0;0
Fiche-action_8_-_Mediateurs_en_etablissement.txt;Database\Fiches_actions_database\Fiche-action_8_-_Mediateurs_en_etablissement.txt;C:\Users\PC\Desktop\Project_Internship\Index_Insight\Database\Fiches_actions_database\Fiche-action_8_-_Mediateurs_en_etablissement.txt;377;17;0.04509284;0;0;0;0;5;0;0;0;0;0;0;0;0;1;0;0;1;0;0;0;0;0;0;0;0;0;0;15;0;0;0;0;0;0;0;0;1;0;0;1;0;0;0;0;0;0;0;0;0;0;0;0;0;0;0;0;0;0;0;0;0;0;0;0;0;0;0;0;0
La_verticalisation_des_personnes_agees_en_EHPAD.txt;Database\Vada_database\La_verticalisation_des_personnes_agees_en_EHPAD.txt;C:\Users\PC\Desktop\Project_Internship\Index_Insight\Database\Vada_database\La_verticalisation_des_personnes_agees_en_EHPAD.txt;620;28;0.04516129;0;1;0;0;4;0;0;0;0;0;0;0;0;7;0;0;0;0;0;0;0;0;0;0;5;0;0;12;0;0;0;0;0;0;0;0;7;0;0;0;0;0;0;0;0;0;0;0;0;0;2;0;0;0;0;0;0;0;0;2;0;0;0;0;0;0;0;0;0
Sortie_au_musee_des_confluences.txt;Database\Vada_database\Sortie_au_musee_des_confluences.txt;C:\Users\PC\Desktop\Project_Internship\Index_Insight\Database\Vada_database\Sortie_au_musee_des_confluences.txt;509;23;0.04518664;0;1;0;0;3;0;2;0;0;0;0;0;0;0;0;0;0;0;0;0;0;3;0;0;5;0;0;9;0;6;0;0;0;0;0;0;0;0;0;0;0;0;0;0;3;0;0;0;0;0;0;0;0;0;0;0;0;0;0;0;0;0;0;0;0;0;0;0;0
plan_d_aide_a_l_investissement_en_faveur_des_residences_autonomie_appel_a_projets_national_2022.txt;Database\cnsa_database\plan_d_aide_a_l_investissement_en_faveur_des_residences_autonomie_appel_a_projets_national_2022.txt;C:\Users\PC\Desktop\Project_Internship\Index_Insight\Database\cnsa_database\plan_d_aide_a_l_investissement_en_faveur_des_residences_autonomie_appel_a_projets_national_2022.txt;354;16;0.04519774;0;0;0;0;0;0;0;1;0;2;0;0;0;0;0;0;5;0;0;0;0;0;0;0;0;0;0;0;0;0;3;0;6;0;0;0;0;0;0;5;0;0;0;0;0;0;0;0;0;0;0;0;0;0;0;0;0;0;0;0;0;0;2;0;0;0;0;0;0
Fleuribus_le_minibus_intra_urbain.txt;Database\Vada_database\Fleuribus_le_minibus_intra_urbain.txt;C:\Users\PC\Desktop\Project_Internship\Index_Insight\Database\Vada_database\Fleuribus_le_minibus_intra_urbain.txt;597;27;0.04522613;0;1;0;0;0;0;6;0;0;0;0;0;0;0;3;0;1;0;0;0;0;0;0;0;5;0;0;0;0;18;0;0;0;0;0;0;0;3;0;1;0;0;0;0;0;0;0;0;0;0;0;0;0;0;0;0;0;0;0;0;0;0;0;0;0;0;0;0;0
Atelier_de_sensibilisation_aux_deplacements_pieton.txt;Database\Vada_database\Atelier_de_sensibilisation_aux_deplacements_pieton.txt;C:\Users\PC\Desktop\Project_Internship\Index_Insight\Database\Vada_database\Atelier_de_sensibilisation_aux_deplacements_pieton.txt;530;24;0.04528302;0;1;0;0;0;0;6;0;0;0;0;0;0;0;1;0;0;0;0;0;0;0;0;0;5;0;0;0;0;18;0;0;0;0;0;0;0;1;0;0;0;0;0;0;0;0;0;0;0;0;0;0;0;0;0;0;0;0;0;0;0;0;0;0;0;0;0;0;0
Des_vacances_pour_les_seniors_Strabourgeois.txt;Database\Vada_database\Des_vacances_pour_les_seniors_Strabourgeois.txt;C:\Users\PC\Desktop\Project_Internship\Index_Insight\Database\Vada_database\Des_vacances_pour_les_seniors_Strabourgeois.txt;772;35;0.04533679;0;0;0;0;0;0;5;2;0;1;1;0;0;0;0;0;0;0;0;0;0;6;0;0;0;0;0;0;0;15;6;0;3;3;0;0;0;0;0;0;0;0;0;0;6;0;0;0;0;0;0;0;2;0;0;0;0;0;0;0;0;0;0;0;0;0;0;0;0
Les_mercredis_bleus.txt;Database\Vada_database\Les_mercredis_bleus.txt;C:\Users\PC\Desktop\Project_Internship\Index_Insight\Database\Vada_database\Les_mercredis_bleus.txt;702;32;0.04558405;0;1;0;0;0;0;4;1;0;0;0;4;0;0;0;0;0;0;0;0;0;0;0;0;5;0;0;0;0;12;3;0;0;0;12;0;0;0;0;0;0;0;0;0;0;0;0;0;0;0;0;0;0;0;0;0;0;0;0;0;0;0;0;0;0;0;0;0;0
Du_Ping-Pong_intergenerationnel_pour_favoriser_les_echanges.txt;Database\Vada_database\Du_Ping-Pong_intergenerationnel_pour_favoriser_les_echanges.txt;C:\Users\PC\Desktop\Project_Internship\Index_Insight\Database\Vada_database\Du_Ping-Pong_intergenerationnel_pour_favoriser_les_echanges.txt;680;31;0.04558824;0;1;0;0;0;0;5;0;0;0;0;3;0;0;0;0;0;0;0;0;0;0;0;0;5;0;0;0;0;15;0;0;0;0;9;0;0;0;0;0;0;0;0;0;0;0;0;0;0;0;0;0;0;0;0;0;0;2;0;0;0;0;0;0;0;0;0;0;0
32_Accompagner_les_plus_fragiles_et_precaires_dans.txt;Database\Cnav_database\32_Accompagner_les_plus_fragiles_et_precaires_dans.txt;C:\Users\PC\Desktop\Project_Internship\Index_Insight\Database\Cnav_database\32_Accompagner_les_plus_fragiles_et_precaires_dans.txt;3563;163;0.04574797;0;0;0;1;7;0;0;13;2;22;2;0;0;0;0;0;14;0;0;0;0;0;8;0;0;0;3;21;0;0;39;6;66;6;0;0;0;0;0;14;0;0;0;0;0;8;0;0;0;0;0;0;0;0;0;0;0;0;0;0;0;0;0;0;0;0;0;0;0
Restons_dynamiques_-_bouger_entre_seniors.txt;Database\Vada_database\Restons_dynamiques_-_bouger_entre_seniors.txt;C:\Users\PC\Desktop\Project_Internship\Index_Insight\Database\Vada_database\Restons_dynamiques_-_bouger_entre_seniors.txt;1049;48;0.04575786;0;1;0;0;0;4;6;0;0;0;1;0;0;0;4;0;1;0;0;0;0;3;0;0;5;0;0;0;12;18;0;0;0;3;0;0;0;4;0;1;0;0;0;0;3;0;0;0;0;0;0;0;2;0;0;0;0;0;0;0;0;0;0;0;0;0;0;0;0
Construction_dune_residence_seniors_a_la_chapelle-thouarault.txt;Database\Vada_database\Construction_dune_residence_seniors_a_la_chapelle-thouarault.txt;C:\Users\PC\Desktop\Project_Internship\Index_Insight\Database\Vada_database\Construction_dune_residence_seniors_a_la_chapelle-thouarault.txt;894;41;0.04586130;0;0;0;0;1;0;12;0;0;0;0;0;0;0;0;0;0;0;0;0;0;0;0;0;0;0;0;3;0;36;0;0;0;0;0;0;0;0;0;0;0;0;0;0;0;0;0;0;0;0;0;0;2;0;0;0;0;0;0;0;0;0;0;0;0;0;0;0;0
HOST_rendre_les_nouvelles_technologies_accessibles_aux_seniors.txt;Database\Vada_database\HOST_rendre_les_nouvelles_technologies_accessibles_aux_seniors.txt;C:\Users\PC\Desktop\Project_Internship\Index_Insight\Database\Vada_database\HOST_rendre_les_nouvelles_technologies_accessibles_aux_seniors.txt;1326;61;0.04600302;0;1;0;1;10;0;7;0;0;0;0;0;0;0;0;0;0;0;0;0;0;0;0;0;5;0;3;30;0;21;0;0;0;0;0;0;0;0;0;0;0;0;0;0;0;0;0;0;0;0;0;0;2;0;0;0;0;0;0;0;0;0;0;0;0;0;0;0;0
Note sur les revenus, les dépenses contraintes, le.txt;Database\Hcfea_database\Note sur les revenus, les dépenses contraintes, le.txt;C:\Users\PC\Desktop\Project_Internship\Index_Insight\Database\Hcfea_database\Note sur les revenus, les dépenses contraintes, le.txt;1513;70;0.04626570;0;0;0;0;2;0;7;0;2;0;4;0;0;11;0;2;12;0;0;0;0;0;0;0;0;0;0;6;0;21;0;6;0;12;0;0;11;0;2;12;0;0;0;0;0;0;0;0;0;0;0;0;0;0;0;0;0;0;0;0;0;0;0;0;0;0;0;0;0
Service_des_benevoles_du_ccas.txt;Database\Vada_database\Service_des_benevoles_du_ccas.txt;C:\Users\PC\Desktop\Project_Internship\Index_Insight\Database\Vada_database\Service_des_benevoles_du_ccas.txt;949;44;0.04636459;0;1;0;1;6;0;2;1;0;0;1;0;0;0;0;0;2;1;0;0;0;3;0;0;5;0;3;18;0;6;3;0;0;3;0;0;0;0;0;2;1;0;0;0;3;0;0;0;0;0;0;0;0;0;0;0;0;0;0;0;0;0;0;0;0;0;0;0;0
Parcours_des_aines_de_Malakoff_22.txt;Database\Vada_database\Parcours_des_aines_de_Malakoff_22.txt;C:\Users\PC\Desktop\Project_Internship\Index_Insight\Database\Vada_database\Parcours_des_aines_de_Malakoff_22.txt;992;46;0.04637097;0;1;0;0;10;0;0;0;1;0;0;0;0;0;0;0;1;0;0;0;0;7;0;0;5;0;0;30;0;0;0;3;0;0;0;0;0;0;0;1;0;0;0;0;7;0;0;0;0;0;0;0;0;0;0;0;0;0;0;0;0;0;0;0;0;0;0;0;0
Les_logements_Octave.txt;Database\Vada_database\Les_logements_Octave.txt;C:\Users\PC\Desktop\Project_Internship\Index_Insight\Database\Vada_database\Les_logements_Octave.txt;1078;50;0.04638219;0;1;0;4;4;0;2;0;2;0;2;0;0;1;0;0;0;0;0;0;0;2;0;0;5;0;12;12;0;6;0;6;0;6;0;0;1;0;0;0;0;0;0;0;2;0;0;0;0;0;0;0;0;0;0;0;0;0;0;0;0;0;0;0;0;0;0;0;0
La_carte_senior_de_Lyon.txt;Database\Vada_database\La_carte_senior_de_Lyon.txt;C:\Users\PC\Desktop\Project_Internship\Index_Insight\Database\Vada_database\La_carte_senior_de_Lyon.txt;733;34;0.04638472;0;1;0;0;1;0;8;0;0;0;0;0;0;0;0;0;0;1;0;0;0;1;0;0;5;0;0;3;0;24;0;0;0;0;0;0;0;0;0;0;1;0;0;0;1;0;0;0;0;0;0;0;0;0;0;0;0;0;0;0;0;0;0;0;0;0;0;0;0
Susciter_la_participation_citoyenne.txt;Database\Vada_database\Susciter_la_participation_citoyenne.txt;C:\Users\PC\Desktop\Project_Internship\Index_Insight\Database\Vada_database\Susciter_la_participation_citoyenne.txt;537;25;0.04655493;0;1;1;0;0;0;4;0;0;0;1;0;0;0;0;0;0;0;0;0;0;0;0;0;5;5;0;0;0;12;0;0;0;3;0;0;0;0;0;0;0;0;0;0;0;0;0;0;0;0;0;0;0;0;0;0;0;0;0;0;0;0;0;0;0;0;0;0;0
A_Limonest_On_connait_la_chanson.txt;Database\Vada_database\A_Limonest_On_connait_la_chanson.txt;C:\Users\PC\Desktop\Project_Internship\Index_Insight\Database\Vada_database\A_Limonest_On_connait_la_chanson.txt;1265;59;0.04664032;0;0;0;1;1;0;9;0;0;2;5;1;0;1;0;0;1;0;0;0;0;0;0;0;0;0;3;3;0;27;0;0;6;15;3;0;1;0;0;1;0;0;0;0;0;0;0;0;0;0;0;0;0;0;0;0;0;0;0;0;0;0;0;0;0;0;0;0;0
Capseniors.txt;Database\Vada_database\Capseniors.txt;C:\Users\PC\Desktop\Project_Internship\Index_Insight\Database\Vada_database\Capseniors.txt;942;44;0.04670913;0;1;0;0;1;0;8;2;0;0;0;0;0;0;1;0;3;0;0;0;0;2;0;0;5;0;0;3;0;24;6;0;0;0;0;0;0;1;0;3;0;0;0;0;2;0;0;0;0;0;0;0;0;0;0;0;0;0;0;0;0;0;0;0;0;0;0;0;0
Cohabitons_-_habitat_intergenerationnel_et_solidaire.txt;Database\Vada_database\Cohabitons_-_habitat_intergenerationnel_et_solidaire.txt;C:\Users\PC\Desktop\Project_Internship\Index_Insight\Database\Vada_database\Cohabitons_-_habitat_intergenerationnel_et_solidaire.txt;749;35;0.04672897;0;1;0;1;1;0;2;0;0;0;1;3;1;0;1;1;0;0;0;0;0;0;1;0;5;0;3;3;0;6;0;0;0;3;9;1;0;1;1;0;0;0;0;0;0;1;0;0;0;0;0;0;0;0;0;0;0;2;0;0;0;0;0;0;0;0;0;0;0
Vacances_des_seniors.txt;Database\Vada_database\Vacances_des_seniors.txt;C:\Users\PC\Desktop\Project_Internship\Index_Insight\Database\Vada_database\Vacances_des_seniors.txt;533;25;0.04690432;0;1;0;0;0;1;3;0;0;0;1;0;0;0;0;0;0;0;0;0;0;3;0;0;5;0;0;0;3;9;0;0;0;3;0;0;0;0;0;0;0;0;0;0;3;0;0;0;0;0;0;0;2;0;0;0;0;0;0;0;0;0;0;0;0;0;0;0;0
Les_rendez-vous_de_lage_une_rencontre_citoyenne_dediee_aux_aines.txt;Database\Vada_database\Les_rendez-vous_de_lage_une_rencontre_citoyenne_dediee_aux_aines.txt;C:\Users\PC\Desktop\Project_Internship\Index_Insight\Database\Vada_database\Les_rendez-vous_de_lage_une_rencontre_citoyenne_dediee_aux_aines.txt;895;42;0.04692737;0;1;0;0;0;0;1;0;0;0;11;0;0;0;0;0;0;1;0;0;0;0;0;0;5;0;0;0;0;3;0;0;0;33;0;0;0;0;0;0;1;0;0;0;0;0;0;0;0;0;0;0;0;0;0;0;0;0;0;0;0;0;0;0;0;0;0;0;0
Le_conseil_des_aines_de_Limonest.txt;Database\Vada_database\Le_conseil_des_aines_de_Limonest.txt;C:\Users\PC\Desktop\Project_Internship\Index_Insight\Database\Vada_database\Le_conseil_des_aines_de_Limonest.txt;852;40;0.04694836;0;1;0;0;0;0;7;1;0;1;2;0;0;0;1;0;0;0;0;0;0;1;0;0;5;0;0;0;0;21;3;0;3;6;0;0;0;1;0;0;0;0;0;0;1;0;0;0;0;0;0;0;0;0;0;0;0;0;0;0;0;0;0;0;0;0;0;0;0
Sensibiliser_les_seniors_aux_services_de_la_tele_consultation_medicale.txt;Database\Vada_database\Sensibiliser_les_seniors_aux_services_de_la_tele_consultation_medicale.txt;C:\Users\PC\Desktop\Project_Internship\Index_Insight\Database\Vada_database\Sensibiliser_les_seniors_aux_services_de_la_tele_consultation_medicale.txt;766;36;0.04699739;0;2;0;1;0;0;6;1;0;0;0;0;0;0;0;0;0;0;0;0;0;0;0;0;10;0;3;0;0;18;3;0;0;0;0;0;0;0;0;0;0;0;0;0;0;0;0;0;0;0;0;0;2;0;0;0;0;0;0;0;0;0;0;0;0;0;0;0;0
Nantes_digital_Week_-_bien_vieillir_a_domicile.txt;Database\Vada_database\Nantes_digital_Week_-_bien_vieillir_a_domicile.txt;C:\Users\PC\Desktop\Project_Internship\Index_Insight\Database\Vada_database\Nantes_digital_Week_-_bien_vieillir_a_domicile.txt;743;35;0.04710633;0;1;0;0;0;0;2;0;7;0;0;0;0;0;0;0;1;0;0;0;0;0;0;0;5;0;0;0;0;6;0;21;0;0;0;0;0;0;0;1;0;0;0;0;0;0;0;0;0;0;0;0;0;0;2;0;0;0;0;0;0;0;0;0;0;0;0;0;0
Defile_de_mode_a_Saint-Nazaire_les_seniors_sur_la_piste.txt;Database\Vada_database\Defile_de_mode_a_Saint-Nazaire_les_seniors_sur_la_piste.txt;C:\Users\PC\Desktop\Project_Internship\Index_Insight\Database\Vada_database\Defile_de_mode_a_Saint-Nazaire_les_seniors_sur_la_piste.txt;742;35;0.04716981;0;1;0;0;0;0;8;0;0;0;1;0;0;0;0;0;0;0;0;0;0;1;0;0;5;0;0;0;0;24;0;0;0;3;0;0;0;0;0;0;0;0;0;0;1;0;0;0;0;0;0;0;2;0;0;0;0;0;0;0;0;0;0;0;0;0;0;0;0
Un_projet_intergenerationnel_autour_de_Verdun.txt;Database\Vada_database\Un_projet_intergenerationnel_autour_de_Verdun.txt;C:\Users\PC\Desktop\Project_Internship\Index_Insight\Database\Vada_database\Un_projet_intergenerationnel_autour_de_Verdun.txt;1186;56;0.04721754;0;1;0;0;2;0;3;7;0;0;0;4;0;0;0;0;0;0;0;0;0;1;0;0;5;0;0;6;0;9;21;0;0;0;12;0;0;0;0;0;0;0;0;0;1;0;0;0;0;0;0;0;0;0;0;0;0;2;0;0;0;0;0;0;0;0;0;0;0
Villageneration_dAudincourt.txt;Database\Vada_database\Villageneration_dAudincourt.txt;C:\Users\PC\Desktop\Project_Internship\Index_Insight\Database\Vada_database\Villageneration_dAudincourt.txt;889;42;0.04724409;0;0;0;0;1;0;5;0;3;1;0;1;3;2;0;1;1;0;0;0;0;2;0;0;0;0;0;3;0;15;0;9;3;0;3;3;2;0;1;1;0;0;0;0;2;0;0;0;0;0;0;0;0;0;0;0;0;0;0;0;0;0;0;0;0;0;0;0;0
Tassin_la_demi-lune_-_bien_sur_ses_jambes.txt;Database\Vada_database\Tassin_la_demi-lune_-_bien_sur_ses_jambes.txt;C:\Users\PC\Desktop\Project_Internship\Index_Insight\Database\Vada_database\Tassin_la_demi-lune_-_bien_sur_ses_jambes.txt;1037;49;0.04725169;0;1;0;8;1;0;3;0;0;0;0;0;0;0;5;0;3;0;0;0;0;0;0;0;5;0;24;3;0;9;0;0;0;0;0;0;0;5;0;3;0;0;0;0;0;0;0;0;0;0;0;0;0;0;0;0;0;0;0;0;0;0;0;0;0;0;0;0;0
Implantation_de_bancs.txt;Database\Vada_database\Implantation_de_bancs.txt;C:\Users\PC\Desktop\Project_Internship\Index_Insight\Database\Vada_database\Implantation_de_bancs.txt;529;25;0.04725898;0;1;0;0;0;0;6;0;0;0;0;0;0;0;1;0;1;0;0;0;0;0;0;0;5;0;0;0;0;18;0;0;0;0;0;0;0;1;0;1;0;0;0;0;0;0;0;0;0;0;0;0;0;0;0;0;0;0;0;0;0;0;0;0;0;0;0;0;0
Parcours_sendormir_en_toute_serenite.txt;Database\Vada_database\Parcours_sendormir_en_toute_serenite.txt;C:\Users\PC\Desktop\Project_Internship\Index_Insight\Database\Vada_database\Parcours_sendormir_en_toute_serenite.txt;697;33;0.04734577;0;1;0;0;2;0;4;0;2;0;1;0;0;0;0;0;1;0;0;0;0;0;0;0;5;0;0;6;0;12;0;6;0;3;0;0;0;0;0;1;0;0;0;0;0;0;0;0;0;0;0;0;0;0;0;0;0;0;0;0;0;0;0;0;0;0;0;0;0
Le_pari_foot_-_tournoi_de_babyfoot_intergenerationnel_du_pari_solidaire_Lyon.txt;Database\Vada_database\Le_pari_foot_-_tournoi_de_babyfoot_intergenerationnel_du_pari_solidaire_Lyon.txt;C:\Users\PC\Desktop\Project_Internship\Index_Insight\Database\Vada_database\Le_pari_foot_-_tournoi_de_babyfoot_intergenerationnel_du_pari_solidaire_Lyon.txt;908;43;0.04735683;1;1;0;0;0;0;2;0;0;0;2;5;0;0;0;1;2;0;0;0;0;1;0;5;5;0;0;0;0;6;0;0;0;6;15;0;0;0;1;2;0;0;0;0;1;0;0;0;0;0;0;0;0;0;0;0;0;2;0;0;0;0;0;0;0;0;0;0;0
Covoiturage_culturel.txt;Database\Vada_database\Covoiturage_culturel.txt;C:\Users\PC\Desktop\Project_Internship\Index_Insight\Database\Vada_database\Covoiturage_culturel.txt;464;22;0.04741379;0;1;0;0;0;0;5;0;0;0;0;0;0;0;1;0;0;0;0;0;0;1;0;0;5;0;0;0;0;15;0;0;0;0;0;0;0;1;0;0;0;0;0;0;1;0;0;0;0;0;0;0;0;0;0;0;0;0;0;0;0;0;0;0;0;0;0;0;0
Lespace_intergenerationnel_de_la_bibliotheque_Saint-Nicolas.txt;Database\Vada_database\Lespace_intergenerationnel_de_la_bibliotheque_Saint-Nicolas.txt;C:\Users\PC\Desktop\Project_Internship\Index_Insight\Database\Vada_database\Lespace_intergenerationnel_de_la_bibliotheque_Saint-Nicolas.txt;822;39;0.04744526;0;1;0;0;4;0;1;1;0;0;1;3;0;0;0;0;0;0;0;0;0;2;0;0;5;0;0;12;0;3;3;0;0;3;9;0;0;0;0;0;0;0;0;0;2;0;0;0;0;0;0;0;0;0;0;0;0;2;0;0;0;0;0;0;0;0;0;0;0
Junior_senior_font_toit_commun.txt;Database\Vada_database\Junior_senior_font_toit_commun.txt;C:\Users\PC\Desktop\Project_Internship\Index_Insight\Database\Vada_database\Junior_senior_font_toit_commun.txt;990;47;0.04747475;0;1;0;1;1;4;2;2;0;0;0;3;0;0;0;0;0;0;0;0;0;3;0;0;5;0;3;3;12;6;6;0;0;0;9;0;0;0;0;0;0;0;0;0;3;0;0;0;0;0;0;0;0;0;0;0;0;0;0;0;0;0;0;0;0;0;0;0;0
FICHE_ACTION_1_Informations_senior_brochure.txt;Database\Fiches_actions_database\FICHE_ACTION_1_Informations_senior_brochure.txt;C:\Users\PC\Desktop\Project_Internship\Index_Insight\Database\Fiches_actions_database\FICHE_ACTION_1_Informations_senior_brochure.txt;442;21;0.04751131;0;0;0;0;0;0;4;0;1;0;0;0;0;0;0;0;3;0;0;0;0;3;0;0;0;0;0;0;0;12;0;3;0;0;0;0;0;0;0;3;0;0;0;0;3;0;0;0;0;0;0;0;0;0;0;0;0;0;0;0;0;0;0;0;0;0;0;0;0
Le_village_des_mobilites.txt;Database\Vada_database\Le_village_des_mobilites.txt;C:\Users\PC\Desktop\Project_Internship\Index_Insight\Database\Vada_database\Le_village_des_mobilites.txt;947;45;0.04751848;0;3;0;0;2;0;8;0;0;0;0;0;0;0;0;0;0;0;0;0;0;0;0;0;15;0;0;6;0;24;0;0;0;0;0;0;0;0;0;0;0;0;0;0;0;0;0;0;0;0;0;0;0;0;0;0;0;0;0;0;0;0;0;0;0;0;0;0;0
Mijotons_le_lien_social_les_restos_seniors.txt;Database\Vada_database\Mijotons_le_lien_social_les_restos_seniors.txt;C:\Users\PC\Desktop\Project_Internship\Index_Insight\Database\Vada_database\Mijotons_le_lien_social_les_restos_seniors.txt;1366;65;0.04758419;0;1;0;0;7;0;9;0;0;0;0;0;0;1;0;0;3;0;0;0;0;6;0;0;5;0;0;21;0;27;0;0;0;0;0;0;1;0;0;3;0;0;0;0;6;0;0;0;0;0;0;0;2;0;0;0;0;0;0;0;0;0;0;0;0;0;0;0;0
Le_challenge_oratoire_lyceen_debattra_face_a_un_jury_de_seniors.txt;Database\Vada_database\Le_challenge_oratoire_lyceen_debattra_face_a_un_jury_de_seniors.txt;C:\Users\PC\Desktop\Project_Internship\Index_Insight\Database\Vada_database\Le_challenge_oratoire_lyceen_debattra_face_a_un_jury_de_seniors.txt;819;39;0.04761905;2;0;0;0;0;0;7;1;0;0;0;1;0;0;0;0;0;0;0;0;0;0;0;10;0;0;0;0;0;21;3;0;0;0;3;0;0;0;0;0;0;0;0;0;0;0;0;0;0;0;0;0;2;0;0;0;0;0;0;0;0;0;0;0;0;0;0;0;0
Plus_dautonomie_avec_Silver_XIII_Equilibre.txt;Database\Vada_database\Plus_dautonomie_avec_Silver_XIII_Equilibre.txt;C:\Users\PC\Desktop\Project_Internship\Index_Insight\Database\Vada_database\Plus_dautonomie_avec_Silver_XIII_Equilibre.txt;606;29;0.04785479;0;1;0;0;1;0;5;0;0;0;0;0;0;0;1;0;4;0;0;0;0;1;0;0;5;0;0;3;0;15;0;0;0;0;0;0;0;1;0;4;0;0;0;0;1;0;0;0;0;0;0;0;0;0;0;0;0;0;0;0;0;0;0;0;0;0;0;0;0
Une_navette_au_service_des_seniors.txt;Database\Vada_database\Une_navette_au_service_des_seniors.txt;C:\Users\PC\Desktop\Project_Internship\Index_Insight\Database\Vada_database\Une_navette_au_service_des_seniors.txt;563;27;0.04795737;0;1;0;0;1;0;4;0;0;0;0;0;0;0;3;0;1;0;0;0;0;0;1;0;5;0;0;3;0;12;0;0;0;0;0;0;0;3;0;1;0;0;0;0;0;1;0;0;0;0;0;0;2;0;0;0;0;0;0;0;0;0;0;0;0;0;0;0;0
Atelier_recit_de_vie_personnelle_et_de_quartier.txt;Database\Vada_database\Atelier_recit_de_vie_personnelle_et_de_quartier.txt;C:\Users\PC\Desktop\Project_Internship\Index_Insight\Database\Vada_database\Atelier_recit_de_vie_personnelle_et_de_quartier.txt;562;27;0.04804270;0;1;0;0;0;0;6;1;0;0;0;0;0;0;1;0;0;0;0;0;0;0;0;0;5;0;0;0;0;18;3;0;0;0;0;0;0;1;0;0;0;0;0;0;0;0;0;0;0;0;0;0;0;0;0;0;0;0;0;0;0;0;0;0;0;0;0;0;0
VoyAge_par_mots_et_par_vies_entre_etudiants_et_residents.txt;Database\Vada_database\VoyAge_par_mots_et_par_vies_entre_etudiants_et_residents.txt;C:\Users\PC\Desktop\Project_Internship\Index_Insight\Database\Vada_database\VoyAge_par_mots_et_par_vies_entre_etudiants_et_residents.txt;895;43;0.04804469;0;1;0;0;3;0;0;0;0;0;8;0;0;5;0;0;0;0;0;0;0;0;0;0;5;0;0;9;0;0;0;0;0;24;0;0;5;0;0;0;0;0;0;0;0;0;0;0;0;0;0;0;0;0;0;0;0;0;0;0;0;0;0;0;0;0;0;0;0
04_L_INTERGENERATIONNEL_BERCEAU_DU_LIEN_SOCIAL.txt;Database\Cnav_database\04_L_INTERGENERATIONNEL_BERCEAU_DU_LIEN_SOCIAL.txt;C:\Users\PC\Desktop\Project_Internship\Index_Insight\Database\Cnav_database\04_L_INTERGENERATIONNEL_BERCEAU_DU_LIEN_SOCIAL.txt;1142;55;0.04816112;1;0;0;2;2;0;3;3;0;0;0;5;1;0;0;0;0;0;0;0;0;2;0;5;0;0;6;6;0;9;9;0;0;0;15;1;0;0;0;0;0;0;0;0;2;0;0;0;0;0;0;0;0;0;0;0;0;2;0;0;0;0;0;0;0;0;0;0;0
Association_activsenior_-_lutter_contre_lisolement_et_la_solitude_des_seniors_de_plus_de_50_ans.txt;Database\Vada_database\Association_activsenior_-_lutter_contre_lisolement_et_la_solitude_des_seniors_de_plus_de_50_ans.txt;C:\Users\PC\Desktop\Project_Internship\Index_Insight\Database\Vada_database\Association_activsenior_-_lutter_contre_lisolement_et_la_solitude_des_seniors_de_plus_de_50_ans.txt;872;42;0.04816514;0;1;0;0;3;0;7;0;0;0;0;0;0;0;0;0;0;0;0;0;0;5;0;0;5;0;0;9;0;21;0;0;0;0;0;0;0;0;0;0;0;0;0;0;5;0;0;0;0;0;0;0;2;0;0;0;0;0;0;0;0;0;0;0;0;0;0;0;0
La_Marguerite_des_Champs_un_habitat_partage_pour_seniors_en_milieu_rural.txt;Database\Vada_database\La_Marguerite_des_Champs_un_habitat_partage_pour_seniors_en_milieu_rural.txt;C:\Users\PC\Desktop\Project_Internship\Index_Insight\Database\Vada_database\La_Marguerite_des_Champs_un_habitat_partage_pour_seniors_en_milieu_rural.txt;975;47;0.04820513;0;0;0;0;3;0;10;0;1;0;0;0;0;1;0;0;1;0;0;0;0;1;0;0;0;0;0;9;0;30;0;3;0;0;0;0;1;0;0;1;0;0;0;0;1;0;0;0;0;0;0;0;2;0;0;0;0;0;0;0;0;0;0;0;0;0;0;0;0
Le_grand_debat_Longevite_ouvrons_le_champs_des_possibles.txt;Database\Vada_database\Le_grand_debat_Longevite_ouvrons_le_champs_des_possibles.txt;C:\Users\PC\Desktop\Project_Internship\Index_Insight\Database\Vada_database\Le_grand_debat_Longevite_ouvrons_le_champs_des_possibles.txt;1265;61;0.04822134;0;2;0;8;0;0;1;0;1;1;4;0;4;0;1;0;0;1;0;0;0;0;0;0;10;0;24;0;0;3;0;3;3;12;0;4;0;1;0;0;1;0;0;0;0;0;0;0;0;0;0;0;0;0;0;0;0;0;0;0;0;0;0;0;0;0;0;0;0
Mailing_dinformations_pour_les_sEniors.txt;Database\Vada_database\Mailing_dinformations_pour_les_sEniors.txt;C:\Users\PC\Desktop\Project_Internship\Index_Insight\Database\Vada_database\Mailing_dinformations_pour_les_sEniors.txt;746;36;0.04825737;0;2;0;0;0;0;5;0;0;0;0;0;0;0;2;0;6;0;0;0;0;1;0;0;10;0;0;0;0;15;0;0;0;0;0;0;0;2;0;6;0;0;0;0;1;0;0;0;0;0;0;0;2;0;0;0;0;0;0;0;0;0;0;0;0;0;0;0;0
Tous_a_velo.txt;Database\Vada_database\Tous_a_velo.txt;C:\Users\PC\Desktop\Project_Internship\Index_Insight\Database\Vada_database\Tous_a_velo.txt;746;36;0.04825737;0;1;0;0;1;0;9;0;0;0;0;0;0;0;1;0;0;0;0;0;0;0;0;0;5;0;0;3;0;27;0;0;0;0;0;0;0;1;0;0;0;0;0;0;0;0;0;0;0;0;0;0;0;0;0;0;0;0;0;0;0;0;0;0;0;0;0;0;0
Mon_logement_prend_soin_de_moi.txt;Database\Vada_database\Mon_logement_prend_soin_de_moi.txt;C:\Users\PC\Desktop\Project_Internship\Index_Insight\Database\Vada_database\Mon_logement_prend_soin_de_moi.txt;951;46;0.04837014;0;1;0;1;5;1;6;0;0;0;0;0;1;0;0;0;1;0;0;0;0;0;0;0;5;0;3;15;3;18;0;0;0;0;0;1;0;0;0;1;0;0;0;0;0;0;0;0;0;0;0;0;0;0;0;0;0;0;0;0;0;0;0;0;0;0;0;0;0
Atelier_prevention_des_chutes_en_residence_autonomie.txt;Database\Vada_database\Atelier_prevention_des_chutes_en_residence_autonomie.txt;C:\Users\PC\Desktop\Project_Internship\Index_Insight\Database\Vada_database\Atelier_prevention_des_chutes_en_residence_autonomie.txt;682;33;0.04838710;0;1;0;2;0;0;2;0;0;0;1;0;0;0;3;0;5;0;0;0;0;3;0;0;5;0;6;0;0;6;0;0;0;3;0;0;0;3;0;5;0;0;0;0;3;0;0;0;0;0;0;0;0;0;0;0;0;0;0;0;0;0;2;0;0;0;0;0;0
Generations_dancing.txt;Database\Vada_database\Generations_dancing.txt;C:\Users\PC\Desktop\Project_Internship\Index_Insight\Database\Vada_database\Generations_dancing.txt;764;37;0.04842932;0;1;0;0;1;0;5;0;0;0;0;4;0;0;1;0;0;0;0;0;0;1;0;0;5;0;0;3;0;15;0;0;0;0;12;0;0;1;0;0;0;0;0;0;1;0;0;0;0;0;0;0;0;0;0;0;0;0;0;0;0;0;0;0;0;0;0;0;0
Gymnastique_douce_a_la_residence_autonomie_des_Imbergeres.txt;Database\Vada_database\Gymnastique_douce_a_la_residence_autonomie_des_Imbergeres.txt;C:\Users\PC\Desktop\Project_Internship\Index_Insight\Database\Vada_database\Gymnastique_douce_a_la_residence_autonomie_des_Imbergeres.txt;743;36;0.04845222;0;1;0;0;2;0;5;0;0;0;0;0;0;1;0;0;7;0;0;0;0;0;0;0;5;0;0;6;0;15;0;0;0;0;0;0;1;0;0;7;0;0;0;0;0;0;0;0;0;0;0;0;0;0;0;0;0;0;0;0;0;0;2;0;0;0;0;0;0
Des_ateliers_interactif_pour_sensibiliser_a_la_perte_dautonomie.txt;Database\Vada_database\Des_ateliers_interactif_pour_sensibiliser_a_la_perte_dautonomie.txt;C:\Users\PC\Desktop\Project_Internship\Index_Insight\Database\Vada_database\Des_ateliers_interactif_pour_sensibiliser_a_la_perte_dautonomie.txt;680;33;0.04852941;0;1;0;5;1;0;1;0;0;0;0;0;0;0;1;0;6;0;0;0;0;0;0;0;5;0;15;3;0;3;0;0;0;0;0;0;0;1;0;6;0;0;0;0;0;0;0;0;0;0;0;0;0;0;0;0;0;0;0;0;0;0;0;0;0;0;0;0;0
Depistage_oculaires_itinerants_des_pathologies_oculaires_liees_a_lage.txt;Database\Vada_database\Depistage_oculaires_itinerants_des_pathologies_oculaires_liees_a_lage.txt;C:\Users\PC\Desktop\Project_Internship\Index_Insight\Database\Vada_database\Depistage_oculaires_itinerants_des_pathologies_oculaires_liees_a_lage.txt;617;30;0.04862237;0;1;0;0;2;0;0;0;0;0;5;0;0;0;1;0;3;0;0;0;0;0;0;0;5;0;0;6;0;0;0;0;0;15;0;0;0;1;0;3;0;0;0;0;0;0;0;0;0;0;0;0;0;0;0;0;0;0;0;0;0;0;0;0;0;0;0;0;0
Une_tete_bien_pleine_dans_un_corps_bien_fait_accompagner_les_aines_pour_un_vieillissement_en_bonne_sante.txt;Database\Vada_database\Une_tete_bien_pleine_dans_un_corps_bien_fait_accompagner_les_aines_pour_un_vieillissement_en_bonne_sante.txt;C:\Users\PC\Desktop\Project_Internship\Index_Insight\Database\Vada_database\Une_tete_bien_pleine_dans_un_corps_bien_fait_accompagner_les_aines_pour_un_vieillissement_en_bonne_sante.txt;883;43;0.04869762;0;1;0;7;0;0;2;0;2;0;1;0;0;0;0;0;0;0;0;0;0;0;0;0;5;0;21;0;0;6;0;6;0;3;0;0;0;0;0;0;0;0;0;0;0;0;0;0;0;2;0;0;0;0;0;0;0;0;0;0;0;0;0;0;0;0;0;0;0
Repertoire_des_structures_de_soins_daides_et_de_prevention_pour_les_personnes_agees.txt;Database\Vada_database\Repertoire_des_structures_de_soins_daides_et_de_prevention_pour_les_personnes_agees.txt;C:\Users\PC\Desktop\Project_Internship\Index_Insight\Database\Vada_database\Repertoire_des_structures_de_soins_daides_et_de_prevention_pour_les_personnes_agees.txt;693;34;0.04906205;0;0;0;0;5;0;3;1;1;0;0;0;0;2;0;0;0;0;0;0;0;0;0;0;0;0;0;15;0;9;3;3;0;0;0;0;2;0;0;0;0;0;0;0;0;0;0;0;0;0;2;0;0;0;0;0;0;0;0;0;0;0;0;0;0;0;0;0;0
Des_vacances_pour_les_aines_Lyonnais.txt;Database\Vada_database\Des_vacances_pour_les_aines_Lyonnais.txt;C:\Users\PC\Desktop\Project_Internship\Index_Insight\Database\Vada_database\Des_vacances_pour_les_aines_Lyonnais.txt;917;45;0.04907306;0;1;0;1;2;0;2;4;0;0;1;0;0;6;0;0;1;0;0;0;0;3;0;0;5;0;3;6;0;6;12;0;0;3;0;0;6;0;0;1;0;0;0;0;3;0;0;0;0;0;0;0;0;0;0;0;0;0;0;0;0;0;0;0;0;0;0;0;0
Cocreation_du_coffret_multisensoriel_stimulateur_de_perception_souvenirs_du_futur.txt;Database\Vada_database\Cocreation_du_coffret_multisensoriel_stimulateur_de_perception_souvenirs_du_futur.txt;C:\Users\PC\Desktop\Project_Internship\Index_Insight\Database\Vada_database\Cocreation_du_coffret_multisensoriel_stimulateur_de_perception_souvenirs_du_futur.txt;935;46;0.04919786;0;1;0;0;7;0;2;1;0;0;0;0;0;3;0;0;0;0;0;0;0;8;0;0;5;0;0;21;0;6;3;0;0;0;0;0;3;0;0;0;0;0;0;0;8;0;0;0;0;0;0;0;0;0;0;0;0;0;0;0;0;0;0;0;0;0;0;0;0
Eureka_la_memoire_en_mouvement.txt;Database\Vada_database\Eureka_la_memoire_en_mouvement.txt;C:\Users\PC\Desktop\Project_Internship\Index_Insight\Database\Vada_database\Eureka_la_memoire_en_mouvement.txt;711;35;0.04922644;0;1;0;1;2;0;5;0;0;0;1;0;0;0;0;0;2;0;0;0;0;1;0;0;5;0;3;6;0;15;0;0;0;3;0;0;0;0;0;2;0;0;0;0;1;0;0;0;0;0;0;0;0;0;0;0;0;0;0;0;0;0;0;0;0;0;0;0;0
Bouger_cest_bon_pour_la_sante.txt;Database\Vada_database\Bouger_cest_bon_pour_la_sante.txt;C:\Users\PC\Desktop\Project_Internship\Index_Insight\Database\Vada_database\Bouger_cest_bon_pour_la_sante.txt;1419;70;0.04933051;0;1;1;2;4;0;9;0;2;0;0;0;0;2;0;1;6;0;0;0;0;0;0;0;5;5;6;12;0;27;0;6;0;0;0;0;2;0;1;6;0;0;0;0;0;0;0;0;0;0;0;0;0;0;0;0;0;0;0;0;0;0;0;0;0;0;0;0;0
Programme_Prevention_Sante_Seniors_Bourgogne_PPSSB.txt;Database\Vada_database\Programme_Prevention_Sante_Seniors_Bourgogne_PPSSB.txt;C:\Users\PC\Desktop\Project_Internship\Index_Insight\Database\Vada_database\Programme_Prevention_Sante_Seniors_Bourgogne_PPSSB.txt;1135;56;0.04933921;0;0;0;0;1;0;9;1;5;0;1;0;0;0;0;0;3;0;0;0;0;0;0;0;0;0;0;3;0;27;3;15;0;3;0;0;0;0;0;3;0;0;0;0;0;0;0;0;0;0;0;0;2;0;0;0;0;0;0;0;0;0;0;0;0;0;0;0;0
33_Aide_aux_aidants_TUTONOMIE.txt;Database\Cnav_database\33_Aide_aux_aidants_TUTONOMIE.txt;C:\Users\PC\Desktop\Project_Internship\Index_Insight\Database\Cnav_database\33_Aide_aux_aidants_TUTONOMIE.txt;486;24;0.04938272;0;0;0;0;0;0;0;2;3;1;0;0;0;0;1;0;3;0;0;0;0;0;2;0;0;0;0;0;0;0;6;9;3;0;0;0;0;1;0;3;0;0;0;0;0;2;0;0;0;0;0;0;0;0;0;0;0;0;0;0;0;0;0;0;0;0;0;0;0
Fiche-action_15_-_ecrivains_numeriques.txt;Database\Fiches_actions_database\Fiche-action_15_-_ecrivains_numeriques.txt;C:\Users\PC\Desktop\Project_Internship\Index_Insight\Database\Fiches_actions_database\Fiche-action_15_-_ecrivains_numeriques.txt;263;13;0.04942966;0;0;0;0;0;0;3;1;0;0;0;0;0;0;0;0;0;0;0;0;0;1;0;0;0;0;0;0;0;9;3;0;0;0;0;0;0;0;0;0;0;0;0;0;1;0;0;0;0;0;0;0;0;0;0;0;0;0;0;0;0;0;0;0;0;0;0;0;0
Soutenir_la_citoyennete_et_lutilite_sociale_des_personnes_agees_issues_de_limmigration.txt;Database\Vada_database\Soutenir_la_citoyennete_et_lutilite_sociale_des_personnes_agees_issues_de_limmigration.txt;C:\Users\PC\Desktop\Project_Internship\Index_Insight\Database\Vada_database\Soutenir_la_citoyennete_et_lutilite_sociale_des_personnes_agees_issues_de_limmigration.txt;748;37;0.04946524;0;1;0;0;6;0;0;0;0;1;1;0;0;0;0;0;1;0;0;0;0;5;0;0;5;0;0;18;0;0;0;0;3;3;0;0;0;0;0;1;0;0;0;0;5;0;0;0;0;0;2;0;0;0;0;0;0;0;0;0;0;0;0;0;0;0;0;0;0
Lescale_dAlembert_pour_ne_pas_laisser_place_a_la_solitude.txt;Database\Vada_database\Lescale_dAlembert_pour_ne_pas_laisser_place_a_la_solitude.txt;C:\Users\PC\Desktop\Project_Internship\Index_Insight\Database\Vada_database\Lescale_dAlembert_pour_ne_pas_laisser_place_a_la_solitude.txt;623;31;0.04975923;0;1;0;0;3;0;2;1;0;0;1;0;0;0;0;0;4;0;0;0;0;1;0;0;5;0;0;9;0;6;3;0;0;3;0;0;0;0;0;4;0;0;0;0;1;0;0;0;0;0;0;0;0;0;0;0;0;0;0;0;0;0;0;0;0;0;0;0;0
Forum_seniors_dedie_au_bien-vieillir.txt;Database\Vada_database\Forum_seniors_dedie_au_bien-vieillir.txt;C:\Users\PC\Desktop\Project_Internship\Index_Insight\Database\Vada_database\Forum_seniors_dedie_au_bien-vieillir.txt;864;43;0.04976852;0;0;0;1;0;0;6;0;4;0;1;0;0;0;0;0;3;0;0;0;0;0;0;0;0;0;3;0;0;18;0;12;0;3;0;0;0;0;0;3;0;0;0;0;0;0;0;0;0;0;0;0;2;0;2;0;0;0;0;0;0;0;0;0;0;0;0;0;0
Les_dimanches_de_la_vie.txt;Database\Vada_database\Les_dimanches_de_la_vie.txt;C:\Users\PC\Desktop\Project_Internship\Index_Insight\Database\Vada_database\Les_dimanches_de_la_vie.txt;703;35;0.04978663;0;0;0;1;1;0;3;0;0;1;0;2;0;0;1;0;0;0;0;0;0;10;0;0;0;0;3;3;0;9;0;0;3;0;6;0;0;1;0;0;0;0;0;0;10;0;0;0;0;0;0;0;0;0;0;0;0;0;0;0;0;0;0;0;0;0;0;0;0
Fiche-action_2_-_Merci.txt;Database\Fiches_actions_database\Fiche-action_2_-_Merci.txt;C:\Users\PC\Desktop\Project_Internship\Index_Insight\Database\Fiches_actions_database\Fiche-action_2_-_Merci.txt;301;15;0.04983389;0;0;0;0;4;0;1;0;0;0;0;0;0;0;0;0;0;0;0;0;0;0;0;0;0;0;0;12;0;3;0;0;0;0;0;0;0;0;0;0;0;0;0;0;0;0;0;0;0;0;0;0;0;0;0;0;0;0;0;0;0;0;0;0;0;0;0;0;0
Maison_daccueil_pour_personnes_agees_et_marginalisees.txt;Database\Vada_database\Maison_daccueil_pour_personnes_agees_et_marginalisees.txt;C:\Users\PC\Desktop\Project_Internship\Index_Insight\Database\Vada_database\Maison_daccueil_pour_personnes_agees_et_marginalisees.txt;982;49;0.04989817;0;1;0;1;6;0;0;0;1;1;3;0;0;0;0;3;3;0;0;0;0;0;0;0;5;0;3;18;0;0;0;3;3;9;0;0;0;0;3;3;0;0;0;0;0;0;0;0;0;0;2;0;0;0;0;0;0;0;0;0;0;0;0;0;0;0;0;0;0
Parentheses_temps_de_repit_pour_les_aidants.txt;Database\Vada_database\Parentheses_temps_de_repit_pour_les_aidants.txt;C:\Users\PC\Desktop\Project_Internship\Index_Insight\Database\Vada_database\Parentheses_temps_de_repit_pour_les_aidants.txt;579;29;0.05008636;0;1;0;0;3;0;0;0;0;0;2;0;0;0;0;0;4;0;0;0;3;0;2;0;5;0;0;9;0;0;0;0;0;6;0;0;0;0;0;4;0;0;0;3;0;2;0;0;0;0;0;0;0;0;0;0;0;0;0;0;0;0;0;0;0;0;0;0;0
De_nouvelles_assises_pour_mieux_se_deplacer_et_se_rencontrer.txt;Database\Vada_database\De_nouvelles_assises_pour_mieux_se_deplacer_et_se_rencontrer.txt;C:\Users\PC\Desktop\Project_Internship\Index_Insight\Database\Vada_database\De_nouvelles_assises_pour_mieux_se_deplacer_et_se_rencontrer.txt;818;41;0.05012225;0;3;0;0;2;0;5;0;0;0;0;0;0;0;3;0;2;0;0;0;0;0;0;0;15;0;0;6;0;15;0;0;0;0;0;0;0;3;0;2;0;0;0;0;0;0;0;0;0;0;0;0;0;0;0;0;0;0;0;0;0;0;0;0;0;0;0;0;0
plan_d_aide_a_l_investissement_en_faveur_des_residences_autonomie_appel_a_projets_national_2024.txt;Database\cnsa_database\plan_d_aide_a_l_investissement_en_faveur_des_residences_autonomie_appel_a_projets_national_2024.txt;C:\Users\PC\Desktop\Project_Internship\Index_Insight\Database\cnsa_database\plan_d_aide_a_l_investissement_en_faveur_des_residences_autonomie_appel_a_projets_national_2024.txt;319;16;0.05015674;0;0;0;0;1;0;0;1;0;0;0;0;1;0;0;0;7;0;0;0;0;0;0;0;0;0;0;3;0;0;3;0;0;0;0;1;0;0;0;7;0;0;0;0;0;0;0;0;0;0;0;0;0;0;0;0;0;0;0;0;0;0;2;0;0;0;0;0;0
Deambulons_ensemble_pour_plus_de_mobilite.txt;Database\Vada_database\Deambulons_ensemble_pour_plus_de_mobilite.txt;C:\Users\PC\Desktop\Project_Internship\Index_Insight\Database\Vada_database\Deambulons_ensemble_pour_plus_de_mobilite.txt;697;35;0.05021521;0;1;4;0;1;0;0;0;0;0;0;0;0;0;5;0;0;0;0;0;0;0;0;0;5;20;0;3;0;0;0;0;0;0;0;0;0;5;0;0;0;0;0;0;0;0;0;0;0;0;0;0;0;0;0;0;0;0;0;0;2;0;0;0;0;0;0;0;0
Ma_station_fermiere.txt;Database\Vada_database\Ma_station_fermiere.txt;C:\Users\PC\Desktop\Project_Internship\Index_Insight\Database\Vada_database\Ma_station_fermiere.txt;677;34;0.05022157;0;1;0;0;0;0;6;1;0;0;1;0;0;0;0;0;0;0;0;0;0;5;0;0;5;0;0;0;0;18;3;0;0;3;0;0;0;0;0;0;0;0;0;0;5;0;0;0;0;0;0;0;0;0;0;0;0;0;0;0;0;0;0;0;0;0;0;0;0
07_ADAPTATION_DES_LOGEMENTS_DU_PARC_SOCIAL_DHABITA.txt;Database\Cnav_database\07_ADAPTATION_DES_LOGEMENTS_DU_PARC_SOCIAL_DHABITA.txt;C:\Users\PC\Desktop\Project_Internship\Index_Insight\Database\Cnav_database\07_ADAPTATION_DES_LOGEMENTS_DU_PARC_SOCIAL_DHABITA.txt;338;17;0.05029586;0;0;0;0;0;0;3;2;0;0;0;0;0;0;0;0;1;0;0;0;0;1;0;0;0;0;0;0;0;9;6;0;0;0;0;0;0;0;0;1;0;0;0;0;1;0;0;0;0;0;0;0;0;0;0;0;0;0;0;0;0;0;0;0;0;0;0;0;0
Auto-rehabilitation_accompagnee_Bricotheque_Soliha.txt;Database\Vada_database\Auto-rehabilitation_accompagnee_Bricotheque_Soliha.txt;C:\Users\PC\Desktop\Project_Internship\Index_Insight\Database\Vada_database\Auto-rehabilitation_accompagnee_Bricotheque_Soliha.txt;713;36;0.05049088;0;1;0;0;0;0;3;2;0;3;0;1;0;0;0;0;3;0;0;0;0;1;0;0;5;0;0;0;0;9;6;0;9;0;3;0;0;0;0;3;0;0;0;0;1;0;0;0;0;0;0;0;0;0;0;0;0;0;0;0;0;0;0;0;0;0;0;0;0
Musclons_notre_sante.txt;Database\Vada_database\Musclons_notre_sante.txt;C:\Users\PC\Desktop\Project_Internship\Index_Insight\Database\Vada_database\Musclons_notre_sante.txt;554;28;0.05054152;0;0;0;1;2;0;2;0;1;1;0;0;0;0;5;0;1;0;0;0;0;1;0;0;0;0;3;6;0;6;0;3;3;0;0;0;0;5;0;1;0;0;0;0;1;0;0;0;0;0;0;0;0;0;0;0;0;0;0;0;0;0;0;0;0;0;0;0;0
Jardin_accessible_et_intergenerationnel_de_letang_des_Forges.txt;Database\Vada_database\Jardin_accessible_et_intergenerationnel_de_letang_des_Forges.txt;C:\Users\PC\Desktop\Project_Internship\Index_Insight\Database\Vada_database\Jardin_accessible_et_intergenerationnel_de_letang_des_Forges.txt;910;46;0.05054945;0;1;0;0;6;0;0;0;0;0;0;7;0;0;0;0;0;0;0;0;0;0;0;0;5;0;0;18;0;0;0;0;0;0;21;0;0;0;0;0;0;0;0;0;0;0;0;0;0;0;0;0;0;0;0;0;0;2;0;0;0;0;0;0;0;0;0;0;0
Salon_des_seniors.txt;Database\Vada_database\Salon_des_seniors.txt;C:\Users\PC\Desktop\Project_Internship\Index_Insight\Database\Vada_database\Salon_des_seniors.txt;791;40;0.05056890;0;0;0;1;0;0;11;0;0;0;0;0;0;1;1;0;0;0;0;0;0;0;0;0;0;0;3;0;0;33;0;0;0;0;0;0;1;1;0;0;0;0;0;0;0;0;0;0;0;0;0;0;2;0;0;0;0;0;0;0;0;0;0;0;0;0;0;0;0
Quartier_libre.txt;Database\Vada_database\Quartier_libre.txt;C:\Users\PC\Desktop\Project_Internship\Index_Insight\Database\Vada_database\Quartier_libre.txt;1006;51;0.05069583;0;1;0;0;1;0;11;2;0;0;0;1;0;0;1;0;0;0;0;0;0;0;0;0;5;0;0;3;0;33;6;0;0;0;3;0;0;1;0;0;0;0;0;0;0;0;0;0;0;0;0;0;0;0;0;0;0;0;0;0;0;0;0;0;0;0;0;0;0
36_UN_PARCOURS_DE_PREVENTION_ADAPTE_AU_PUBLIC_ISOL.txt;Database\Cnav_database\36_UN_PARCOURS_DE_PREVENTION_ADAPTE_AU_PUBLIC_ISOL.txt;C:\Users\PC\Desktop\Project_Internship\Index_Insight\Database\Cnav_database\36_UN_PARCOURS_DE_PREVENTION_ADAPTE_AU_PUBLIC_ISOL.txt;374;19;0.05080214;0;0;0;0;0;0;0;3;1;0;0;0;0;0;0;0;0;0;2;0;0;3;0;0;0;0;0;0;0;0;9;3;0;0;0;0;0;0;0;0;0;2;0;0;3;0;0;0;0;0;0;0;0;0;0;0;0;0;0;0;0;0;0;0;0;0;0;2;0
Socialdream.txt;Database\Vada_database\Socialdream.txt;C:\Users\PC\Desktop\Project_Internship\Index_Insight\Database\Vada_database\Socialdream.txt;1116;57;0.05107527;0;0;0;2;8;0;1;0;0;4;1;0;0;1;2;1;3;0;0;0;0;2;0;0;0;0;6;24;0;3;0;0;12;3;0;0;1;2;1;3;0;0;0;0;2;0;0;0;0;0;0;0;0;0;0;0;0;0;0;0;0;0;0;0;0;0;0;0;0
Se_preparer_a_bien_vivre_sa_retraite.txt;Database\Vada_database\Se_preparer_a_bien_vivre_sa_retraite.txt;C:\Users\PC\Desktop\Project_Internship\Index_Insight\Database\Vada_database\Se_preparer_a_bien_vivre_sa_retraite.txt;1018;52;0.05108055;0;1;0;0;0;0;0;3;0;12;0;0;0;0;0;0;0;0;0;0;0;0;0;0;5;0;0;0;0;0;9;0;36;0;0;0;0;0;0;0;0;0;0;0;0;0;0;0;0;0;0;0;0;0;0;2;0;0;0;0;0;0;0;0;0;0;0;0;0
Service_social_gerontologique_du_CCAS_de_Dijon.txt;Database\Vada_database\Service_social_gerontologique_du_CCAS_de_Dijon.txt;C:\Users\PC\Desktop\Project_Internship\Index_Insight\Database\Vada_database\Service_social_gerontologique_du_CCAS_de_Dijon.txt;900;46;0.05111111;0;2;1;2;0;0;5;0;0;2;1;0;0;0;0;0;0;0;0;0;0;1;0;0;10;5;6;0;0;15;0;0;6;3;0;0;0;0;0;0;0;0;0;0;1;0;0;0;0;0;0;0;0;0;0;0;0;0;0;0;0;0;0;0;0;0;0;0;0
Association_La_Logitude.txt;Database\Vada_database\Association_La_Logitude.txt;C:\Users\PC\Desktop\Project_Internship\Index_Insight\Database\Vada_database\Association_La_Logitude.txt;880;45;0.05113636;0;0;0;0;5;0;5;0;0;0;0;3;0;0;0;0;1;0;0;0;0;5;0;0;0;0;0;15;0;15;0;0;0;0;9;0;0;0;0;1;0;0;0;0;5;0;0;0;0;0;0;0;0;0;0;0;0;0;0;0;0;0;0;0;0;0;0;0;0
A_Dijon_un_calendrier_des_manifestations.txt;Database\Vada_database\A_Dijon_un_calendrier_des_manifestations.txt;C:\Users\PC\Desktop\Project_Internship\Index_Insight\Database\Vada_database\A_Dijon_un_calendrier_des_manifestations.txt;704;36;0.05113636;0;1;0;1;1;0;6;2;0;0;0;0;0;0;0;0;0;0;0;0;0;1;0;0;5;0;3;3;0;18;6;0;0;0;0;0;0;0;0;0;0;0;0;0;1;0;0;0;0;0;0;0;0;0;0;0;0;0;0;0;0;0;0;0;0;0;0;0;0
Le_reseau_sentinelle_un_dispositif_pour_lutter_contre_lisolement.txt;Database\Vada_database\Le_reseau_sentinelle_un_dispositif_pour_lutter_contre_lisolement.txt;C:\Users\PC\Desktop\Project_Internship\Index_Insight\Database\Vada_database\Le_reseau_sentinelle_un_dispositif_pour_lutter_contre_lisolement.txt;958;49;0.05114823;0;1;0;1;9;0;1;0;1;0;0;0;0;0;1;0;1;0;0;0;0;6;0;0;5;0;3;27;0;3;0;3;0;0;0;0;0;1;0;1;0;0;0;0;6;0;0;0;0;0;0;0;0;0;0;0;0;0;0;0;0;0;0;0;0;0;0;0;0
Generations_sports_a_Royan.txt;Database\Vada_database\Generations_sports_a_Royan.txt;C:\Users\PC\Desktop\Project_Internship\Index_Insight\Database\Vada_database\Generations_sports_a_Royan.txt;938;48;0.05117271;0;1;0;0;0;0;11;0;0;0;0;3;0;0;0;0;1;0;0;0;0;0;0;0;5;0;0;0;0;33;0;0;0;0;9;0;0;0;0;1;0;0;0;0;0;0;0;0;0;0;0;0;0;0;0;0;0;0;0;0;0;0;0;0;0;0;0;0;0
Des_sorties_estivales_pour_les_aines_Lyonnais.txt;Database\Vada_database\Des_sorties_estivales_pour_les_aines_Lyonnais.txt;C:\Users\PC\Desktop\Project_Internship\Index_Insight\Database\Vada_database\Des_sorties_estivales_pour_les_aines_Lyonnais.txt;625;32;0.05120000;0;1;0;0;1;0;2;5;0;0;0;0;0;1;0;0;0;0;0;0;0;2;0;0;5;0;0;3;0;6;15;0;0;0;0;0;1;0;0;0;0;0;0;0;2;0;0;0;0;0;0;0;0;0;0;0;0;0;0;0;0;0;0;0;0;0;0;0;0
Accueil_desAinees_on_en_parle.txt;Database\Vada_database\Accueil_desAinees_on_en_parle.txt;C:\Users\PC\Desktop\Project_Internship\Index_Insight\Database\Vada_database\Accueil_desAinees_on_en_parle.txt;644;33;0.05124224;2;1;0;0;0;6;0;0;0;0;0;0;0;0;0;0;0;0;0;0;0;0;0;10;5;0;0;0;18;0;0;0;0;0;0;0;0;0;0;0;0;0;0;0;0;0;0;0;0;0;0;0;0;0;0;0;0;0;0;0;0;0;0;0;0;0;0;0;0
Prendre_lair_en_triporteur.txt;Database\Vada_database\Prendre_lair_en_triporteur.txt;C:\Users\PC\Desktop\Project_Internship\Index_Insight\Database\Vada_database\Prendre_lair_en_triporteur.txt;761;39;0.05124836;0;1;0;0;0;0;6;0;0;0;1;2;0;1;3;0;0;0;0;0;0;3;0;0;5;0;0;0;0;18;0;0;0;3;6;0;1;3;0;0;0;0;0;0;3;0;0;0;0;0;0;0;0;0;0;0;0;0;0;0;0;0;0;0;0;0;0;0;0
Passe-passe_darts.txt;Database\Vada_database\Passe-passe_darts.txt;C:\Users\PC\Desktop\Project_Internship\Index_Insight\Database\Vada_database\Passe-passe_darts.txt;682;35;0.05131965;0;1;0;0;2;0;6;0;0;0;0;0;0;3;1;0;0;0;0;0;0;2;0;0;5;0;0;6;0;18;0;0;0;0;0;0;3;1;0;0;0;0;0;0;2;0;0;0;0;0;0;0;0;0;0;0;0;0;0;0;0;0;0;0;0;0;0;0;0
Atelier_memoire.txt;Database\Vada_database\Atelier_memoire.txt;C:\Users\PC\Desktop\Project_Internship\Index_Insight\Database\Vada_database\Atelier_memoire.txt;526;27;0.05133080;0;1;0;0;0;0;5;0;2;0;0;0;1;0;0;0;0;0;0;0;0;0;0;0;5;0;0;0;0;15;0;6;0;0;0;1;0;0;0;0;0;0;0;0;0;0;0;0;0;0;0;0;0;0;0;0;0;0;0;0;0;0;0;0;0;0;0;0;0
programme_prioritaire_de_recherche_sur_l_autonomie_ppr_autonomie.txt;Database\cnsa_database\programme_prioritaire_de_recherche_sur_l_autonomie_ppr_autonomie.txt;C:\Users\PC\Desktop\Project_Internship\Index_Insight\Database\cnsa_database\programme_prioritaire_de_recherche_sur_l_autonomie_ppr_autonomie.txt;1554;80;0.05148005;0;0;0;3;7;0;1;0;1;0;3;0;0;0;1;0;32;0;0;0;0;0;0;0;0;0;9;21;0;3;0;3;0;9;0;0;0;1;0;32;0;0;0;0;0;0;0;0;0;0;0;0;0;0;0;0;0;0;0;0;0;0;2;0;0;0;0;0;0
Vence_-_marche_nordique_pour_les_seniors.txt;Database\Vada_database\Vence_-_marche_nordique_pour_les_seniors.txt;C:\Users\PC\Desktop\Project_Internship\Index_Insight\Database\Vada_database\Vence_-_marche_nordique_pour_les_seniors.txt;756;39;0.05158730;0;1;0;0;0;0;9;0;0;0;1;0;1;0;0;0;0;0;0;0;0;1;0;0;5;0;0;0;0;27;0;0;0;3;0;1;0;0;0;0;0;0;0;0;1;0;0;0;0;0;0;0;2;0;0;0;0;0;0;0;0;0;0;0;0;0;0;0;0
Brins_de_vie.txt;Database\Vada_database\Brins_de_vie.txt;C:\Users\PC\Desktop\Project_Internship\Index_Insight\Database\Vada_database\Brins_de_vie.txt;1066;55;0.05159475;0;0;0;0;6;0;10;0;0;0;0;1;0;0;0;0;2;0;0;0;0;2;0;0;0;0;0;18;0;30;0;0;0;0;3;0;0;0;0;2;0;0;0;0;2;0;0;0;0;0;0;0;0;0;0;0;0;0;0;0;0;0;0;0;0;0;0;0;0
Blabladom_Tourelloise.txt;Database\Vada_database\Blabladom_Tourelloise.txt;C:\Users\PC\Desktop\Project_Internship\Index_Insight\Database\Vada_database\Blabladom_Tourelloise.txt;1065;55;0.05164319;0;0;0;0;6;0;10;0;0;0;0;1;0;0;0;0;2;0;0;0;0;2;0;0;0;0;0;18;0;30;0;0;0;0;3;0;0;0;0;2;0;0;0;0;2;0;0;0;0;0;0;0;0;0;0;0;0;0;0;0;0;0;0;0;0;0;0;0;0
Operation_passages.txt;Database\Vada_database\Operation_passages.txt;C:\Users\PC\Desktop\Project_Internship\Index_Insight\Database\Vada_database\Operation_passages.txt;1431;74;0.05171209;0;2;0;0;4;0;10;2;0;2;0;0;0;0;0;0;1;0;0;0;0;9;0;0;10;0;0;12;0;30;6;0;6;0;0;0;0;0;0;1;0;0;0;0;9;0;0;0;0;0;0;0;0;0;0;0;0;0;0;0;0;0;0;0;0;0;0;0;0
Carte_partages.txt;Database\Vada_database\Carte_partages.txt;C:\Users\PC\Desktop\Project_Internship\Index_Insight\Database\Vada_database\Carte_partages.txt;522;27;0.05172414;0;1;0;0;0;0;4;0;0;0;3;0;0;0;0;0;1;0;0;0;0;0;0;0;5;0;0;0;0;12;0;0;0;9;0;0;0;0;0;1;0;0;0;0;0;0;0;0;0;0;0;0;0;0;0;0;0;0;0;0;0;0;0;0;0;0;0;0;0
Elaboration_dun_plan_daction.txt;Database\Vada_database\Elaboration_dun_plan_daction.txt;C:\Users\PC\Desktop\Project_Internship\Index_Insight\Database\Vada_database\Elaboration_dun_plan_daction.txt;1099;57;0.05186533;0;1;0;1;1;0;15;0;0;0;0;0;0;0;0;0;1;0;0;0;0;0;0;0;5;0;3;3;0;45;0;0;0;0;0;0;0;0;0;1;0;0;0;0;0;0;0;0;0;0;0;0;0;0;0;0;0;0;0;0;0;0;0;0;0;0;0;0;0
Table_Ronde_pour_promouvoir_le_logement_intergenerationnel.txt;Database\Vada_database\Table_Ronde_pour_promouvoir_le_logement_intergenerationnel.txt;C:\Users\PC\Desktop\Project_Internship\Index_Insight\Database\Vada_database\Table_Ronde_pour_promouvoir_le_logement_intergenerationnel.txt;790;41;0.05189873;0;1;0;2;2;0;1;0;0;0;0;6;0;0;0;0;0;0;0;0;0;1;0;0;5;0;6;6;0;3;0;0;0;0;18;0;0;0;0;0;0;0;0;0;1;0;0;0;0;0;0;0;0;0;0;0;0;2;0;0;0;0;0;0;0;0;0;0;0
Fiche6-Mobilite.txt;Database\Fiches_actions_database\Fiche6-Mobilite.txt;C:\Users\PC\Desktop\Project_Internship\Index_Insight\Database\Fiches_actions_database\Fiche6-Mobilite.txt;231;12;0.05194805;0;0;0;0;2;0;0;0;0;0;1;0;0;0;1;0;0;0;0;0;0;0;0;0;0;0;0;6;0;0;0;0;0;3;0;0;0;1;0;0;0;0;0;0;0;0;0;0;0;0;0;0;0;0;0;0;0;0;0;0;2;0;0;0;0;0;0;0;0
La_mobilite_au_cur_de_la_semaine_bleue.txt;Database\Vada_database\La_mobilite_au_cur_de_la_semaine_bleue.txt;C:\Users\PC\Desktop\Project_Internship\Index_Insight\Database\Vada_database\La_mobilite_au_cur_de_la_semaine_bleue.txt;687;36;0.05240175;0;1;0;1;1;0;4;0;0;0;0;0;0;0;10;0;0;0;0;0;0;1;0;0;5;0;3;3;0;12;0;0;0;0;0;0;0;10;0;0;0;0;0;0;1;0;0;0;0;0;0;0;0;0;0;0;0;0;0;0;2;0;0;0;0;0;0;0;0
Logement_adapte_et_accompagne_vers_un_habitat_adequat_pour_lavancee_en_age.txt;Database\Vada_database\Logement_adapte_et_accompagne_vers_un_habitat_adequat_pour_lavancee_en_age.txt;C:\Users\PC\Desktop\Project_Internship\Index_Insight\Database\Vada_database\Logement_adapte_et_accompagne_vers_un_habitat_adequat_pour_lavancee_en_age.txt;1101;58;0.05267938;0;0;0;1;0;0;9;0;0;1;4;1;0;1;4;1;1;0;0;0;0;1;0;0;0;0;3;0;0;27;0;0;3;12;3;0;1;4;1;1;0;0;0;0;1;0;0;0;0;0;0;0;0;0;0;0;2;0;0;0;0;0;0;0;0;0;0;0;0
Maison_Dahlia.txt;Database\Vada_database\Maison_Dahlia.txt;C:\Users\PC\Desktop\Project_Internship\Index_Insight\Database\Vada_database\Maison_Dahlia.txt;948;50;0.05274262;0;1;0;1;2;0;7;1;1;1;1;0;1;0;0;0;2;0;0;0;0;0;0;0;5;0;3;6;0;21;3;3;3;3;0;1;0;0;0;2;0;0;0;0;0;0;0;0;0;0;0;0;0;0;0;0;0;0;0;0;0;0;0;0;0;0;0;0;0
SEMAINE_BLEUE.txt;Database\Vada_database\SEMAINE_BLEUE.txt;C:\Users\PC\Desktop\Project_Internship\Index_Insight\Database\Vada_database\SEMAINE_BLEUE.txt;737;39;0.05291723;0;1;0;1;3;0;3;0;2;0;0;2;0;0;0;0;0;0;0;0;0;1;0;0;5;0;3;9;0;9;0;6;0;0;6;0;0;0;0;0;0;0;0;0;1;0;0;0;0;0;0;0;0;0;0;0;0;0;0;0;0;0;0;0;0;0;0;0;0
Vienne_en_forme.txt;Database\Vada_database\Vienne_en_forme.txt;C:\Users\PC\Desktop\Project_Internship\Index_Insight\Database\Vada_database\Vienne_en_forme.txt;753;40;0.05312085;0;1;0;0;0;0;7;0;0;0;4;0;0;0;0;0;2;0;0;0;0;0;0;0;5;0;0;0;0;21;0;0;0;12;0;0;0;0;0;2;0;0;0;0;0;0;0;0;0;0;0;0;0;0;0;0;0;0;0;0;0;0;0;0;0;0;0;0;0
Fiche-action_4_Aines_Sochaliens_Connectes.txt;Database\Fiches_actions_database\Fiche-action_4_Aines_Sochaliens_Connectes.txt;C:\Users\PC\Desktop\Project_Internship\Index_Insight\Database\Fiches_actions_database\Fiche-action_4_Aines_Sochaliens_Connectes.txt;489;26;0.05316973;0;0;0;0;0;0;6;1;0;0;0;1;0;0;0;0;0;1;0;0;0;1;0;0;0;0;0;0;0;18;3;0;0;0;3;0;0;0;0;0;1;0;0;0;1;0;0;0;0;0;0;0;0;0;0;0;0;0;0;0;0;0;0;0;0;0;0;0;0
Saint-denis_de_la_reunion_dispositif_seniors_en_action.txt;Database\Vada_database\Saint-denis_de_la_reunion_dispositif_seniors_en_action.txt;C:\Users\PC\Desktop\Project_Internship\Index_Insight\Database\Vada_database\Saint-denis_de_la_reunion_dispositif_seniors_en_action.txt;789;42;0.05323194;0;1;0;0;0;0;9;0;0;0;2;0;0;0;0;0;2;0;0;0;0;0;0;0;5;0;0;0;0;27;0;0;0;6;0;0;0;0;0;2;0;0;0;0;0;0;0;0;0;0;0;0;2;0;0;0;0;0;0;0;0;0;0;0;0;0;0;0;0
La_fabrique_de_vitalites.txt;Database\Vada_database\La_fabrique_de_vitalites.txt;C:\Users\PC\Desktop\Project_Internship\Index_Insight\Database\Vada_database\La_fabrique_de_vitalites.txt;672;36;0.05357143;0;0;0;0;0;0;2;0;2;0;7;0;0;0;0;0;3;0;0;0;0;0;0;0;0;0;0;0;0;6;0;6;0;21;0;0;0;0;0;3;0;0;0;0;0;0;0;0;0;0;0;0;0;0;0;0;0;0;0;0;0;0;0;0;0;0;0;0;0
Design_for_all.txt;Database\Vada_database\Design_for_all.txt;C:\Users\PC\Desktop\Project_Internship\Index_Insight\Database\Vada_database\Design_for_all.txt;970;52;0.05360825;2;1;0;1;4;0;1;0;0;0;0;1;0;0;11;1;3;0;0;0;0;1;0;10;5;0;3;12;0;3;0;0;0;0;3;0;0;11;1;3;0;0;0;0;1;0;0;0;0;0;0;0;0;0;0;0;0;0;0;0;0;0;0;0;0;0;0;0;0
Reseau_Passage.txt;Database\Vada_database\Reseau_Passage.txt;C:\Users\PC\Desktop\Project_Internship\Index_Insight\Database\Vada_database\Reseau_Passage.txt;634;34;0.05362776;0;0;0;1;1;0;0;1;1;0;6;0;0;0;0;0;0;0;0;0;0;3;1;0;0;0;3;3;0;0;3;3;0;18;0;0;0;0;0;0;0;0;0;0;3;1;0;0;0;0;0;0;0;0;0;0;0;0;0;0;0;0;0;0;0;0;0;0;0
Depister_a_temps_la_fragilite.txt;Database\Vada_database\Depister_a_temps_la_fragilite.txt;C:\Users\PC\Desktop\Project_Internship\Index_Insight\Database\Vada_database\Depister_a_temps_la_fragilite.txt;782;42;0.05370844;0;1;0;3;1;0;6;1;0;0;0;0;0;0;1;0;2;0;0;0;0;1;0;0;5;0;9;3;0;18;3;0;0;0;0;0;0;1;0;2;0;0;0;0;1;0;0;0;0;0;0;0;0;0;0;0;0;0;0;0;0;0;0;0;0;0;0;0;0
Allers_vers_les_futurs_Theatre_Forum_Intergenerationne.txt;Database\Vada_database\Allers_vers_les_futurs_Theatre_Forum_Intergenerationne.txt;C:\Users\PC\Desktop\Project_Internship\Index_Insight\Database\Vada_database\Allers_vers_les_futurs_Theatre_Forum_Intergenerationne.txt;614;33;0.05374593;0;0;0;0;0;0;6;0;0;0;1;3;0;0;0;0;3;0;0;0;0;0;0;0;0;0;0;0;0;18;0;0;0;3;9;0;0;0;0;3;0;0;0;0;0;0;0;0;0;0;0;0;0;0;0;0;0;0;0;0;0;0;0;0;0;0;0;0;0
Fiche5-Mobilite.txt;Database\Fiches_actions_database\Fiche5-Mobilite.txt;C:\Users\PC\Desktop\Project_Internship\Index_Insight\Database\Fiches_actions_database\Fiche5-Mobilite.txt;279;15;0.05376344;0;0;0;0;3;0;1;0;0;0;0;0;0;0;1;0;0;0;0;0;0;0;0;0;0;0;0;9;0;3;0;0;0;0;0;0;0;1;0;0;0;0;0;0;0;0;0;0;0;0;0;0;0;0;0;0;0;0;0;0;2;0;0;0;0;0;0;0;0
Mission_benevolat_senior.txt;Database\Vada_database\Mission_benevolat_senior.txt;C:\Users\PC\Desktop\Project_Internship\Index_Insight\Database\Vada_database\Mission_benevolat_senior.txt;1264;68;0.05379747;0;1;0;0;2;0;13;4;0;0;0;0;0;0;0;0;0;2;0;0;0;4;0;0;5;0;0;6;0;39;12;0;0;0;0;0;0;0;0;0;2;0;0;0;4;0;0;0;0;0;0;0;0;0;0;0;0;0;0;0;0;0;0;0;0;0;0;0;0
La_semaine_bleue_bouger_ensemble_pour_entretenir_la_flamme.txt;Database\Vada_database\La_semaine_bleue_bouger_ensemble_pour_entretenir_la_flamme.txt;C:\Users\PC\Desktop\Project_Internship\Index_Insight\Database\Vada_database\La_semaine_bleue_bouger_ensemble_pour_entretenir_la_flamme.txt;594;32;0.05387205;0;1;0;0;3;0;2;2;0;0;0;1;0;0;1;0;0;0;0;0;0;2;0;0;5;0;0;9;0;6;6;0;0;0;3;0;0;1;0;0;0;0;0;0;2;0;0;0;0;0;0;0;0;0;0;0;0;0;0;0;0;0;0;0;0;0;0;0;0
Les_JOBS_dete.txt;Database\Vada_database\Les_JOBS_dete.txt;C:\Users\PC\Desktop\Project_Internship\Index_Insight\Database\Vada_database\Les_JOBS_dete.txt;628;34;0.05414013;0;1;0;0;3;0;2;0;0;2;1;1;0;1;0;0;0;0;0;0;0;1;0;0;5;0;0;9;0;6;0;0;6;3;3;0;1;0;0;0;0;0;0;0;1;0;0;0;0;0;0;0;0;0;0;0;0;0;0;0;0;0;0;0;0;0;0;0;0
Se_deplacer_en_transports_en_commun.txt;Database\Vada_database\Se_deplacer_en_transports_en_commun.txt;C:\Users\PC\Desktop\Project_Internship\Index_Insight\Database\Vada_database\Se_deplacer_en_transports_en_commun.txt;793;43;0.05422446;0;1;0;0;4;0;5;0;0;0;0;0;0;0;5;0;6;0;0;0;0;0;0;0;5;0;0;12;0;15;0;0;0;0;0;0;0;5;0;6;0;0;0;0;0;0;0;0;0;0;0;0;0;0;0;0;0;0;0;0;0;0;0;0;0;0;0;0;0
Referentiel_adaptations_logement_neuf_et_rehabilitation.txt;Database\Vada_database\Referentiel_adaptations_logement_neuf_et_rehabilitation.txt;C:\Users\PC\Desktop\Project_Internship\Index_Insight\Database\Vada_database\Referentiel_adaptations_logement_neuf_et_rehabilitation.txt;791;43;0.05436157;0;1;0;9;1;0;0;0;2;0;0;0;1;0;0;0;1;0;0;0;0;0;0;0;5;0;27;3;0;0;0;6;0;0;0;1;0;0;0;1;0;0;0;0;0;0;0;0;0;0;0;0;0;0;0;0;0;0;0;0;0;0;0;0;0;0;0;0;0
Carte_Nancy_Seniors.txt;Database\Vada_database\Carte_Nancy_Seniors.txt;C:\Users\PC\Desktop\Project_Internship\Index_Insight\Database\Vada_database\Carte_Nancy_Seniors.txt;772;42;0.05440415;0;1;0;0;1;0;10;0;0;0;0;0;0;0;0;0;1;0;0;0;0;1;0;0;5;0;0;3;0;30;0;0;0;0;0;0;0;0;0;1;0;0;0;0;1;0;0;0;0;0;0;0;2;0;0;0;0;0;0;0;0;0;0;0;0;0;0;0;0
Aire_dactivites_intergenerationnelles.txt;Database\Vada_database\Aire_dactivites_intergenerationnelles.txt;C:\Users\PC\Desktop\Project_Internship\Index_Insight\Database\Vada_database\Aire_dactivites_intergenerationnelles.txt;716;39;0.05446927;0;1;0;0;3;0;5;0;0;0;2;1;0;0;0;0;1;0;0;0;0;0;0;0;5;0;0;9;0;15;0;0;0;6;3;0;0;0;0;1;0;0;0;0;0;0;0;0;0;0;0;0;0;0;0;0;0;0;0;0;0;0;0;0;0;0;0;0;0
Sur_les_pas_de_nos_aines.txt;Database\Vada_database\Sur_les_pas_de_nos_aines.txt;C:\Users\PC\Desktop\Project_Internship\Index_Insight\Database\Vada_database\Sur_les_pas_de_nos_aines.txt;657;36;0.05479452;0;1;0;1;4;0;1;0;0;0;2;2;0;0;1;0;0;0;0;0;0;0;0;0;5;0;3;12;0;3;0;0;0;6;6;0;0;1;0;0;0;0;0;0;0;0;0;0;0;0;0;0;0;0;0;0;0;0;0;0;0;0;0;0;0;0;0;0;0
Un_bien-etre_pour_prendre_le_temps_de_se_detendre.txt;Database\Vada_database\Un_bien-etre_pour_prendre_le_temps_de_se_detendre.txt;C:\Users\PC\Desktop\Project_Internship\Index_Insight\Database\Vada_database\Un_bien-etre_pour_prendre_le_temps_de_se_detendre.txt;748;41;0.05481283;0;1;0;0;0;0;10;0;0;0;0;0;0;0;0;0;1;0;0;0;0;5;0;0;5;0;0;0;0;30;0;0;0;0;0;0;0;0;0;1;0;0;0;0;5;0;0;0;0;0;0;0;0;0;0;0;0;0;0;0;0;0;0;0;0;0;0;0;0
Viens_je_temmene_a_la_Maison_de_quartier_La_Touche_pour_une_journee_placee_sous_le_theme_du_jeu.txt;Database\Vada_database\Viens_je_temmene_a_la_Maison_de_quartier_La_Touche_pour_une_journee_placee_sous_le_theme_du_jeu.txt;C:\Users\PC\Desktop\Project_Internship\Index_Insight\Database\Vada_database\Viens_je_temmene_a_la_Maison_de_quartier_La_Touche_pour_une_journee_placee_sous_le_theme_du_jeu.txt;784;43;0.05484694;0;1;0;0;9;0;2;0;0;0;0;0;0;0;0;0;0;0;0;0;0;5;0;0;5;0;0;27;0;6;0;0;0;0;0;0;0;0;0;0;0;0;0;0;5;0;0;0;0;0;0;0;0;0;0;0;0;0;0;0;0;0;0;0;0;0;0;0;0
Mediations_partagees_par_le_dessin.txt;Database\Vada_database\Mediations_partagees_par_le_dessin.txt;C:\Users\PC\Desktop\Project_Internship\Index_Insight\Database\Vada_database\Mediations_partagees_par_le_dessin.txt;1202;66;0.05490849;0;2;0;1;3;0;11;0;0;0;2;0;0;0;0;1;4;0;0;0;0;0;0;0;10;0;3;9;0;33;0;0;0;6;0;0;0;0;1;4;0;0;0;0;0;0;0;0;0;0;0;0;0;0;0;0;0;0;0;0;0;0;0;0;0;0;0;0;0
Atelier_Telephonie_mobile.txt;Database\Vada_database\Atelier_Telephonie_mobile.txt;C:\Users\PC\Desktop\Project_Internship\Index_Insight\Database\Vada_database\Atelier_Telephonie_mobile.txt;563;31;0.05506217;0;1;0;0;0;0;2;2;3;0;0;0;0;0;0;0;5;0;0;0;0;0;0;0;5;0;0;0;0;6;6;9;0;0;0;0;0;0;0;5;0;0;0;0;0;0;0;0;0;0;0;0;0;0;0;0;0;0;0;0;0;0;0;0;0;0;0;0;0
Amenagement_du_parcours_de_sante_adapte_physio-parc_en_acces_libre_a_letang_des_Forges_de_Belfort.txt;Database\Vada_database\Amenagement_du_parcours_de_sante_adapte_physio-parc_en_acces_libre_a_letang_des_Forges_de_Belfort.txt;C:\Users\PC\Desktop\Project_Internship\Index_Insight\Database\Vada_database\Amenagement_du_parcours_de_sante_adapte_physio-parc_en_acces_libre_a_letang_des_Forges_de_Belfort.txt;799;44;0.05506884;0;1;0;0;1;0;11;0;0;0;0;0;0;0;2;0;0;0;0;0;0;1;0;0;5;0;0;3;0;33;0;0;0;0;0;0;0;2;0;0;0;0;0;0;1;0;0;0;0;0;0;0;0;0;0;0;0;0;0;0;0;0;0;0;0;0;0;0;0
fiche.txt;Database\Vada_database\fiche.txt;C:\Users\PC\Desktop\Project_Internship\Index_Insight\Database\Vada_database\fiche.txt;779;43;0.05519897;0;1;0;0;0;0;8;0;0;1;0;0;0;0;0;0;1;8;0;0;0;2;0;0;5;0;0;0;0;24;0;0;3;0;0;0;0;0;0;1;8;0;0;0;2;0;0;0;0;0;0;0;0;0;0;0;0;0;0;0;0;0;0;0;0;0;0;0;0
Prevseniors_les_ateliers_prevention_et_rencontre_destines_aux_seniors.txt;Database\Vada_database\Prevseniors_les_ateliers_prevention_et_rencontre_destines_aux_seniors.txt;C:\Users\PC\Desktop\Project_Internship\Index_Insight\Database\Vada_database\Prevseniors_les_ateliers_prevention_et_rencontre_destines_aux_seniors.txt;1355;75;0.05535055;0;0;0;2;1;0;19;0;0;0;1;0;0;0;0;0;2;0;0;0;0;2;0;0;0;0;6;3;0;57;0;0;0;3;0;0;0;0;0;2;0;0;0;0;2;0;0;0;0;0;0;0;2;0;0;0;0;0;0;0;0;0;0;0;0;0;0;0;0
Jeux_video_un_pont_intergenerationnel.txt;Database\Vada_database\Jeux_video_un_pont_intergenerationnel.txt;C:\Users\PC\Desktop\Project_Internship\Index_Insight\Database\Vada_database\Jeux_video_un_pont_intergenerationnel.txt;903;50;0.05537099;0;0;0;0;0;0;11;0;0;0;0;5;0;0;0;0;0;0;0;0;0;0;0;0;0;0;0;0;0;33;0;0;0;0;15;0;0;0;0;0;0;0;0;0;0;0;0;0;0;0;0;0;0;0;0;0;0;2;0;0;0;0;0;0;0;0;0;0;0
35_Aller_vers_ALLER_VERS.txt;Database\Cnav_database\35_Aller_vers_ALLER_VERS.txt;C:\Users\PC\Desktop\Project_Internship\Index_Insight\Database\Cnav_database\35_Aller_vers_ALLER_VERS.txt;487;27;0.05544148;0;0;0;1;0;0;0;2;2;1;0;0;0;0;0;0;0;0;0;0;0;9;0;0;0;0;3;0;0;0;6;6;3;0;0;0;0;0;0;0;0;0;0;0;9;0;0;0;0;0;0;0;0;0;0;0;0;0;0;0;0;0;0;0;0;0;0;0;0
Tissages_la_cohabitation_intergenerationnelle.txt;Database\Vada_database\Tissages_la_cohabitation_intergenerationnelle.txt;C:\Users\PC\Desktop\Project_Internship\Index_Insight\Database\Vada_database\Tissages_la_cohabitation_intergenerationnelle.txt;901;50;0.05549390;0;1;0;0;1;0;10;1;0;0;1;1;0;0;0;0;1;0;0;0;0;2;0;0;5;0;0;3;0;30;3;0;0;3;3;0;0;0;0;1;0;0;0;0;2;0;0;0;0;0;0;0;0;0;0;0;0;0;0;0;0;0;0;0;0;0;0;0;0
Atelier_cuisine_nicoise.txt;Database\Vada_database\Atelier_cuisine_nicoise.txt;C:\Users\PC\Desktop\Project_Internship\Index_Insight\Database\Vada_database\Atelier_cuisine_nicoise.txt;306;17;0.05555556;0;1;0;0;0;0;4;0;0;0;0;0;0;0;0;0;0;0;0;0;0;0;0;0;5;0;0;0;0;12;0;0;0;0;0;0;0;0;0;0;0;0;0;0;0;0;0;0;0;0;0;0;0;0;0;0;0;0;0;0;0;0;0;0;0;0;0;0;0
Les_rendez-vous_de_lete.txt;Database\Vada_database\Les_rendez-vous_de_lete.txt;C:\Users\PC\Desktop\Project_Internship\Index_Insight\Database\Vada_database\Les_rendez-vous_de_lete.txt;699;39;0.05579399;0;0;0;0;6;0;5;0;0;0;0;0;0;0;0;0;2;0;0;0;0;4;0;0;0;0;0;18;0;15;0;0;0;0;0;0;0;0;0;2;0;0;0;0;4;0;0;0;0;0;0;0;0;0;0;0;0;0;0;0;0;0;0;0;0;0;0;0;0
Registre_solidarites.txt;Database\Vada_database\Registre_solidarites.txt;C:\Users\PC\Desktop\Project_Internship\Index_Insight\Database\Vada_database\Registre_solidarites.txt;645;36;0.05581395;0;1;0;0;1;0;9;0;0;0;0;0;0;0;0;0;0;0;0;0;0;1;0;0;5;0;0;3;0;27;0;0;0;0;0;0;0;0;0;0;0;0;0;0;1;0;0;0;0;0;0;0;0;0;0;0;0;0;0;0;0;0;0;0;0;0;0;0;0
PENSA_Preservons_Ensemble_Notre_Sante_Encourager_un_vieillissement_actif_et_en_bonne_sante.txt;Database\Vada_database\PENSA_Preservons_Ensemble_Notre_Sante_Encourager_un_vieillissement_actif_et_en_bonne_sante.txt;C:\Users\PC\Desktop\Project_Internship\Index_Insight\Database\Vada_database\PENSA_Preservons_Ensemble_Notre_Sante_Encourager_un_vieillissement_actif_et_en_bonne_sante.txt;841;47;0.05588585;0;1;0;3;0;0;9;0;0;1;0;0;0;0;0;0;0;0;0;0;0;1;0;0;5;0;9;0;0;27;0;0;3;0;0;0;0;0;0;0;0;0;0;0;1;0;0;0;0;2;0;0;0;0;0;0;0;0;0;0;0;0;0;0;0;0;0;0;0
Les_nouveaux_usages_du_numerique_4_ateliers_pour_tout_comprendre.txt;Database\Vada_database\Les_nouveaux_usages_du_numerique_4_ateliers_pour_tout_comprendre.txt;C:\Users\PC\Desktop\Project_Internship\Index_Insight\Database\Vada_database\Les_nouveaux_usages_du_numerique_4_ateliers_pour_tout_comprendre.txt;608;34;0.05592105;0;1;0;0;0;0;9;0;0;0;0;0;0;0;0;0;2;0;0;0;0;0;0;0;5;0;0;0;0;27;0;0;0;0;0;0;0;0;0;2;0;0;0;0;0;0;0;0;0;0;0;0;0;0;0;0;0;0;0;0;0;0;0;0;0;0;0;0;0
Politique de lautonomie, mobilités résidentielles .txt;Database\Hcfea_database\Politique de lautonomie, mobilités résidentielles .txt;C:\Users\PC\Desktop\Project_Internship\Index_Insight\Database\Hcfea_database\Politique de lautonomie, mobilités résidentielles .txt;1162;65;0.05593804;0;0;0;4;4;0;2;0;0;0;6;0;0;6;5;0;6;0;0;0;0;0;0;0;0;0;12;12;0;6;0;0;0;18;0;0;6;5;0;6;0;0;0;0;0;0;0;0;0;0;0;0;0;0;0;0;0;0;0;0;0;0;0;0;0;0;0;0;0
Concours_dentreprises_Bien_vivre_et_bien_vieillir_en_Sud_Gironde.txt;Database\Vada_database\Concours_dentreprises_Bien_vivre_et_bien_vieillir_en_Sud_Gironde.txt;C:\Users\PC\Desktop\Project_Internship\Index_Insight\Database\Vada_database\Concours_dentreprises_Bien_vivre_et_bien_vieillir_en_Sud_Gironde.txt;782;44;0.05626598;0;1;0;0;1;0;2;0;7;0;0;1;0;2;0;0;1;0;0;0;0;1;0;0;5;0;0;3;0;6;0;21;0;0;3;0;2;0;0;1;0;0;0;0;1;0;0;0;0;0;0;0;0;0;2;0;0;0;0;0;0;0;0;0;0;0;0;0;0
37_SEMAINE_NATIONALE_DE_LUTTE_CONTRE_LA_DENUTRITIO.txt;Database\Cnav_database\37_SEMAINE_NATIONALE_DE_LUTTE_CONTRE_LA_DENUTRITIO.txt;C:\Users\PC\Desktop\Project_Internship\Index_Insight\Database\Cnav_database\37_SEMAINE_NATIONALE_DE_LUTTE_CONTRE_LA_DENUTRITIO.txt;497;28;0.05633803;0;0;0;1;3;0;2;0;2;1;0;0;0;0;0;0;1;0;0;0;0;0;0;0;0;0;3;9;0;6;0;6;3;0;0;0;0;0;0;1;0;0;0;0;0;0;0;0;0;0;0;0;0;0;0;0;0;0;0;0;0;0;0;0;0;0;0;0;0
Petits_et_grands_fetent_Paques.txt;Database\Vada_database\Petits_et_grands_fetent_Paques.txt;C:\Users\PC\Desktop\Project_Internship\Index_Insight\Database\Vada_database\Petits_et_grands_fetent_Paques.txt;531;30;0.05649718;0;1;0;0;0;0;8;0;0;0;0;0;0;0;0;0;0;0;0;0;0;1;0;0;5;0;0;0;0;24;0;0;0;0;0;0;0;0;0;0;0;0;0;0;1;0;0;0;0;0;0;0;0;0;0;0;0;0;0;0;0;0;0;0;0;0;0;0;0
21_ESCAPE_GAME_SOMMEIL.txt;Database\Cnav_database\21_ESCAPE_GAME_SOMMEIL.txt;C:\Users\PC\Desktop\Project_Internship\Index_Insight\Database\Cnav_database\21_ESCAPE_GAME_SOMMEIL.txt;424;24;0.05660377;0;0;0;0;0;0;6;1;0;0;1;0;0;0;0;0;0;0;0;0;0;0;0;0;0;0;0;0;0;18;3;0;0;3;0;0;0;0;0;0;0;0;0;0;0;0;0;0;0;0;0;0;0;0;0;0;0;0;0;0;0;0;0;0;0;0;0;0;0
Fiche-action_3_Gude_Pratique_pour_seniors_sochalie.txt;Database\Fiches_actions_database\Fiche-action_3_Gude_Pratique_pour_seniors_sochalie.txt;C:\Users\PC\Desktop\Project_Internship\Index_Insight\Database\Fiches_actions_database\Fiche-action_3_Gude_Pratique_pour_seniors_sochalie.txt;494;28;0.05668016;0;0;0;1;0;0;4;1;0;0;1;1;0;0;0;0;0;2;0;0;0;0;0;0;0;0;3;0;0;12;3;0;0;3;3;0;0;0;0;0;2;0;0;0;0;0;0;0;0;0;0;0;2;0;0;0;0;0;0;0;0;0;0;0;0;0;0;0;0
A_Dijon_une_journee_de_laudition.txt;Database\Vada_database\A_Dijon_une_journee_de_laudition.txt;C:\Users\PC\Desktop\Project_Internship\Index_Insight\Database\Vada_database\A_Dijon_une_journee_de_laudition.txt;687;39;0.05676856;0;1;0;2;0;0;5;0;0;0;3;0;0;0;0;0;1;0;0;0;0;3;0;0;5;0;6;0;0;15;0;0;0;9;0;0;0;0;0;1;0;0;0;0;3;0;0;0;0;0;0;0;0;0;0;0;0;0;0;0;0;0;0;0;0;0;0;0;0
Ateliers_liens_croises.txt;Database\Vada_database\Ateliers_liens_croises.txt;C:\Users\PC\Desktop\Project_Internship\Index_Insight\Database\Vada_database\Ateliers_liens_croises.txt;614;35;0.05700326;0;1;0;0;1;0;7;1;0;0;0;0;0;0;0;0;0;0;0;0;0;3;0;0;5;0;0;3;0;21;3;0;0;0;0;0;0;0;0;0;0;0;0;0;3;0;0;0;0;0;0;0;0;0;0;0;0;0;0;0;0;0;0;0;0;0;0;0;0
Culture_a_domicile.txt;Database\Vada_database\Culture_a_domicile.txt;C:\Users\PC\Desktop\Project_Internship\Index_Insight\Database\Vada_database\Culture_a_domicile.txt;561;32;0.05704100;0;1;0;0;0;0;8;0;0;0;0;0;0;0;1;0;2;0;0;0;0;0;0;0;5;0;0;0;0;24;0;0;0;0;0;0;0;1;0;2;0;0;0;0;0;0;0;0;0;0;0;0;0;0;0;0;0;0;0;0;0;0;0;0;0;0;0;0;0
Gouvernance_ouverte_go_du_plan_daction_nantes_ville_amie_des_aines.txt;Database\Vada_database\Gouvernance_ouverte_go_du_plan_daction_nantes_ville_amie_des_aines.txt;C:\Users\PC\Desktop\Project_Internship\Index_Insight\Database\Vada_database\Gouvernance_ouverte_go_du_plan_daction_nantes_ville_amie_des_aines.txt;596;34;0.05704698;0;5;0;0;0;0;2;0;0;0;0;0;0;0;0;0;0;1;0;0;0;0;0;0;25;0;0;0;0;6;0;0;0;0;0;0;0;0;0;0;1;0;0;0;0;0;0;2;0;0;0;0;0;0;0;0;0;0;0;0;0;0;0;0;0;0;0;0;0
Planete_seniors.txt;Database\Vada_database\Planete_seniors.txt;C:\Users\PC\Desktop\Project_Internship\Index_Insight\Database\Vada_database\Planete_seniors.txt;1139;65;0.05706760;0;1;0;0;0;0;10;7;0;0;0;2;0;0;0;0;0;0;0;0;0;1;0;0;5;0;0;0;0;30;21;0;0;0;6;0;0;0;0;0;0;0;0;0;1;0;0;0;0;0;0;0;2;0;0;0;0;0;0;0;0;0;0;0;0;0;0;0;0
Fiche-action_2_Droits_Culturels_des_seniors.txt;Database\Fiches_actions_database\Fiche-action_2_Droits_Culturels_des_seniors.txt;C:\Users\PC\Desktop\Project_Internship\Index_Insight\Database\Fiches_actions_database\Fiche-action_2_Droits_Culturels_des_seniors.txt;595;34;0.05714286;0;0;0;1;1;0;4;0;1;0;1;2;0;0;1;0;0;1;0;0;0;0;0;0;0;0;3;3;0;12;0;3;0;3;6;0;0;1;0;0;1;0;0;0;0;0;0;0;0;0;0;0;2;0;0;0;0;0;0;0;0;0;0;0;0;0;0;0;0
Atelier_de_sensibilisation_aux_enjeux_de_la_longevite_aupres_des_services_techniques_de_Nantes_Metropole.txt;Database\Vada_database\Atelier_de_sensibilisation_aux_enjeux_de_la_longevite_aupres_des_services_techniques_de_Nantes_Metropole.txt;C:\Users\PC\Desktop\Project_Internship\Index_Insight\Database\Vada_database\Atelier_de_sensibilisation_aux_enjeux_de_la_longevite_aupres_des_services_techniques_de_Nantes_Metropole.txt;857;49;0.05717620;0;0;0;6;2;0;7;0;0;0;1;0;0;0;1;0;0;0;0;0;0;0;0;0;0;0;18;6;0;21;0;0;0;3;0;0;0;1;0;0;0;0;0;0;0;0;0;0;0;0;0;0;0;0;0;0;0;0;0;0;0;0;0;0;0;0;0;0;0
doctorat_et_4e_annee_programme_autonomie_grand_age_et_handicap_2026.txt;Database\cnsa_database\doctorat_et_4e_annee_programme_autonomie_grand_age_et_handicap_2026.txt;C:\Users\PC\Desktop\Project_Internship\Index_Insight\Database\cnsa_database\doctorat_et_4e_annee_programme_autonomie_grand_age_et_handicap_2026.txt;313;18;0.05750799;0;0;0;0;0;0;0;0;0;0;3;0;0;0;0;0;5;0;0;0;0;0;0;0;0;0;0;0;0;0;0;0;0;9;0;0;0;0;0;5;0;0;0;0;0;0;0;0;0;0;0;0;0;0;0;0;2;0;0;0;0;0;2;0;0;0;0;0;0
Mise_en_place_dateliers_numeriques_en_direction_des_seniors.txt;Database\Vada_database\Mise_en_place_dateliers_numeriques_en_direction_des_seniors.txt;C:\Users\PC\Desktop\Project_Internship\Index_Insight\Database\Vada_database\Mise_en_place_dateliers_numeriques_en_direction_des_seniors.txt;451;26;0.05764967;0;1;0;0;0;0;6;0;0;0;0;0;0;0;0;0;0;0;0;0;0;1;0;0;5;0;0;0;0;18;0;0;0;0;0;0;0;0;0;0;0;0;0;0;1;0;0;0;0;0;0;0;2;0;0;0;0;0;0;0;0;0;0;0;0;0;0;0;0
Atelier_de_prevention_sante_intitule_check-up_sante_seniors.txt;Database\Vada_database\Atelier_de_prevention_sante_intitule_check-up_sante_seniors.txt;C:\Users\PC\Desktop\Project_Internship\Index_Insight\Database\Vada_database\Atelier_de_prevention_sante_intitule_check-up_sante_seniors.txt;970;56;0.05773196;0;1;0;0;0;0;14;0;1;0;1;0;0;0;1;0;0;0;0;0;0;0;0;0;5;0;0;0;0;42;0;3;0;3;0;0;0;1;0;0;0;0;0;0;0;0;0;0;0;0;0;0;2;0;0;0;0;0;0;0;0;0;0;0;0;0;0;0;0
Le recours des personnes âgées vulnérables aux emp.txt;Database\Hcfea_database\Le recours des personnes âgées vulnérables aux emp.txt;C:\Users\PC\Desktop\Project_Internship\Index_Insight\Database\Hcfea_database\Le recours des personnes âgées vulnérables aux emp.txt;1141;66;0.05784400;0;0;0;2;8;0;4;0;0;0;6;0;0;0;2;0;0;0;0;0;0;2;0;0;0;0;6;24;0;12;0;0;0;18;0;0;0;2;0;0;0;0;0;0;2;0;0;0;0;0;2;0;0;0;0;0;0;0;0;0;0;0;0;0;0;0;0;0;0
Philemon.txt;Database\Vada_database\Philemon.txt;C:\Users\PC\Desktop\Project_Internship\Index_Insight\Database\Vada_database\Philemon.txt;812;47;0.05788177;0;1;0;1;4;0;2;0;2;0;0;0;2;4;0;1;8;0;0;0;0;0;0;0;5;0;3;12;0;6;0;6;0;0;0;2;4;0;1;8;0;0;0;0;0;0;0;0;0;0;0;0;0;0;0;0;0;0;0;0;0;0;0;0;0;0;0;0;0
Vous_avez_dit_ages_On_sdefile_pas.txt;Database\Vada_database\Vous_avez_dit_ages_On_sdefile_pas.txt;C:\Users\PC\Desktop\Project_Internship\Index_Insight\Database\Vada_database\Vous_avez_dit_ages_On_sdefile_pas.txt;691;40;0.05788712;0;1;0;1;2;0;2;0;1;0;4;0;0;0;0;0;3;0;0;0;0;2;0;0;5;0;3;6;0;6;0;3;0;12;0;0;0;0;0;3;0;0;0;0;2;0;0;0;0;0;0;0;0;0;0;0;0;0;0;0;0;0;0;0;0;0;0;0;0
Des_projets_en_lien_avec_les_experiences_sensorielles_le_vivant_et_la_terrehappy.txt;Database\Vada_database\Des_projets_en_lien_avec_les_experiences_sensorielles_le_vivant_et_la_terrehappy.txt;C:\Users\PC\Desktop\Project_Internship\Index_Insight\Database\Vada_database\Des_projets_en_lien_avec_les_experiences_sensorielles_le_vivant_et_la_terrehappy.txt;1278;74;0.05790297;0;2;0;0;1;0;15;0;0;0;1;0;0;13;0;0;0;0;0;0;0;0;0;0;10;0;0;3;0;45;0;0;0;3;0;0;13;0;0;0;0;0;0;0;0;0;0;0;0;0;0;0;0;0;0;0;0;0;0;0;0;0;0;0;0;0;0;0;0
11_LE_PROGRAMME_ACTIV_ET_VOUS.txt;Database\Cnav_database\11_LE_PROGRAMME_ACTIV_ET_VOUS.txt;C:\Users\PC\Desktop\Project_Internship\Index_Insight\Database\Cnav_database\11_LE_PROGRAMME_ACTIV_ET_VOUS.txt;414;24;0.05797101;0;0;0;1;0;0;1;2;1;3;0;0;0;0;0;0;0;0;0;0;0;0;0;0;0;0;3;0;0;3;6;3;9;0;0;0;0;0;0;0;0;0;0;0;0;0;0;0;0;0;0;0;0;0;0;0;0;0;0;0;0;0;0;0;0;0;0;0;0
Visionage_a_domicile.txt;Database\Vada_database\Visionage_a_domicile.txt;C:\Users\PC\Desktop\Project_Internship\Index_Insight\Database\Vada_database\Visionage_a_domicile.txt;706;41;0.05807365;0;1;0;0;6;0;1;0;0;0;3;0;0;0;0;0;1;0;0;0;0;3;2;0;5;0;0;18;0;3;0;0;0;9;0;0;0;0;0;1;0;0;0;0;3;2;0;0;0;0;0;0;0;0;0;0;0;0;0;0;0;0;0;0;0;0;0;0;0
Un_club_des_villes_a_lechelle_du_departement_pour_favoriser_les_interactions_et_le_partage_dexperiences.txt;Database\Vada_database\Un_club_des_villes_a_lechelle_du_departement_pour_favoriser_les_interactions_et_le_partage_dexperiences.txt;C:\Users\PC\Desktop\Project_Internship\Index_Insight\Database\Vada_database\Un_club_des_villes_a_lechelle_du_departement_pour_favoriser_les_interactions_et_le_partage_dexperiences.txt;773;45;0.05821475;1;1;5;0;0;0;0;0;0;0;1;1;0;0;1;0;1;0;1;0;0;1;0;5;5;25;0;0;0;0;0;0;0;3;3;0;0;1;0;1;0;1;0;0;1;0;0;0;0;0;0;0;0;0;0;0;0;0;0;0;0;0;0;0;0;0;0;0;0
Dejeuner_au_lycee_professionnel_de_lAtlantique.txt;Database\Vada_database\Dejeuner_au_lycee_professionnel_de_lAtlantique.txt;C:\Users\PC\Desktop\Project_Internship\Index_Insight\Database\Vada_database\Dejeuner_au_lycee_professionnel_de_lAtlantique.txt;910;53;0.05824176;0;1;0;0;2;0;11;0;0;0;0;2;0;0;0;0;1;0;0;0;0;2;0;0;5;0;0;6;0;33;0;0;0;0;6;0;0;0;0;1;0;0;0;0;2;0;0;0;0;0;0;0;0;0;0;0;0;0;0;0;0;0;0;0;0;0;0;0;0
02_Partenariat_VIV_A_LAB.txt;Database\Cnav_database\02_Partenariat_VIV_A_LAB.txt;C:\Users\PC\Desktop\Project_Internship\Index_Insight\Database\Cnav_database\02_Partenariat_VIV_A_LAB.txt;412;24;0.05825243;0;0;0;2;0;0;1;3;0;1;0;0;0;0;1;0;2;0;0;0;0;0;0;0;0;0;6;0;0;3;9;0;3;0;0;0;0;1;0;2;0;0;0;0;0;0;0;0;0;0;0;0;0;0;0;0;0;0;0;0;0;0;0;0;0;0;0;0;0
Cohabitations_intergenerationnelles.txt;Database\Vada_database\Cohabitations_intergenerationnelles.txt;C:\Users\PC\Desktop\Project_Internship\Index_Insight\Database\Vada_database\Cohabitations_intergenerationnelles.txt;582;34;0.05841924;0;1;0;1;3;0;4;0;0;0;0;1;0;0;0;0;0;0;0;0;0;2;0;0;5;0;3;9;0;12;0;0;0;0;3;0;0;0;0;0;0;0;0;0;2;0;0;0;0;0;0;0;0;0;0;0;0;0;0;0;0;0;0;0;0;0;0;0;0
Pensattitude_Prevention_et_therapies_innovantes_pour_la_sante_des_seniors.txt;Database\Vada_database\Pensattitude_Prevention_et_therapies_innovantes_pour_la_sante_des_seniors.txt;C:\Users\PC\Desktop\Project_Internship\Index_Insight\Database\Vada_database\Pensattitude_Prevention_et_therapies_innovantes_pour_la_sante_des_seniors.txt;1009;59;0.05847374;0;1;0;1;1;0;13;0;0;0;1;0;0;0;0;0;2;0;0;0;0;2;0;0;5;0;3;3;0;39;0;0;0;3;0;0;0;0;0;2;0;0;0;0;2;0;0;0;0;0;0;0;2;0;0;0;0;0;0;0;0;0;0;0;0;0;0;0;0
Sport_en_plein_air_-_Physio-parc.txt;Database\Vada_database\Sport_en_plein_air_-_Physio-parc.txt;C:\Users\PC\Desktop\Project_Internship\Index_Insight\Database\Vada_database\Sport_en_plein_air_-_Physio-parc.txt;581;34;0.05851979;0;1;0;0;0;0;7;0;0;0;2;0;0;0;0;0;1;0;0;0;0;1;0;0;5;0;0;0;0;21;0;0;0;6;0;0;0;0;0;1;0;0;0;0;1;0;0;0;0;0;0;0;0;0;0;0;0;0;0;0;0;0;0;0;0;0;0;0;0
Arles_13_Ville_Membre_depuis_2017.txt;Database\Vada_database\Arles_13_Ville_Membre_depuis_2017.txt;C:\Users\PC\Desktop\Project_Internship\Index_Insight\Database\Vada_database\Arles_13_Ville_Membre_depuis_2017.txt;1025;60;0.05853659;0;0;0;0;0;0;15;3;0;0;0;0;0;0;3;0;1;0;0;0;0;2;0;0;0;0;0;0;0;45;9;0;0;0;0;0;0;3;0;1;0;0;0;0;2;0;0;0;0;0;0;0;0;0;0;0;0;0;0;0;0;0;0;0;0;0;0;0;0
LESPACE_CITOYEN_de_SAINT-QUENTIN.txt;Database\Vada_database\LESPACE_CITOYEN_de_SAINT-QUENTIN.txt;C:\Users\PC\Desktop\Project_Internship\Index_Insight\Database\Vada_database\LESPACE_CITOYEN_de_SAINT-QUENTIN.txt;785;46;0.05859873;0;1;0;0;0;0;8;0;0;1;0;0;0;0;0;0;1;9;0;0;0;2;0;0;5;0;0;0;0;24;0;0;3;0;0;0;0;0;0;1;9;0;0;0;2;0;0;0;0;0;0;0;0;0;0;0;0;0;0;0;0;0;0;2;0;0;0;0;0
TissAge_Un_reseau_pour_rompre_lisolement.txt;Database\Vada_database\TissAge_Un_reseau_pour_rompre_lisolement.txt;C:\Users\PC\Desktop\Project_Internship\Index_Insight\Database\Vada_database\TissAge_Un_reseau_pour_rompre_lisolement.txt;989;58;0.05864510;0;1;0;0;3;0;0;0;0;0;12;0;0;0;0;0;0;0;0;0;0;8;0;0;5;0;0;9;0;0;0;0;0;36;0;0;0;0;0;0;0;0;0;0;8;0;0;0;0;0;0;0;0;0;0;0;0;0;0;0;0;0;0;0;0;0;0;0;0
Lutter_contre_lisolement_social_des_personnes_agees_et_personnes_handicapees_durant_lete.txt;Database\Vada_database\Lutter_contre_lisolement_social_des_personnes_agees_et_personnes_handicapees_durant_lete.txt;C:\Users\PC\Desktop\Project_Internship\Index_Insight\Database\Vada_database\Lutter_contre_lisolement_social_des_personnes_agees_et_personnes_handicapees_durant_lete.txt;494;29;0.05870445;0;1;0;0;4;0;0;0;0;0;0;0;0;0;0;0;0;0;0;0;0;10;0;0;5;0;0;12;0;0;0;0;0;0;0;0;0;0;0;0;0;0;0;0;10;0;0;0;0;0;2;0;0;0;0;0;0;0;0;0;0;0;0;0;0;0;0;0;0
Olympiades_seniors_2023.txt;Database\Vada_database\Olympiades_seniors_2023.txt;C:\Users\PC\Desktop\Project_Internship\Index_Insight\Database\Vada_database\Olympiades_seniors_2023.txt;885;52;0.05875706;0;1;0;0;2;0;12;0;0;0;0;0;0;0;1;0;2;0;0;0;0;0;0;0;5;0;0;6;0;36;0;0;0;0;0;0;0;1;0;2;0;0;0;0;0;0;0;0;0;0;0;0;2;0;0;0;0;0;0;0;0;0;0;0;0;0;0;0;0
VOISIN-AGE_retisser_du_lien_social_autour_des_plus_ages.txt;Database\Vada_database\VOISIN-AGE_retisser_du_lien_social_autour_des_plus_ages.txt;C:\Users\PC\Desktop\Project_Internship\Index_Insight\Database\Vada_database\VOISIN-AGE_retisser_du_lien_social_autour_des_plus_ages.txt;1001;59;0.05894106;0;1;0;0;4;0;0;1;0;0;11;0;0;0;0;0;0;0;0;0;0;4;0;0;5;0;0;12;0;0;3;0;0;33;0;0;0;0;0;0;0;0;0;0;4;0;0;0;0;0;0;0;0;0;0;0;2;0;0;0;0;0;0;0;0;0;0;0;0
Virage_numerique_au_service_anima_Dom.txt;Database\Vada_database\Virage_numerique_au_service_anima_Dom.txt;C:\Users\PC\Desktop\Project_Internship\Index_Insight\Database\Vada_database\Virage_numerique_au_service_anima_Dom.txt;828;49;0.05917874;0;1;0;0;11;0;0;1;0;1;0;0;0;1;0;0;0;0;0;0;0;4;0;0;5;0;0;33;0;0;3;0;3;0;0;0;1;0;0;0;0;0;0;0;4;0;0;0;0;0;0;0;0;0;0;0;0;0;0;0;0;0;0;0;0;0;0;0;0
Des_seniors_amenagent_leur_espace_de_vie.txt;Database\Vada_database\Des_seniors_amenagent_leur_espace_de_vie.txt;C:\Users\PC\Desktop\Project_Internship\Index_Insight\Database\Vada_database\Des_seniors_amenagent_leur_espace_de_vie.txt;536;32;0.05970149;0;1;0;0;0;0;8;0;0;0;0;0;0;0;0;0;1;0;0;0;0;0;0;0;5;0;0;0;0;24;0;0;0;0;0;0;0;0;0;1;0;0;0;0;0;0;0;0;0;0;0;0;2;0;0;0;0;0;0;0;0;0;0;0;0;0;0;0;0
Navette_seniors.txt;Database\Vada_database\Navette_seniors.txt;C:\Users\PC\Desktop\Project_Internship\Index_Insight\Database\Vada_database\Navette_seniors.txt;753;45;0.05976096;0;1;0;0;0;0;10;1;0;0;0;0;0;0;1;0;1;0;0;0;0;3;0;0;5;0;0;0;0;30;3;0;0;0;0;0;0;1;0;1;0;0;0;0;3;0;0;0;0;0;0;0;2;0;0;0;0;0;0;0;0;0;0;0;0;0;0;0;0
39_CINE-DEBAT_A_V_ANT_JETAIS_VIEUX.txt;Database\Cnav_database\39_CINE-DEBAT_A_V_ANT_JETAIS_VIEUX.txt;C:\Users\PC\Desktop\Project_Internship\Index_Insight\Database\Cnav_database\39_CINE-DEBAT_A_V_ANT_JETAIS_VIEUX.txt;750;45;0.06000000;0;0;0;3;0;0;0;5;2;2;2;1;0;0;0;0;0;0;0;0;0;0;0;0;0;0;9;0;0;0;15;6;6;6;3;0;0;0;0;0;0;0;0;0;0;0;0;0;0;0;0;0;0;0;0;0;0;0;0;0;0;0;0;0;0;0;0;0;0
Restaurant_seniors.txt;Database\Vada_database\Restaurant_seniors.txt;C:\Users\PC\Desktop\Project_Internship\Index_Insight\Database\Vada_database\Restaurant_seniors.txt;483;29;0.06004141;0;1;0;0;0;0;5;0;0;1;0;1;0;0;0;0;1;0;0;0;0;0;0;0;5;0;0;0;0;15;0;0;3;0;3;0;0;0;0;1;0;0;0;0;0;0;0;0;0;0;0;0;2;0;0;0;0;0;0;0;0;0;0;0;0;0;0;0;0
Salon_habitat_loisirs_pour_les_jeunes_de_plus_de_60_ans.txt;Database\Vada_database\Salon_habitat_loisirs_pour_les_jeunes_de_plus_de_60_ans.txt;C:\Users\PC\Desktop\Project_Internship\Index_Insight\Database\Vada_database\Salon_habitat_loisirs_pour_les_jeunes_de_plus_de_60_ans.txt;649;39;0.06009245;0;3;0;2;0;0;6;0;0;0;0;0;0;0;0;0;0;0;0;0;0;0;0;0;15;0;6;0;0;18;0;0;0;0;0;0;0;0;0;0;0;0;0;0;0;0;0;0;0;0;0;0;0;0;0;0;0;0;0;0;0;0;0;0;0;0;0;0;0
Activite_qi_gong.txt;Database\Vada_database\Activite_qi_gong.txt;C:\Users\PC\Desktop\Project_Internship\Index_Insight\Database\Vada_database\Activite_qi_gong.txt;366;22;0.06010929;0;1;0;0;0;0;5;0;0;0;0;0;0;0;0;0;2;0;0;0;0;0;0;0;5;0;0;0;0;15;0;0;0;0;0;0;0;0;0;2;0;0;0;0;0;0;0;0;0;0;0;0;0;0;0;0;0;0;0;0;0;0;0;0;0;0;0;0;0
A_Besancon_Transportez-vous.txt;Database\Vada_database\A_Besancon_Transportez-vous.txt;C:\Users\PC\Desktop\Project_Internship\Index_Insight\Database\Vada_database\A_Besancon_Transportez-vous.txt;598;36;0.06020067;0;1;0;0;0;0;3;1;0;1;2;0;1;0;7;0;2;0;0;0;0;0;0;0;5;0;0;0;0;9;3;0;3;6;0;1;0;7;0;2;0;0;0;0;0;0;0;0;0;0;0;0;0;0;0;0;0;0;0;0;0;0;0;0;0;0;0;0;0
Sport_sante_seniors.txt;Database\Vada_database\Sport_sante_seniors.txt;C:\Users\PC\Desktop\Project_Internship\Index_Insight\Database\Vada_database\Sport_sante_seniors.txt;830;50;0.06024096;0;1;0;0;0;2;8;0;0;0;3;0;0;0;0;0;2;0;0;0;0;2;0;0;5;0;0;0;6;24;0;0;0;9;0;0;0;0;0;2;0;0;0;0;2;0;0;0;0;0;0;0;2;0;0;0;0;0;0;0;0;0;0;0;0;0;0;0;0
Parcours_sportif_dedie_aux_seniors_physioparc_de_la_ville_de_Chamalieres.txt;Database\Vada_database\Parcours_sportif_dedie_aux_seniors_physioparc_de_la_ville_de_Chamalieres.txt;C:\Users\PC\Desktop\Project_Internship\Index_Insight\Database\Vada_database\Parcours_sportif_dedie_aux_seniors_physioparc_de_la_ville_de_Chamalieres.txt;647;39;0.06027821;0;1;0;0;1;0;9;0;0;0;0;0;0;0;1;0;0;0;0;0;0;1;0;0;5;0;0;3;0;27;0;0;0;0;0;0;0;1;0;0;0;0;0;0;1;0;0;0;0;0;0;0;2;0;0;0;0;0;0;0;0;0;0;0;0;0;0;0;0
Contributions du Conseil de lâge au rapport du Con.txt;Database\Hcfea_database\Contributions du Conseil de lâge au rapport du Con.txt;C:\Users\PC\Desktop\Project_Internship\Index_Insight\Database\Hcfea_database\Contributions du Conseil de lâge au rapport du Con.txt;1110;67;0.06036036;0;0;0;0;0;0;11;0;0;0;10;0;0;0;0;0;2;0;0;0;0;0;2;0;0;0;0;0;0;33;0;0;0;30;0;0;0;0;0;2;0;0;0;0;0;2;0;0;0;0;0;0;0;0;0;0;0;0;0;0;0;0;0;0;0;0;0;0;0
Ateliers_remise_en_selle.txt;Database\Vada_database\Ateliers_remise_en_selle.txt;C:\Users\PC\Desktop\Project_Internship\Index_Insight\Database\Vada_database\Ateliers_remise_en_selle.txt;578;35;0.06055363;0;0;0;0;2;0;7;1;0;0;0;0;0;0;1;0;3;0;0;0;0;1;0;0;0;0;0;6;0;21;3;0;0;0;0;0;0;1;0;3;0;0;0;0;1;0;0;0;0;0;0;0;0;0;0;0;0;0;0;0;0;0;0;0;0;0;0;0;0
Reveil_musculaire.txt;Database\Vada_database\Reveil_musculaire.txt;C:\Users\PC\Desktop\Project_Internship\Index_Insight\Database\Vada_database\Reveil_musculaire.txt;395;24;0.06075949;0;1;1;0;0;0;4;0;0;0;0;0;0;0;0;0;2;0;0;0;0;0;0;0;5;5;0;0;0;12;0;0;0;0;0;0;0;0;0;2;0;0;0;0;0;0;0;0;0;0;0;0;0;0;0;0;0;0;0;0;0;0;0;0;0;0;0;0;0
A_petits_pas_dans_mon_quartier.txt;Database\Vada_database\A_petits_pas_dans_mon_quartier.txt;C:\Users\PC\Desktop\Project_Internship\Index_Insight\Database\Vada_database\A_petits_pas_dans_mon_quartier.txt;951;58;0.06098843;0;1;0;0;9;0;4;0;0;0;0;0;0;0;0;0;9;0;0;0;0;5;0;0;5;0;0;27;0;12;0;0;0;0;0;0;0;0;0;9;0;0;0;0;5;0;0;0;0;0;0;0;0;0;0;0;0;0;0;0;0;0;0;0;0;0;0;0;0
La_residence_autonomie_Jean_Jaures.txt;Database\Vada_database\La_residence_autonomie_Jean_Jaures.txt;C:\Users\PC\Desktop\Project_Internship\Index_Insight\Database\Vada_database\La_residence_autonomie_Jean_Jaures.txt;769;47;0.06111834;0;1;0;0;3;0;5;1;0;0;2;0;0;0;1;0;5;0;0;0;0;1;0;0;5;0;0;9;0;15;3;0;0;6;0;0;0;1;0;5;0;0;0;0;1;0;0;0;0;0;0;0;0;0;0;0;0;0;0;0;0;0;2;0;0;0;0;0;0
Conference_sur_la_vie_amoureuse_et_affective_des_seniors.txt;Database\Vada_database\Conference_sur_la_vie_amoureuse_et_affective_des_seniors.txt;C:\Users\PC\Desktop\Project_Internship\Index_Insight\Database\Vada_database\Conference_sur_la_vie_amoureuse_et_affective_des_seniors.txt;654;40;0.06116208;0;0;0;0;1;0;11;0;0;0;0;0;0;0;0;0;2;0;0;0;0;0;0;0;0;0;0;3;0;33;0;0;0;0;0;0;0;0;0;2;0;0;0;0;0;0;0;0;0;0;0;0;2;0;0;0;0;0;0;0;0;0;0;0;0;0;0;0;0
Mission_benevolat_seniors.txt;Database\Vada_database\Mission_benevolat_seniors.txt;C:\Users\PC\Desktop\Project_Internship\Index_Insight\Database\Vada_database\Mission_benevolat_seniors.txt;637;39;0.06122449;0;1;0;0;2;0;6;1;0;0;1;0;0;0;1;0;0;0;0;0;0;1;0;0;5;0;0;6;0;18;3;0;0;3;0;0;0;1;0;0;0;0;0;0;1;0;0;0;0;0;0;0;2;0;0;0;0;0;0;0;0;0;0;0;0;0;0;0;0
Activites_physiques_et_intellectuelles_adaptees_aux_seniors.txt;Database\Vada_database\Activites_physiques_et_intellectuelles_adaptees_aux_seniors.txt;C:\Users\PC\Desktop\Project_Internship\Index_Insight\Database\Vada_database\Activites_physiques_et_intellectuelles_adaptees_aux_seniors.txt;652;40;0.06134969;0;1;0;0;0;0;7;2;0;2;0;0;0;0;0;0;0;0;0;0;0;0;0;0;5;0;0;0;0;21;6;0;6;0;0;0;0;0;0;0;0;0;0;0;0;0;0;0;0;0;0;0;2;0;0;0;0;0;0;0;0;0;0;0;0;0;0;0;0
Basket_bien-etre.txt;Database\Vada_database\Basket_bien-etre.txt;C:\Users\PC\Desktop\Project_Internship\Index_Insight\Database\Vada_database\Basket_bien-etre.txt;716;44;0.06145251;0;1;0;2;0;0;10;0;0;0;0;0;0;0;1;0;2;0;0;0;0;0;0;0;5;0;6;0;0;30;0;0;0;0;0;0;0;1;0;2;0;0;0;0;0;0;0;0;0;0;0;0;0;0;0;0;0;0;0;0;0;0;0;0;0;0;0;0;0
Seniors_en_contact.txt;Database\Vada_database\Seniors_en_contact.txt;C:\Users\PC\Desktop\Project_Internship\Index_Insight\Database\Vada_database\Seniors_en_contact.txt;1169;72;0.06159110;0;1;0;0;5;0;12;1;0;0;0;0;0;0;0;0;2;0;0;0;0;9;0;0;5;0;0;15;0;36;3;0;0;0;0;0;0;0;0;2;0;0;0;0;9;0;0;0;0;0;0;0;2;0;0;0;0;0;0;0;0;0;0;0;0;0;0;0;0
Le_cafe_des_seniors_un_lieu_de_repit_et_de_rencontres.txt;Database\Vada_database\Le_cafe_des_seniors_un_lieu_de_repit_et_de_rencontres.txt;C:\Users\PC\Desktop\Project_Internship\Index_Insight\Database\Vada_database\Le_cafe_des_seniors_un_lieu_de_repit_et_de_rencontres.txt;698;43;0.06160458;0;0;0;0;2;0;10;0;0;0;0;0;0;0;1;0;0;0;0;0;0;4;0;0;0;0;0;6;0;30;0;0;0;0;0;0;0;1;0;0;0;0;0;0;4;0;0;0;0;0;0;0;2;0;0;0;0;0;0;0;0;0;0;0;0;0;0;0;0
ATELIER_CUSTOMISATION.txt;Database\Vada_database\ATELIER_CUSTOMISATION.txt;C:\Users\PC\Desktop\Project_Internship\Index_Insight\Database\Vada_database\ATELIER_CUSTOMISATION.txt;632;39;0.06170886;0;1;0;0;2;0;7;0;0;0;0;0;0;0;0;0;3;0;0;0;0;4;0;0;5;0;0;6;0;21;0;0;0;0;0;0;0;0;0;3;0;0;0;0;4;0;0;0;0;0;0;0;0;0;0;0;0;0;0;0;0;0;0;0;0;0;0;0;0
Calendrier_seniors_un_nouvel_outil_dinformation_et_de_prevention_a_destination_des_seniors_stephanois.txt;Database\Vada_database\Calendrier_seniors_un_nouvel_outil_dinformation_et_de_prevention_a_destination_des_seniors_stephanois.txt;C:\Users\PC\Desktop\Project_Internship\Index_Insight\Database\Vada_database\Calendrier_seniors_un_nouvel_outil_dinformation_et_de_prevention_a_destination_des_seniors_stephanois.txt;956;59;0.06171548;0;0;0;0;1;0;12;0;3;0;1;0;0;0;0;0;1;0;0;0;0;5;0;0;0;0;0;3;0;36;0;9;0;3;0;0;0;0;0;1;0;0;0;0;5;0;0;0;0;0;0;0;2;0;0;0;0;0;0;0;0;0;0;0;0;0;0;0;0
Le_numerique_se_partage.txt;Database\Vada_database\Le_numerique_se_partage.txt;C:\Users\PC\Desktop\Project_Internship\Index_Insight\Database\Vada_database\Le_numerique_se_partage.txt;907;56;0.06174201;0;0;0;0;0;0;15;0;0;0;1;2;0;0;0;0;1;0;0;0;0;1;0;0;0;0;0;0;0;45;0;0;0;3;6;0;0;0;0;1;0;0;0;0;1;0;0;0;0;0;0;0;0;0;0;0;0;0;0;0;0;0;0;0;0;0;0;0;0
Organisation_dun_forum_bien_bouger_pour_bien_vieillir.txt;Database\Vada_database\Organisation_dun_forum_bien_bouger_pour_bien_vieillir.txt;C:\Users\PC\Desktop\Project_Internship\Index_Insight\Database\Vada_database\Organisation_dun_forum_bien_bouger_pour_bien_vieillir.txt;664;41;0.06174699;0;2;0;0;1;0;1;0;5;0;0;0;1;0;5;0;1;0;0;0;0;1;0;0;10;0;0;3;0;3;0;15;0;0;0;1;0;5;0;1;0;0;0;0;1;0;0;0;0;0;0;0;0;0;2;0;0;0;0;0;0;0;0;0;0;0;0;0;0
Des_promenades_en_triporteur_pour_des_personnes_agees_isolees_vivant_a_leur_domicile.txt;Database\Vada_database\Des_promenades_en_triporteur_pour_des_personnes_agees_isolees_vivant_a_leur_domicile.txt;C:\Users\PC\Desktop\Project_Internship\Index_Insight\Database\Vada_database\Des_promenades_en_triporteur_pour_des_personnes_agees_isolees_vivant_a_leur_domicile.txt;776;48;0.06185567;0;1;0;0;6;0;2;0;0;0;2;0;0;0;1;0;0;0;0;0;0;8;0;0;5;0;0;18;0;6;0;0;0;6;0;0;0;1;0;0;0;0;0;0;8;0;0;0;0;0;2;0;0;0;0;0;0;0;0;0;0;0;0;0;0;0;0;2;0
Elaboration_du_guide_du_bien_vieillir_a_bourges.txt;Database\Vada_database\Elaboration_du_guide_du_bien_vieillir_a_bourges.txt;C:\Users\PC\Desktop\Project_Internship\Index_Insight\Database\Vada_database\Elaboration_du_guide_du_bien_vieillir_a_bourges.txt;986;61;0.06186613;0;1;0;0;0;0;10;3;4;0;0;0;0;1;0;0;2;0;0;0;0;0;0;0;5;0;0;0;0;30;9;12;0;0;0;0;1;0;0;2;0;0;0;0;0;0;0;0;0;0;0;0;0;0;2;0;0;0;0;0;0;0;0;0;0;0;0;0;0
Paris_domicile_chez_vous_-_ehpad_hors_les_murs.txt;Database\Vada_database\Paris_domicile_chez_vous_-_ehpad_hors_les_murs.txt;C:\Users\PC\Desktop\Project_Internship\Index_Insight\Database\Vada_database\Paris_domicile_chez_vous_-_ehpad_hors_les_murs.txt;516;32;0.06201550;0;1;0;0;0;0;3;0;2;0;0;0;0;9;0;0;1;0;0;0;0;0;0;0;5;0;0;0;0;9;0;6;0;0;0;0;9;0;0;1;0;0;0;0;0;0;0;0;0;0;0;0;0;0;0;0;0;0;0;2;0;0;0;0;0;0;0;0;0
La_mobilite_se_reinvente_a_Saint-Sebastien-sur-Loire.txt;Database\Vada_database\La_mobilite_se_reinvente_a_Saint-Sebastien-sur-Loire.txt;C:\Users\PC\Desktop\Project_Internship\Index_Insight\Database\Vada_database\La_mobilite_se_reinvente_a_Saint-Sebastien-sur-Loire.txt;804;50;0.06218905;0;1;0;0;1;0;7;0;0;0;1;0;0;0;15;0;0;0;0;0;0;1;0;0;5;0;0;3;0;21;0;0;0;3;0;0;0;15;0;0;0;0;0;0;1;0;0;0;0;0;0;0;0;0;0;0;0;0;0;0;2;0;0;0;0;0;0;0;0
ENSEMBLE_POUR_LE_BIEN_VIEILLIR_A_COGNAC.txt;Database\Vada_database\ENSEMBLE_POUR_LE_BIEN_VIEILLIR_A_COGNAC.txt;C:\Users\PC\Desktop\Project_Internship\Index_Insight\Database\Vada_database\ENSEMBLE_POUR_LE_BIEN_VIEILLIR_A_COGNAC.txt;1010;63;0.06237624;0;0;0;3;1;0;8;1;4;0;2;0;0;0;1;0;3;0;0;0;0;0;0;0;0;0;9;3;0;24;3;12;0;6;0;0;0;1;0;3;0;0;0;0;0;0;0;0;0;0;0;0;0;0;2;0;0;0;0;0;0;0;0;0;0;0;0;0;0
13_LE_SITE_INTERNET_ICOPE.txt;Database\Cnav_database\13_LE_SITE_INTERNET_ICOPE.txt;C:\Users\PC\Desktop\Project_Internship\Index_Insight\Database\Cnav_database\13_LE_SITE_INTERNET_ICOPE.txt;352;22;0.06250000;0;0;0;0;0;0;0;3;1;2;1;0;0;0;0;0;1;0;0;0;0;0;0;0;0;0;0;0;0;0;9;3;6;3;0;0;0;0;0;1;0;0;0;0;0;0;0;0;0;0;0;0;0;0;0;0;0;0;0;0;0;0;0;0;0;0;0;0;0
Semaine_du_bien_vieillir_sur_le_territoire_granvillais.txt;Database\Vada_database\Semaine_du_bien_vieillir_sur_le_territoire_granvillais.txt;C:\Users\PC\Desktop\Project_Internship\Index_Insight\Database\Vada_database\Semaine_du_bien_vieillir_sur_le_territoire_granvillais.txt;991;62;0.06256307;0;3;0;0;0;0;4;0;9;0;0;1;0;0;0;0;3;0;0;0;0;0;0;0;15;0;0;0;0;12;0;27;0;0;3;0;0;0;0;3;0;0;0;0;0;0;0;0;0;0;0;0;0;0;2;0;0;0;0;0;0;0;0;0;0;0;0;0;0
Defile_de_mode_seniors_2017.txt;Database\Vada_database\Defile_de_mode_seniors_2017.txt;C:\Users\PC\Desktop\Project_Internship\Index_Insight\Database\Vada_database\Defile_de_mode_seniors_2017.txt;751;47;0.06258322;0;1;0;1;1;0;10;0;0;0;1;0;0;0;0;0;0;0;0;0;0;1;0;0;5;0;3;3;0;30;0;0;0;3;0;0;0;0;0;0;0;0;0;0;1;0;0;0;0;0;0;0;2;0;0;0;0;0;0;0;0;0;0;0;0;0;0;0;0
Transports_pour_personnes_agees.txt;Database\Vada_database\Transports_pour_personnes_agees.txt;C:\Users\PC\Desktop\Project_Internship\Index_Insight\Database\Vada_database\Transports_pour_personnes_agees.txt;653;41;0.06278714;0;1;0;0;4;0;4;0;0;1;1;0;0;0;2;0;0;0;0;1;0;1;0;0;5;0;0;12;0;12;0;0;3;3;0;0;0;2;0;0;0;0;1;0;1;0;0;0;0;0;2;0;0;0;0;0;0;0;0;0;0;0;0;0;0;0;0;0;0
Cafe_philosophique_intergenerationnel.txt;Database\Vada_database\Cafe_philosophique_intergenerationnel.txt;C:\Users\PC\Desktop\Project_Internship\Index_Insight\Database\Vada_database\Cafe_philosophique_intergenerationnel.txt;714;45;0.06302521;0;1;0;0;0;0;4;0;0;0;0;8;0;0;0;0;2;0;0;0;0;0;0;0;5;0;0;0;0;12;0;0;0;0;24;0;0;0;0;2;0;0;0;0;0;0;0;0;0;0;0;0;0;0;0;0;0;2;0;0;0;0;0;0;0;0;0;0;0
Culture_et_loisirs_partages.txt;Database\Vada_database\Culture_et_loisirs_partages.txt;C:\Users\PC\Desktop\Project_Internship\Index_Insight\Database\Vada_database\Culture_et_loisirs_partages.txt;809;51;0.06304079;0;1;0;0;2;0;9;0;0;0;1;0;0;0;0;4;4;0;0;0;0;2;0;0;5;0;0;6;0;27;0;0;0;3;0;0;0;0;4;4;0;0;0;0;2;0;0;0;0;0;0;0;0;0;0;0;0;0;0;0;0;0;0;0;0;0;0;0;0
Ateliers_de_prevention_des_risques_lies_au_vieillissement.txt;Database\Vada_database\Ateliers_de_prevention_des_risques_lies_au_vieillissement.txt;C:\Users\PC\Desktop\Project_Internship\Index_Insight\Database\Vada_database\Ateliers_de_prevention_des_risques_lies_au_vieillissement.txt;571;36;0.06304729;0;1;0;5;0;0;1;0;0;3;0;0;0;0;0;0;1;0;0;0;0;1;0;0;5;0;15;0;0;3;0;0;9;0;0;0;0;0;0;1;0;0;0;0;1;0;0;0;0;2;0;0;0;0;0;0;0;0;0;0;0;0;0;0;0;0;0;0;0
Un_gouter_presque_parfait_adosseniors.txt;Database\Vada_database\Un_gouter_presque_parfait_adosseniors.txt;C:\Users\PC\Desktop\Project_Internship\Index_Insight\Database\Vada_database\Un_gouter_presque_parfait_adosseniors.txt;555;35;0.06306306;0;1;0;0;0;0;10;0;0;0;0;0;0;0;0;0;0;0;0;0;0;0;0;0;5;0;0;0;0;30;0;0;0;0;0;0;0;0;0;0;0;0;0;0;0;0;0;0;0;0;0;0;0;0;0;0;0;0;0;0;0;0;0;0;0;0;0;0;0
Ados_seniors_main_dans_la_main.txt;Database\Vada_database\Ados_seniors_main_dans_la_main.txt;C:\Users\PC\Desktop\Project_Internship\Index_Insight\Database\Vada_database\Ados_seniors_main_dans_la_main.txt;935;59;0.06310160;0;0;0;2;3;0;11;0;0;0;1;1;0;0;0;0;1;0;0;0;0;2;0;0;0;0;6;9;0;33;0;0;0;3;3;0;0;0;0;1;0;0;0;0;2;0;0;0;0;0;0;0;2;0;0;0;0;0;0;0;0;0;0;0;0;0;0;0;0
Guide_pratique_seniors.txt;Database\Vada_database\Guide_pratique_seniors.txt;C:\Users\PC\Desktop\Project_Internship\Index_Insight\Database\Vada_database\Guide_pratique_seniors.txt;570;36;0.06315789;0;1;0;1;0;0;7;0;0;0;0;0;0;0;2;0;2;0;0;0;0;1;0;0;5;0;3;0;0;21;0;0;0;0;0;0;0;2;0;2;0;0;0;0;1;0;0;0;0;0;0;0;2;0;0;0;0;0;0;0;0;0;0;0;0;0;0;0;0
La_carte_PassTemps_Seniors.txt;Database\Vada_database\La_carte_PassTemps_Seniors.txt;C:\Users\PC\Desktop\Project_Internship\Index_Insight\Database\Vada_database\La_carte_PassTemps_Seniors.txt;712;45;0.06320225;0;1;0;0;0;0;11;0;0;0;1;0;0;0;0;0;0;0;0;0;0;2;0;0;5;0;0;0;0;33;0;0;0;3;0;0;0;0;0;0;0;0;0;0;2;0;0;0;0;0;0;0;2;0;0;0;0;0;0;0;0;0;0;0;0;0;0;0;0
Projet_evasion_casques_de_realite_virtuelle.txt;Database\Vada_database\Projet_evasion_casques_de_realite_virtuelle.txt;C:\Users\PC\Desktop\Project_Internship\Index_Insight\Database\Vada_database\Projet_evasion_casques_de_realite_virtuelle.txt;632;40;0.06329114;0;1;0;0;0;0;10;0;0;0;0;0;0;1;0;0;4;0;0;0;0;0;0;0;5;0;0;0;0;30;0;0;0;0;0;0;1;0;0;4;0;0;0;0;0;0;0;0;0;0;0;0;0;0;0;0;0;0;0;0;0;0;0;0;0;0;0;0;0
06_CARSAT_RHONE-ALPES.txt;Database\Cnav_database\06_CARSAT_RHONE-ALPES.txt;C:\Users\PC\Desktop\Project_Internship\Index_Insight\Database\Cnav_database\06_CARSAT_RHONE-ALPES.txt;1026;65;0.06335283;0;0;0;5;3;0;8;1;3;0;1;0;0;0;0;0;2;0;0;0;0;0;0;0;0;0;15;9;0;24;3;9;0;3;0;0;0;0;0;2;0;0;0;0;0;0;0;0;0;0;0;0;0;0;0;0;0;0;0;0;0;0;0;0;0;0;0;0;0
Saint-Nazaire_auto_solidaire.txt;Database\Vada_database\Saint-Nazaire_auto_solidaire.txt;C:\Users\PC\Desktop\Project_Internship\Index_Insight\Database\Vada_database\Saint-Nazaire_auto_solidaire.txt;726;46;0.06336088;0;1;1;0;0;5;4;0;0;1;0;0;0;0;4;0;0;0;0;0;0;2;0;0;5;5;0;0;15;12;0;0;3;0;0;0;0;4;0;0;0;0;0;0;2;0;0;0;0;0;0;0;0;0;0;0;0;0;0;0;0;0;0;0;0;0;0;0;0
Exposition_en_corps_en_vie_-_quinzaine_de_la_photographie_nantaise_2023.txt;Database\Vada_database\Exposition_en_corps_en_vie_-_quinzaine_de_la_photographie_nantaise_2023.txt;C:\Users\PC\Desktop\Project_Internship\Index_Insight\Database\Vada_database\Exposition_en_corps_en_vie_-_quinzaine_de_la_photographie_nantaise_2023.txt;851;54;0.06345476;2;1;0;4;3;0;3;0;0;0;3;0;0;0;0;0;0;0;0;0;0;0;0;10;5;0;12;9;0;9;0;0;0;9;0;0;0;0;0;0;0;0;0;0;0;0;0;0;0;0;0;0;0;0;0;0;0;0;0;0;0;0;0;0;0;0;0;0;0
Un_moment_ensemble.txt;Database\Vada_database\Un_moment_ensemble.txt;C:\Users\PC\Desktop\Project_Internship\Index_Insight\Database\Vada_database\Un_moment_ensemble.txt;661;42;0.06354009;0;1;0;1;7;0;3;0;0;0;0;0;0;1;1;0;1;0;0;0;0;1;0;0;5;0;3;21;0;9;0;0;0;0;0;0;1;1;0;1;0;0;0;0;1;0;0;0;0;0;0;0;0;0;0;0;0;0;0;0;0;0;0;0;0;0;0;0;0
Forum_bien_vieillir.txt;Database\Vada_database\Forum_bien_vieillir.txt;C:\Users\PC\Desktop\Project_Internship\Index_Insight\Database\Vada_database\Forum_bien_vieillir.txt;768;49;0.06380208;0;1;0;0;0;0;7;0;6;0;1;0;0;0;0;0;0;0;0;0;0;0;0;0;5;0;0;0;0;21;0;18;0;3;0;0;0;0;0;0;0;0;0;0;0;0;0;0;0;0;0;0;0;0;2;0;0;0;0;0;0;0;0;0;0;0;0;0;0
Ateliers_numeriques_seniors.txt;Database\Vada_database\Ateliers_numeriques_seniors.txt;C:\Users\PC\Desktop\Project_Internship\Index_Insight\Database\Vada_database\Ateliers_numeriques_seniors.txt;595;38;0.06386555;0;0;0;0;0;0;10;0;0;0;0;2;0;0;0;0;0;0;0;0;0;0;0;0;0;0;0;0;0;30;0;0;0;0;6;0;0;0;0;0;0;0;0;0;0;0;0;0;0;0;0;0;2;0;0;0;0;0;0;0;0;0;0;0;0;0;0;0;0
Activites_de_loisirs_et_de_prevention_de_lautonomie.txt;Database\Vada_database\Activites_de_loisirs_et_de_prevention_de_lautonomie.txt;C:\Users\PC\Desktop\Project_Internship\Index_Insight\Database\Vada_database\Activites_de_loisirs_et_de_prevention_de_lautonomie.txt;607;39;0.06425041;0;1;0;0;1;0;9;0;0;0;0;0;0;0;0;0;4;0;0;0;0;0;0;0;5;0;0;3;0;27;0;0;0;0;0;0;0;0;0;4;0;0;0;0;0;0;0;0;0;0;0;0;0;0;0;0;0;0;0;0;0;0;0;0;0;0;0;0;0
Seniors_gardez_la_peche.txt;Database\Vada_database\Seniors_gardez_la_peche.txt;C:\Users\PC\Desktop\Project_Internship\Index_Insight\Database\Vada_database\Seniors_gardez_la_peche.txt;669;43;0.06427504;0;1;0;0;0;0;10;0;0;1;1;0;0;0;0;0;0;0;0;0;0;0;0;0;5;0;0;0;0;30;0;0;3;3;0;0;0;0;0;0;0;0;0;0;0;0;0;0;0;0;0;0;2;0;0;0;0;0;0;0;0;0;0;0;0;0;0;0;0
Forum_des_seniors.txt;Database\Vada_database\Forum_des_seniors.txt;C:\Users\PC\Desktop\Project_Internship\Index_Insight\Database\Vada_database\Forum_des_seniors.txt;777;50;0.06435006;0;3;0;1;0;0;7;0;1;2;0;0;0;0;0;0;0;0;0;0;0;0;0;0;15;0;3;0;0;21;0;3;6;0;0;0;0;0;0;0;0;0;0;0;0;0;0;0;0;0;0;0;2;0;0;0;0;0;0;0;0;0;0;0;0;0;0;0;0
Lobservatoire_de_lage.txt;Database\Vada_database\Lobservatoire_de_lage.txt;C:\Users\PC\Desktop\Project_Internship\Index_Insight\Database\Vada_database\Lobservatoire_de_lage.txt;1459;94;0.06442769;0;3;0;2;2;0;5;2;0;0;13;0;0;0;3;0;0;1;0;0;0;3;0;0;15;0;6;6;0;15;6;0;0;39;0;0;0;3;0;0;1;0;0;0;3;0;0;0;0;0;0;0;0;0;0;0;0;0;0;0;0;0;0;0;0;0;0;0;0
7eme_edition_du_forum_des_seniors_atlantique_2022.txt;Database\Vada_database\7eme_edition_du_forum_des_seniors_atlantique_2022.txt;C:\Users\PC\Desktop\Project_Internship\Index_Insight\Database\Vada_database\7eme_edition_du_forum_des_seniors_atlantique_2022.txt;805;52;0.06459627;0;1;0;0;0;0;12;0;0;2;1;0;0;0;0;0;0;0;0;0;0;0;0;0;5;0;0;0;0;36;0;0;6;3;0;0;0;0;0;0;0;0;0;0;0;0;0;0;0;0;0;0;2;0;0;0;0;0;0;0;0;0;0;0;0;0;0;0;0
Forum_habitat_seniors_ou_vivre_demain_chez_soi_ou_ailleurs.txt;Database\Vada_database\Forum_habitat_seniors_ou_vivre_demain_chez_soi_ou_ailleurs.txt;C:\Users\PC\Desktop\Project_Internship\Index_Insight\Database\Vada_database\Forum_habitat_seniors_ou_vivre_demain_chez_soi_ou_ailleurs.txt;680;44;0.06470588;0;1;0;1;0;0;9;0;0;0;0;0;4;0;0;1;0;0;0;0;0;0;0;0;5;0;3;0;0;27;0;0;0;0;0;4;0;0;1;0;0;0;0;0;0;0;0;0;0;0;0;0;2;0;0;0;0;0;2;0;0;0;0;0;0;0;0;0;0
Guide_bien_vieillir_dans_nos_communes.txt;Database\Vada_database\Guide_bien_vieillir_dans_nos_communes.txt;C:\Users\PC\Desktop\Project_Internship\Index_Insight\Database\Vada_database\Guide_bien_vieillir_dans_nos_communes.txt;926;60;0.06479482;0;2;0;1;0;0;7;1;5;1;1;0;0;0;0;0;0;0;0;0;0;0;0;0;10;0;3;0;0;21;3;15;3;3;0;0;0;0;0;0;0;0;0;0;0;0;0;0;0;0;0;0;0;0;2;0;0;0;0;0;0;0;0;0;0;0;0;0;0
Et_si_on_allait_au_festival_entrevues_de_Belfort.txt;Database\Vada_database\Et_si_on_allait_au_festival_entrevues_de_Belfort.txt;C:\Users\PC\Desktop\Project_Internship\Index_Insight\Database\Vada_database\Et_si_on_allait_au_festival_entrevues_de_Belfort.txt;601;39;0.06489185;0;1;1;0;1;0;3;0;2;0;0;3;0;0;1;0;0;0;0;0;0;1;0;0;5;5;0;3;0;9;0;6;0;0;9;0;0;1;0;0;0;0;0;0;1;0;0;0;0;0;0;0;0;0;0;0;0;0;0;0;0;0;0;0;0;0;0;0;0
Des_visites_pour_lutter_contre_la_solitude.txt;Database\Vada_database\Des_visites_pour_lutter_contre_la_solitude.txt;C:\Users\PC\Desktop\Project_Internship\Index_Insight\Database\Vada_database\Des_visites_pour_lutter_contre_la_solitude.txt;801;52;0.06491885;0;0;0;0;4;1;5;1;0;0;2;2;0;4;0;0;2;0;0;0;0;1;0;0;0;0;0;12;3;15;3;0;0;6;6;0;4;0;0;2;0;0;0;0;1;0;0;0;0;0;0;0;0;0;0;0;0;0;0;0;0;0;0;0;0;0;0;0;0
Sur_les_bancs_de_la_fac.txt;Database\Vada_database\Sur_les_bancs_de_la_fac.txt;C:\Users\PC\Desktop\Project_Internship\Index_Insight\Database\Vada_database\Sur_les_bancs_de_la_fac.txt;893;58;0.06494961;0;0;0;0;0;0;16;0;0;0;0;3;0;0;0;0;0;0;0;0;0;1;0;0;0;0;0;0;0;48;0;0;0;0;9;0;0;0;0;0;0;0;0;0;1;0;0;0;0;0;0;0;0;0;0;0;0;0;0;0;0;0;0;0;0;0;0;0;0
Dispositif_daccompagnement_pour_ladaptation_des_logements_des_seniors.txt;Database\Vada_database\Dispositif_daccompagnement_pour_ladaptation_des_logements_des_seniors.txt;C:\Users\PC\Desktop\Project_Internship\Index_Insight\Database\Vada_database\Dispositif_daccompagnement_pour_ladaptation_des_logements_des_seniors.txt;554;36;0.06498195;0;2;0;0;2;0;5;0;0;0;0;0;0;0;0;0;3;0;0;0;0;0;0;0;10;0;0;6;0;15;0;0;0;0;0;0;0;0;0;3;0;0;0;0;0;0;0;0;0;0;0;0;2;0;0;0;0;0;0;0;0;0;0;0;0;0;0;0;0
Atelier_ecriture.txt;Database\Vada_database\Atelier_ecriture.txt;C:\Users\PC\Desktop\Project_Internship\Index_Insight\Database\Vada_database\Atelier_ecriture.txt;584;38;0.06506849;0;1;0;0;0;0;11;0;0;0;0;0;0;0;0;0;0;0;0;0;0;0;0;0;5;0;0;0;0;33;0;0;0;0;0;0;0;0;0;0;0;0;0;0;0;0;0;0;0;0;0;0;0;0;0;0;0;0;0;0;0;0;0;0;0;0;0;0;0
Realisation_edition_et_diffusion_du_guide_senior_bien_vivre_dans_ma_ville.txt;Database\Vada_database\Realisation_edition_et_diffusion_du_guide_senior_bien_vivre_dans_ma_ville.txt;C:\Users\PC\Desktop\Project_Internship\Index_Insight\Database\Vada_database\Realisation_edition_et_diffusion_du_guide_senior_bien_vivre_dans_ma_ville.txt;722;47;0.06509695;0;1;0;0;0;0;12;0;0;0;0;0;0;0;1;0;4;0;0;0;0;1;0;0;5;0;0;0;0;36;0;0;0;0;0;0;0;1;0;4;0;0;0;0;1;0;0;0;0;0;0;0;0;0;0;0;0;0;0;0;0;0;0;0;0;0;0;0;0
Accueil_senior_dans_les_commerces.txt;Database\Vada_database\Accueil_senior_dans_les_commerces.txt;C:\Users\PC\Desktop\Project_Internship\Index_Insight\Database\Vada_database\Accueil_senior_dans_les_commerces.txt;1151;75;0.06516073;0;2;0;0;0;0;16;2;1;0;1;0;0;0;1;0;4;0;0;0;0;0;0;0;10;0;0;0;0;48;6;3;0;3;0;0;0;1;0;4;0;0;0;0;0;0;0;0;0;0;0;0;0;0;0;0;0;0;0;0;0;0;0;0;0;0;0;0;0
analyse_des_politiques_de_l_autonomie_apolau_programme_autonomie_grand_age_et_handicap_2026.txt;Database\cnsa_database\analyse_des_politiques_de_l_autonomie_apolau_programme_autonomie_grand_age_et_handicap_2026.txt;C:\Users\PC\Desktop\Project_Internship\Index_Insight\Database\cnsa_database\analyse_des_politiques_de_l_autonomie_apolau_programme_autonomie_grand_age_et_handicap_2026.txt;399;26;0.06516291;0;0;0;0;1;0;0;0;0;0;3;0;0;0;0;0;10;0;0;0;0;0;0;0;0;0;0;3;0;0;0;0;0;9;0;0;0;0;0;10;0;0;0;0;0;0;0;0;0;0;0;0;0;0;0;0;2;0;0;0;0;0;2;0;0;0;0;0;0
La_Villa_Borea_un_lieu_intergenerationnel_et_de_convivialite.txt;Database\Vada_database\La_Villa_Borea_un_lieu_intergenerationnel_et_de_convivialite.txt;C:\Users\PC\Desktop\Project_Internship\Index_Insight\Database\Vada_database\La_Villa_Borea_un_lieu_intergenerationnel_et_de_convivialite.txt;536;35;0.06529851;0;1;0;1;1;0;2;0;0;0;1;4;0;0;0;0;0;0;0;0;0;1;0;0;5;0;3;3;0;6;0;0;0;3;12;0;0;0;0;0;0;0;0;0;1;0;0;0;0;0;0;0;0;0;0;0;0;2;0;0;0;0;0;0;0;0;0;0;0
Apporter_des_livres_aux_seniors_isoles.txt;Database\Vada_database\Apporter_des_livres_aux_seniors_isoles.txt;C:\Users\PC\Desktop\Project_Internship\Index_Insight\Database\Vada_database\Apporter_des_livres_aux_seniors_isoles.txt;687;45;0.06550218;0;0;0;1;0;0;8;0;0;0;0;2;0;0;0;0;1;0;0;0;0;7;0;0;0;0;3;0;0;24;0;0;0;0;6;0;0;0;0;1;0;0;0;0;7;0;0;0;0;0;0;0;2;0;0;0;0;0;0;0;0;0;0;0;0;0;0;2;0
TelephonAge.txt;Database\Vada_database\TelephonAge.txt;C:\Users\PC\Desktop\Project_Internship\Index_Insight\Database\Vada_database\TelephonAge.txt;1235;81;0.06558704;0;1;0;0;5;0;9;2;0;0;7;0;0;0;1;0;0;0;0;0;0;6;0;0;5;0;0;15;0;27;6;0;0;21;0;0;0;1;0;0;0;0;0;0;6;0;0;0;0;0;0;0;0;0;0;0;0;0;0;0;0;0;0;0;0;0;0;0;0
Action_intergenerationnelle_-_Concours_creation_duvre_floral.txt;Database\Vada_database\Action_intergenerationnelle_-_Concours_creation_duvre_floral.txt;C:\Users\PC\Desktop\Project_Internship\Index_Insight\Database\Vada_database\Action_intergenerationnelle_-_Concours_creation_duvre_floral.txt;701;46;0.06562054;0;2;0;0;0;0;10;0;0;0;0;1;0;0;0;0;0;0;0;0;0;3;0;0;10;0;0;0;0;30;0;0;0;0;3;0;0;0;0;0;0;0;0;0;3;0;0;0;0;0;0;0;0;0;0;0;0;0;0;0;0;0;0;0;0;0;0;0;0
Plateforme_Info_Seniors_Vaud.txt;Database\Vada_database\Plateforme_Info_Seniors_Vaud.txt;C:\Users\PC\Desktop\Project_Internship\Index_Insight\Database\Vada_database\Plateforme_Info_Seniors_Vaud.txt;896;59;0.06584821;0;0;0;0;2;0;14;0;0;1;2;0;0;0;0;0;0;0;0;0;0;0;0;0;0;0;0;6;0;42;0;0;3;6;0;0;0;0;0;0;0;0;0;0;0;0;0;0;0;0;0;0;2;0;0;0;0;0;0;0;0;0;0;0;0;0;0;0;0
Conference_alimentation_seniors_Bien_dans_votre_assiette.txt;Database\Vada_database\Conference_alimentation_seniors_Bien_dans_votre_assiette.txt;C:\Users\PC\Desktop\Project_Internship\Index_Insight\Database\Vada_database\Conference_alimentation_seniors_Bien_dans_votre_assiette.txt;683;45;0.06588580;0;0;0;0;1;0;13;0;0;0;0;0;0;0;0;0;1;0;0;0;0;0;0;0;0;0;0;3;0;39;0;0;0;0;0;0;0;0;0;1;0;0;0;0;0;0;0;0;0;0;0;0;2;0;0;0;0;0;0;0;0;0;0;0;0;0;0;0;0
Seniors_en_scene.txt;Database\Vada_database\Seniors_en_scene.txt;C:\Users\PC\Desktop\Project_Internship\Index_Insight\Database\Vada_database\Seniors_en_scene.txt;893;59;0.06606943;0;1;0;0;0;1;16;0;0;0;0;0;1;0;0;0;0;0;0;0;0;0;0;0;5;0;0;0;3;48;0;0;0;0;0;1;0;0;0;0;0;0;0;0;0;0;0;0;0;0;0;0;2;0;0;0;0;0;0;0;0;0;0;0;0;0;0;0;0
Creation_dun_guide_pratique_des_aines.txt;Database\Vada_database\Creation_dun_guide_pratique_des_aines.txt;C:\Users\PC\Desktop\Project_Internship\Index_Insight\Database\Vada_database\Creation_dun_guide_pratique_des_aines.txt;544;36;0.06617647;0;1;0;0;1;0;8;1;0;0;0;0;0;0;1;0;0;0;0;0;0;0;0;0;5;0;0;3;0;24;3;0;0;0;0;0;0;1;0;0;0;0;0;0;0;0;0;0;0;0;0;0;0;0;0;0;0;0;0;0;0;0;0;0;0;0;0;0;0
Guide_des_seniors.txt;Database\Vada_database\Guide_des_seniors.txt;C:\Users\PC\Desktop\Project_Internship\Index_Insight\Database\Vada_database\Guide_des_seniors.txt;710;47;0.06619718;0;0;0;0;0;0;15;0;0;0;0;0;0;0;0;0;0;0;0;0;0;0;0;0;0;0;0;0;0;45;0;0;0;0;0;0;0;0;0;0;0;0;0;0;0;0;0;0;0;0;0;0;2;0;0;0;0;0;0;0;0;0;0;0;0;0;0;0;0
Lintergenerationnel_au_service_du_bien_vivre_ensemble.txt;Database\Vada_database\Lintergenerationnel_au_service_du_bien_vivre_ensemble.txt;C:\Users\PC\Desktop\Project_Internship\Index_Insight\Database\Vada_database\Lintergenerationnel_au_service_du_bien_vivre_ensemble.txt;1117;74;0.06624888;0;1;0;0;4;0;10;2;0;0;1;3;0;0;1;0;0;0;0;0;0;8;0;0;5;0;0;12;0;30;6;0;0;3;9;0;0;1;0;0;0;0;0;0;8;0;0;0;0;0;0;0;0;0;0;0;0;0;0;0;0;0;0;0;0;0;0;0;0
Echange_intergenerationnel.txt;Database\Vada_database\Echange_intergenerationnel.txt;C:\Users\PC\Desktop\Project_Internship\Index_Insight\Database\Vada_database\Echange_intergenerationnel.txt;558;37;0.06630824;0;0;0;0;2;2;2;0;0;0;0;4;0;0;0;0;0;0;0;0;0;5;0;0;0;0;0;6;6;6;0;0;0;0;12;0;0;0;0;0;0;0;0;0;5;0;0;0;0;0;0;0;0;0;0;0;0;2;0;0;0;0;0;0;0;0;0;0;0
Le_savoir_vivre_dans_les_transports_en_commun_stephanois.txt;Database\Vada_database\Le_savoir_vivre_dans_les_transports_en_commun_stephanois.txt;C:\Users\PC\Desktop\Project_Internship\Index_Insight\Database\Vada_database\Le_savoir_vivre_dans_les_transports_en_commun_stephanois.txt;572;38;0.06643357;0;1;0;0;1;0;8;0;0;0;0;1;0;0;1;0;2;0;0;0;0;0;0;0;5;0;0;3;0;24;0;0;0;0;3;0;0;1;0;2;0;0;0;0;0;0;0;0;0;0;0;0;0;0;0;0;0;0;0;0;0;0;0;0;0;0;0;0;0
Operation_jobs_seniors.txt;Database\Vada_database\Operation_jobs_seniors.txt;C:\Users\PC\Desktop\Project_Internship\Index_Insight\Database\Vada_database\Operation_jobs_seniors.txt;572;38;0.06643357;0;0;0;0;1;0;10;1;0;0;0;0;0;0;0;0;0;0;0;0;0;0;0;0;0;0;0;3;0;30;3;0;0;0;0;0;0;0;0;0;0;0;0;0;0;0;0;0;0;0;0;0;2;0;0;0;0;0;0;0;0;0;0;0;0;0;0;0;0
Le_logement_intergenerationnel_offrir_une_chambre_recevoir_humainement.txt;Database\Vada_database\Le_logement_intergenerationnel_offrir_une_chambre_recevoir_humainement.txt;C:\Users\PC\Desktop\Project_Internship\Index_Insight\Database\Vada_database\Le_logement_intergenerationnel_offrir_une_chambre_recevoir_humainement.txt;827;55;0.06650544;1;0;0;0;1;0;5;1;0;0;1;6;0;0;0;4;0;0;0;0;0;2;0;5;0;0;0;3;0;15;3;0;0;3;18;0;0;0;4;0;0;0;0;0;2;0;0;0;0;0;0;0;0;0;0;0;0;2;0;0;0;0;0;0;0;0;0;0;0
Un_quartier_solidaire_avec_ses_aines.txt;Database\Vada_database\Un_quartier_solidaire_avec_ses_aines.txt;C:\Users\PC\Desktop\Project_Internship\Index_Insight\Database\Vada_database\Un_quartier_solidaire_avec_ses_aines.txt;421;28;0.06650831;0;1;0;0;1;0;3;0;1;0;1;0;0;0;0;0;1;0;0;0;0;4;0;0;5;0;0;3;0;9;0;3;0;3;0;0;0;0;0;1;0;0;0;0;4;0;0;0;0;0;0;0;0;0;0;0;0;0;0;0;0;0;0;0;0;0;0;0;0
Parcours_culture-loisirs.txt;Database\Vada_database\Parcours_culture-loisirs.txt;C:\Users\PC\Desktop\Project_Internship\Index_Insight\Database\Vada_database\Parcours_culture-loisirs.txt;795;53;0.06666667;3;1;0;0;1;0;0;8;0;0;1;0;0;0;0;0;0;0;0;0;0;3;0;15;5;0;0;3;0;0;24;0;0;3;0;0;0;0;0;0;0;0;0;0;3;0;0;0;0;0;0;0;0;0;0;0;0;0;0;0;0;0;0;0;0;0;0;0;0
La_fete_des_seniors_de_Cholet.txt;Database\Vada_database\La_fete_des_seniors_de_Cholet.txt;C:\Users\PC\Desktop\Project_Internship\Index_Insight\Database\Vada_database\La_fete_des_seniors_de_Cholet.txt;315;21;0.06666667;0;0;0;0;1;0;4;1;0;0;0;0;0;0;0;0;0;0;0;0;0;1;0;0;0;0;0;3;0;12;3;0;0;0;0;0;0;0;0;0;0;0;0;0;1;0;0;0;0;0;0;0;2;0;0;0;0;0;0;0;0;0;0;0;0;0;0;0;0
Playmobilite_un_jeu_denfants_pour_encourager_la_mobilite_active_des_seniors.txt;Database\Vada_database\Playmobilite_un_jeu_denfants_pour_encourager_la_mobilite_active_des_seniors.txt;C:\Users\PC\Desktop\Project_Internship\Index_Insight\Database\Vada_database\Playmobilite_un_jeu_denfants_pour_encourager_la_mobilite_active_des_seniors.txt;913;61;0.06681271;0;0;0;0;1;0;11;0;1;0;0;2;0;0;10;0;1;0;0;0;0;0;1;0;0;0;0;3;0;33;0;3;0;0;6;0;0;10;0;1;0;0;0;0;0;1;0;0;0;0;0;0;2;0;0;0;0;0;0;0;2;0;0;0;0;0;0;0;0
Portage_de_livres.txt;Database\Vada_database\Portage_de_livres.txt;C:\Users\PC\Desktop\Project_Internship\Index_Insight\Database\Vada_database\Portage_de_livres.txt;522;35;0.06704981;0;1;0;0;2;0;7;0;0;0;0;0;0;0;0;0;2;0;0;0;0;1;0;0;5;0;0;6;0;21;0;0;0;0;0;0;0;0;0;2;0;0;0;0;1;0;0;0;0;0;0;0;0;0;0;0;0;0;0;0;0;0;0;0;0;0;0;0;0
23_CARSAT_PAYS_DE_LA_LOIRE_JE_CONTINUE_A_JARDINER.txt;Database\Cnav_database\23_CARSAT_PAYS_DE_LA_LOIRE_JE_CONTINUE_A_JARDINER.txt;C:\Users\PC\Desktop\Project_Internship\Index_Insight\Database\Cnav_database\23_CARSAT_PAYS_DE_LA_LOIRE_JE_CONTINUE_A_JARDINER.txt;313;21;0.06709265;0;0;0;0;0;0;5;2;0;0;0;0;0;0;0;0;0;0;0;0;0;0;0;0;0;0;0;0;0;15;6;0;0;0;0;0;0;0;0;0;0;0;0;0;0;0;0;0;0;0;0;0;0;0;0;0;0;0;0;0;0;0;0;0;0;0;0;0;0
Cafe-jeux.txt;Database\Vada_database\Cafe-jeux.txt;C:\Users\PC\Desktop\Project_Internship\Index_Insight\Database\Vada_database\Cafe-jeux.txt;775;52;0.06709677;0;1;0;0;0;0;12;0;0;0;0;1;0;0;0;0;4;0;0;0;0;4;0;0;5;0;0;0;0;36;0;0;0;0;3;0;0;0;0;4;0;0;0;0;4;0;0;0;0;0;0;0;0;0;0;0;0;0;0;0;0;0;0;0;0;0;0;0;0
Rompre_la_solitude_des_aines_en_leur_assurant_une_qualite_de_vie_lors_de_nos_visites.txt;Database\Vada_database\Rompre_la_solitude_des_aines_en_leur_assurant_une_qualite_de_vie_lors_de_nos_visites.txt;C:\Users\PC\Desktop\Project_Internship\Index_Insight\Database\Vada_database\Rompre_la_solitude_des_aines_en_leur_assurant_une_qualite_de_vie_lors_de_nos_visites.txt;775;52;0.06709677;0;1;0;0;10;0;1;0;0;1;1;1;0;0;0;1;0;0;0;0;0;3;1;0;5;0;0;30;0;3;0;0;3;3;3;0;0;0;1;0;0;0;0;0;3;1;0;0;0;0;0;0;0;0;0;0;0;0;0;0;0;0;0;0;0;0;0;0;0
Le_cafe_des_ages.txt;Database\Vada_database\Le_cafe_des_ages.txt;C:\Users\PC\Desktop\Project_Internship\Index_Insight\Database\Vada_database\Le_cafe_des_ages.txt;742;50;0.06738544;0;1;0;3;2;0;9;0;0;0;1;0;0;0;0;0;0;0;0;0;0;0;0;0;5;0;9;6;0;27;0;0;0;3;0;0;0;0;0;0;0;0;0;0;0;0;0;0;0;0;0;0;0;0;0;0;0;0;0;0;0;0;0;0;0;0;0;0;0
Et_si_on_sortait_a_la_filature.txt;Database\Vada_database\Et_si_on_sortait_a_la_filature.txt;C:\Users\PC\Desktop\Project_Internship\Index_Insight\Database\Vada_database\Et_si_on_sortait_a_la_filature.txt;829;56;0.06755127;0;1;0;0;1;0;12;0;0;0;1;1;0;0;1;0;0;0;0;0;0;5;0;0;5;0;0;3;0;36;0;0;0;3;3;0;0;1;0;0;0;0;0;0;5;0;0;0;0;0;0;0;0;0;0;0;0;0;0;0;0;0;0;0;0;0;0;0;0
Visiteurs_a_domicile.txt;Database\Vada_database\Visiteurs_a_domicile.txt;C:\Users\PC\Desktop\Project_Internship\Index_Insight\Database\Vada_database\Visiteurs_a_domicile.txt;636;43;0.06761006;0;1;0;0;0;0;9;0;0;0;1;1;0;0;0;0;0;0;0;0;0;5;0;0;5;0;0;0;0;27;0;0;0;3;3;0;0;0;0;0;0;0;0;0;5;0;0;0;0;0;0;0;0;0;0;0;0;0;0;0;0;0;0;0;0;0;0;0;0
Reseau_Benevoles.txt;Database\Vada_database\Reseau_Benevoles.txt;C:\Users\PC\Desktop\Project_Internship\Index_Insight\Database\Vada_database\Reseau_Benevoles.txt;769;52;0.06762029;0;1;0;1;6;0;4;0;0;0;1;0;0;0;0;0;2;0;0;0;0;8;1;0;5;0;3;18;0;12;0;0;0;3;0;0;0;0;0;2;0;0;0;0;8;1;0;0;0;0;0;0;0;0;0;0;0;0;0;0;0;0;0;0;0;0;0;0;0
VIP_Visiter_Informer_Proposer.txt;Database\Vada_database\VIP_Visiter_Informer_Proposer.txt;C:\Users\PC\Desktop\Project_Internship\Index_Insight\Database\Vada_database\VIP_Visiter_Informer_Proposer.txt;737;50;0.06784261;0;1;0;0;3;0;7;0;2;1;0;0;0;0;0;0;1;0;0;0;0;5;0;0;5;0;0;9;0;21;0;6;3;0;0;0;0;0;0;1;0;0;0;0;5;0;0;0;0;0;0;0;0;0;0;0;0;0;0;0;0;0;0;0;0;0;0;0;0
Salon_senior_a_tours.txt;Database\Vada_database\Salon_senior_a_tours.txt;C:\Users\PC\Desktop\Project_Internship\Index_Insight\Database\Vada_database\Salon_senior_a_tours.txt;1046;71;0.06787763;4;1;0;4;0;0;8;0;2;0;0;0;0;2;0;0;2;0;0;0;0;0;0;20;5;0;12;0;0;24;0;6;0;0;0;0;2;0;0;2;0;0;0;0;0;0;0;0;0;0;0;0;0;0;0;0;0;0;0;0;0;0;0;0;0;0;0;0;0
Accompagnement_des_personnes_a_mobilite_reduite_aux_bureaux_de_vote.txt;Database\Vada_database\Accompagnement_des_personnes_a_mobilite_reduite_aux_bureaux_de_vote.txt;C:\Users\PC\Desktop\Project_Internship\Index_Insight\Database\Vada_database\Accompagnement_des_personnes_a_mobilite_reduite_aux_bureaux_de_vote.txt;545;37;0.06788991;0;1;0;0;3;0;2;0;0;0;3;0;0;0;4;0;1;0;0;0;0;1;0;0;5;0;0;9;0;6;0;0;0;9;0;0;0;4;0;1;0;0;0;0;1;0;0;0;0;0;0;0;0;0;0;0;0;0;0;0;2;0;0;0;0;0;0;0;0
Seniors_la_route_et_vous.txt;Database\Vada_database\Seniors_la_route_et_vous.txt;C:\Users\PC\Desktop\Project_Internship\Index_Insight\Database\Vada_database\Seniors_la_route_et_vous.txt;648;44;0.06790123;0;1;0;1;3;0;6;0;0;0;1;0;0;0;2;0;2;0;0;0;0;0;0;0;5;0;3;9;0;18;0;0;0;3;0;0;0;2;0;2;0;0;0;0;0;0;0;0;0;0;0;0;2;0;0;0;0;0;0;0;0;0;0;0;0;0;0;0;0
Parrainage_culturel.txt;Database\Vada_database\Parrainage_culturel.txt;C:\Users\PC\Desktop\Project_Internship\Index_Insight\Database\Vada_database\Parrainage_culturel.txt;603;41;0.06799337;0;1;0;0;4;0;4;0;0;0;2;0;0;0;1;0;1;0;0;0;0;4;0;0;5;0;0;12;0;12;0;0;0;6;0;0;0;1;0;1;0;0;0;0;4;0;0;0;0;0;0;0;0;0;0;0;0;0;0;0;0;0;0;0;0;0;0;0;0
Que_ca_roule_a_Merignac.txt;Database\Vada_database\Que_ca_roule_a_Merignac.txt;C:\Users\PC\Desktop\Project_Internship\Index_Insight\Database\Vada_database\Que_ca_roule_a_Merignac.txt;588;40;0.06802721;0;1;0;0;2;0;2;0;1;0;1;0;0;0;13;0;2;0;0;0;0;2;0;0;5;0;0;6;0;6;0;3;0;3;0;0;0;13;0;2;0;0;0;0;2;0;0;0;0;0;0;0;0;0;0;0;0;0;0;0;0;0;0;0;0;0;0;0;0
Fiche-action_1_Transport_Solidaire_seniors_1ere_ne.txt;Database\Fiches_actions_database\Fiche-action_1_Transport_Solidaire_seniors_1ere_ne.txt;C:\Users\PC\Desktop\Project_Internship\Index_Insight\Database\Fiches_actions_database\Fiche-action_1_Transport_Solidaire_seniors_1ere_ne.txt;485;33;0.06804124;0;0;0;0;3;0;5;0;1;0;0;0;0;0;2;0;1;1;0;0;0;0;0;0;0;0;0;9;0;15;0;3;0;0;0;0;0;2;0;1;1;0;0;0;0;0;0;0;0;0;0;0;2;0;0;0;0;0;0;0;0;0;0;0;0;0;0;0;0
Projet_ecolo-rigolo_sensibilisation_a_la_transition_ecologique.txt;Database\Vada_database\Projet_ecolo-rigolo_sensibilisation_a_la_transition_ecologique.txt;C:\Users\PC\Desktop\Project_Internship\Index_Insight\Database\Vada_database\Projet_ecolo-rigolo_sensibilisation_a_la_transition_ecologique.txt;455;31;0.06813187;1;1;0;1;0;0;4;0;1;0;0;1;0;0;0;0;0;0;0;0;0;0;0;5;5;0;3;0;0;12;0;3;0;0;3;0;0;0;0;0;0;0;0;0;0;0;0;0;0;0;0;0;0;0;0;0;0;0;0;0;0;0;0;0;0;0;0;0;0
Des_rencontres_intergenerationnelles_pour_lutter_contre_lisolement.txt;Database\Vada_database\Des_rencontres_intergenerationnelles_pour_lutter_contre_lisolement.txt;C:\Users\PC\Desktop\Project_Internship\Index_Insight\Database\Vada_database\Des_rencontres_intergenerationnelles_pour_lutter_contre_lisolement.txt;660;45;0.06818182;0;1;0;0;4;0;5;0;0;0;0;1;1;0;0;0;1;0;0;0;0;8;0;0;5;0;0;12;0;15;0;0;0;0;3;1;0;0;0;1;0;0;0;0;8;0;0;0;0;0;0;0;0;0;0;0;0;0;0;0;0;0;0;0;0;0;0;0;0
Aquagym.txt;Database\Vada_database\Aquagym.txt;C:\Users\PC\Desktop\Project_Internship\Index_Insight\Database\Vada_database\Aquagym.txt;557;38;0.06822262;0;1;0;0;0;0;10;0;0;0;0;0;0;0;2;0;1;0;0;0;0;0;0;0;5;0;0;0;0;30;0;0;0;0;0;0;0;2;0;1;0;0;0;0;0;0;0;0;0;0;0;0;0;0;0;0;0;0;0;0;0;0;0;0;0;0;0;0;0
Une_visite_un_sourire.txt;Database\Vada_database\Une_visite_un_sourire.txt;C:\Users\PC\Desktop\Project_Internship\Index_Insight\Database\Vada_database\Une_visite_un_sourire.txt;542;37;0.06826568;0;1;0;0;6;0;1;0;0;0;1;0;0;0;0;0;1;0;0;0;0;7;0;0;5;0;0;18;0;3;0;0;0;3;0;0;0;0;0;1;0;0;0;0;7;0;0;0;0;0;0;0;0;0;0;0;0;0;0;0;0;0;0;0;0;0;0;0;0
Une_porte_ouverte_sur_la_societe.txt;Database\Vada_database\Une_porte_ouverte_sur_la_societe.txt;C:\Users\PC\Desktop\Project_Internship\Index_Insight\Database\Vada_database\Une_porte_ouverte_sur_la_societe.txt;981;67;0.06829766;0;1;0;0;0;1;16;0;0;0;0;0;0;0;6;0;5;0;0;0;0;0;0;0;5;0;0;0;3;48;0;0;0;0;0;0;0;6;0;5;0;0;0;0;0;0;0;0;0;0;0;0;0;0;0;0;0;0;0;0;0;0;0;0;0;0;0;0;0
Pass_sport_sante_seniors.txt;Database\Vada_database\Pass_sport_sante_seniors.txt;C:\Users\PC\Desktop\Project_Internship\Index_Insight\Database\Vada_database\Pass_sport_sante_seniors.txt;716;49;0.06843575;0;1;0;1;2;0;8;0;1;0;1;0;0;0;0;0;1;0;0;0;0;2;0;0;5;0;3;6;0;24;0;3;0;3;0;0;0;0;0;1;0;0;0;0;2;0;0;0;0;0;0;0;2;0;0;0;0;0;0;0;0;0;0;0;0;0;0;0;0
Bien_vieillir_a_domicile_la_reponse_conjointe_des_collectivites_et_des_bailleurs_sociaux.txt;Database\Vada_database\Bien_vieillir_a_domicile_la_reponse_conjointe_des_collectivites_et_des_bailleurs_sociaux.txt;C:\Users\PC\Desktop\Project_Internship\Index_Insight\Database\Vada_database\Bien_vieillir_a_domicile_la_reponse_conjointe_des_collectivites_et_des_bailleurs_sociaux.txt;818;56;0.06845966;0;1;0;3;1;0;3;0;3;2;3;0;0;0;1;0;2;0;0;0;0;1;0;0;5;0;9;3;0;9;0;9;6;9;0;0;0;1;0;2;0;0;0;0;1;0;0;0;0;0;0;0;0;0;2;0;0;0;0;0;0;0;0;0;0;0;0;0;0
Aines_militants.txt;Database\Vada_database\Aines_militants.txt;C:\Users\PC\Desktop\Project_Internship\Index_Insight\Database\Vada_database\Aines_militants.txt;817;56;0.06854345;1;0;0;0;9;0;0;7;0;0;0;0;0;0;0;0;1;0;0;0;0;2;0;5;0;0;0;27;0;0;21;0;0;0;0;0;0;0;0;1;0;0;0;0;2;0;0;0;0;0;0;0;0;0;0;0;0;0;0;0;0;0;0;0;0;0;0;0;0
Fiche-action_9_-_Transports.txt;Database\Fiches_actions_database\Fiche-action_9_-_Transports.txt;C:\Users\PC\Desktop\Project_Internship\Index_Insight\Database\Fiches_actions_database\Fiche-action_9_-_Transports.txt;320;22;0.06875000;0;0;0;0;3;0;1;1;0;0;0;0;0;3;0;0;1;0;0;0;0;3;0;0;0;0;0;9;0;3;3;0;0;0;0;0;3;0;0;1;0;0;0;0;3;0;0;0;0;0;0;0;0;0;0;0;0;0;0;0;0;0;0;0;0;0;0;0;0
Salon_du_bien_vieillir_en_Mayenne.txt;Database\Vada_database\Salon_du_bien_vieillir_en_Mayenne.txt;C:\Users\PC\Desktop\Project_Internship\Index_Insight\Database\Vada_database\Salon_du_bien_vieillir_en_Mayenne.txt;1003;69;0.06879362;0;1;0;0;1;0;10;1;4;1;3;0;0;0;0;0;2;0;0;0;0;0;0;0;5;0;0;3;0;30;3;12;3;9;0;0;0;0;0;2;0;0;0;0;0;0;0;0;0;0;0;0;0;0;2;0;0;0;0;0;0;0;0;0;0;0;0;0;0
Le_pass_loisirs_seniors_des_activites_culturelles_de_loisirs_et_physiques_pour_tous_les_gouts_et_tous_les_ages.txt;Database\Vada_database\Le_pass_loisirs_seniors_des_activites_culturelles_de_loisirs_et_physiques_pour_tous_les_gouts_et_tous_les_ages.txt;C:\Users\PC\Desktop\Project_Internship\Index_Insight\Database\Vada_database\Le_pass_loisirs_seniors_des_activites_culturelles_de_loisirs_et_physiques_pour_tous_les_gouts_et_tous_les_ages.txt;814;56;0.06879607;0;1;0;1;1;0;12;1;0;0;1;0;0;1;0;0;0;0;0;0;0;0;0;0;5;0;3;3;0;36;3;0;0;3;0;0;1;0;0;0;0;0;0;0;0;0;0;0;0;0;0;0;2;0;0;0;0;0;0;0;0;0;0;0;0;0;0;0;0
Contes_et_memoire.txt;Database\Vada_database\Contes_et_memoire.txt;C:\Users\PC\Desktop\Project_Internship\Index_Insight\Database\Vada_database\Contes_et_memoire.txt;753;52;0.06905710;0;1;0;0;0;0;15;0;0;0;0;0;0;0;0;0;0;0;0;0;0;2;0;0;5;0;0;0;0;45;0;0;0;0;0;0;0;0;0;0;0;0;0;0;2;0;0;0;0;0;0;0;0;0;0;0;0;0;0;0;0;0;0;0;0;0;0;0;0
Le_service_Messagers_des_aines_un_anniversaire_une_visite.txt;Database\Vada_database\Le_service_Messagers_des_aines_un_anniversaire_une_visite.txt;C:\Users\PC\Desktop\Project_Internship\Index_Insight\Database\Vada_database\Le_service_Messagers_des_aines_un_anniversaire_une_visite.txt;723;50;0.06915629;0;1;0;0;9;0;2;1;0;2;0;0;0;0;0;0;0;0;0;0;0;3;0;0;5;0;0;27;0;6;3;0;6;0;0;0;0;0;0;0;0;0;0;0;3;0;0;0;0;0;0;0;0;0;0;0;0;0;0;0;0;0;0;0;0;0;0;0;0
Elaboration_dun_guide_a_lattention_des_seniors_Le_GuidInfos_seniors.txt;Database\Vada_database\Elaboration_dun_guide_a_lattention_des_seniors_Le_GuidInfos_seniors.txt;C:\Users\PC\Desktop\Project_Internship\Index_Insight\Database\Vada_database\Elaboration_dun_guide_a_lattention_des_seniors_Le_GuidInfos_seniors.txt;636;44;0.06918239;0;1;2;0;0;0;9;0;0;0;0;0;0;0;0;0;0;0;0;0;0;0;0;0;5;10;0;0;0;27;0;0;0;0;0;0;0;0;0;0;0;0;0;0;0;0;0;0;0;0;0;0;2;0;0;0;0;0;0;0;0;0;0;0;0;0;0;0;0
Dune_generation_a_lautre.txt;Database\Vada_database\Dune_generation_a_lautre.txt;C:\Users\PC\Desktop\Project_Internship\Index_Insight\Database\Vada_database\Dune_generation_a_lautre.txt;679;47;0.06921944;0;1;0;0;6;0;2;0;0;0;0;6;0;0;0;0;0;0;0;0;0;0;0;0;5;0;0;18;0;6;0;0;0;0;18;0;0;0;0;0;0;0;0;0;0;0;0;0;0;0;0;0;0;0;0;0;0;0;0;0;0;0;0;0;0;0;0;0;0
La_bourse_du_benevolat.txt;Database\Vada_database\La_bourse_du_benevolat.txt;C:\Users\PC\Desktop\Project_Internship\Index_Insight\Database\Vada_database\La_bourse_du_benevolat.txt;635;44;0.06929134;0;1;0;0;1;0;8;3;0;1;0;0;0;0;0;0;0;0;0;0;0;0;0;0;5;0;0;3;0;24;9;0;3;0;0;0;0;0;0;0;0;0;0;0;0;0;0;0;0;0;0;0;0;0;0;0;0;0;0;0;0;0;0;0;0;0;0;0;0
Seniors_au_volant_conduire_le_plus_longtemps_en_toute_securite.txt;Database\Vada_database\Seniors_au_volant_conduire_le_plus_longtemps_en_toute_securite.txt;C:\Users\PC\Desktop\Project_Internship\Index_Insight\Database\Vada_database\Seniors_au_volant_conduire_le_plus_longtemps_en_toute_securite.txt;633;44;0.06951027;0;1;0;0;2;0;9;0;0;0;0;0;0;0;2;0;1;0;0;0;0;1;0;0;5;0;0;6;0;27;0;0;0;0;0;0;0;2;0;1;0;0;0;0;1;0;0;0;0;0;0;0;2;0;0;0;0;0;0;0;0;0;0;0;0;0;0;0;0
La_Semaine_Bleue_des_seniors.txt;Database\Vada_database\La_Semaine_Bleue_des_seniors.txt;C:\Users\PC\Desktop\Project_Internship\Index_Insight\Database\Vada_database\La_Semaine_Bleue_des_seniors.txt;683;48;0.07027818;0;0;0;0;1;0;6;0;0;0;3;3;0;2;0;0;5;0;0;0;0;0;0;0;0;0;0;3;0;18;0;0;0;9;9;0;2;0;0;5;0;0;0;0;0;0;0;0;0;0;0;0;2;0;0;0;0;0;0;0;0;0;0;0;0;0;0;0;0
Lensemble_intergenerationnel_de_la_Croix-Rousse.txt;Database\Vada_database\Lensemble_intergenerationnel_de_la_Croix-Rousse.txt;C:\Users\PC\Desktop\Project_Internship\Index_Insight\Database\Vada_database\Lensemble_intergenerationnel_de_la_Croix-Rousse.txt;1274;90;0.07064364;0;1;0;3;11;0;0;1;0;1;0;5;0;13;0;1;0;1;0;0;0;5;0;0;5;0;9;33;0;0;3;0;3;0;15;0;13;0;1;0;1;0;0;0;5;0;0;0;0;0;0;0;0;0;0;0;0;2;0;0;0;0;0;0;0;0;0;0;0
Des_restaurants_seniors_a_Annecy.txt;Database\Vada_database\Des_restaurants_seniors_a_Annecy.txt;C:\Users\PC\Desktop\Project_Internship\Index_Insight\Database\Vada_database\Des_restaurants_seniors_a_Annecy.txt;650;46;0.07076923;0;1;0;0;0;0;12;0;0;0;0;0;0;0;1;0;1;0;0;0;0;1;0;0;5;0;0;0;0;36;0;0;0;0;0;0;0;1;0;1;0;0;0;0;1;0;0;0;0;0;0;0;2;0;0;0;0;0;0;0;0;0;0;0;0;0;0;0;0
Parcours_daccueil_des_nouveaux_citoyens_ages_engages_dans_le_conseil_des_ainees_de_la_ville_de_Saint-Nazaire.txt;Database\Vada_database\Parcours_daccueil_des_nouveaux_citoyens_ages_engages_dans_le_conseil_des_ainees_de_la_ville_de_Saint-Nazaire.txt;C:\Users\PC\Desktop\Project_Internship\Index_Insight\Database\Vada_database\Parcours_daccueil_des_nouveaux_citoyens_ages_engages_dans_le_conseil_des_ainees_de_la_ville_de_Saint-Nazaire.txt;818;58;0.07090465;1;1;0;2;0;14;0;0;0;0;0;0;0;0;0;0;0;0;0;0;0;0;0;5;5;0;6;0;42;0;0;0;0;0;0;0;0;0;0;0;0;0;0;0;0;0;0;0;0;0;0;0;0;0;0;0;0;0;0;0;0;0;0;0;0;0;0;0;0
Projet_lire_et_grandir.txt;Database\Vada_database\Projet_lire_et_grandir.txt;C:\Users\PC\Desktop\Project_Internship\Index_Insight\Database\Vada_database\Projet_lire_et_grandir.txt;901;64;0.07103219;1;2;0;2;0;0;6;0;2;0;3;2;0;0;0;0;3;0;0;0;0;1;0;5;10;0;6;0;0;18;0;6;0;9;6;0;0;0;0;3;0;0;0;0;1;0;0;0;0;0;0;0;0;0;0;0;0;0;0;0;0;0;0;0;0;0;0;0;0
Le_mobilier_urbain_au_banc_dessai.txt;Database\Vada_database\Le_mobilier_urbain_au_banc_dessai.txt;C:\Users\PC\Desktop\Project_Internship\Index_Insight\Database\Vada_database\Le_mobilier_urbain_au_banc_dessai.txt;590;42;0.07118644;0;3;0;1;5;0;1;0;1;1;0;0;0;0;0;0;0;0;0;0;0;0;0;0;15;0;3;15;0;3;0;3;3;0;0;0;0;0;0;0;0;0;0;0;0;0;0;0;0;0;0;0;0;0;0;0;0;0;0;0;0;0;0;0;0;0;0;0;0
Dyna_Marche.txt;Database\Vada_database\Dyna_Marche.txt;C:\Users\PC\Desktop\Project_Internship\Index_Insight\Database\Vada_database\Dyna_Marche.txt;547;39;0.07129799;0;1;0;0;0;0;10;0;0;0;0;0;0;0;0;0;4;0;0;0;0;0;0;0;5;0;0;0;0;30;0;0;0;0;0;0;0;0;0;4;0;0;0;0;0;0;0;0;0;0;0;0;0;0;0;0;0;0;0;0;0;0;0;0;0;0;0;0;0
Retours dexpériences Covid dans le champ de l'âge.txt;Database\Hcfea_database\Retours dexpériences Covid dans le champ de l'âge.txt;C:\Users\PC\Desktop\Project_Internship\Index_Insight\Database\Hcfea_database\Retours dexpériences Covid dans le champ de l'âge.txt;938;67;0.07142857;0;0;0;0;8;0;1;0;0;0;10;0;0;6;0;0;2;0;0;0;0;0;0;0;0;0;0;24;0;3;0;0;0;30;0;0;6;0;0;2;0;0;0;0;0;0;0;0;0;0;0;0;0;0;0;0;2;0;0;0;0;0;0;0;0;0;0;0;0
Plateforme_Allo_Ecoute_Seniors.txt;Database\Vada_database\Plateforme_Allo_Ecoute_Seniors.txt;C:\Users\PC\Desktop\Project_Internship\Index_Insight\Database\Vada_database\Plateforme_Allo_Ecoute_Seniors.txt;658;47;0.07142857;0;1;0;0;3;0;9;0;0;0;0;0;0;0;0;0;0;0;1;0;0;3;0;0;5;0;0;9;0;27;0;0;0;0;0;0;0;0;0;0;0;1;0;0;3;0;0;0;0;0;0;0;2;0;0;0;0;0;0;0;0;0;0;0;0;0;0;0;0
Seniors_au_volant.txt;Database\Vada_database\Seniors_au_volant.txt;C:\Users\PC\Desktop\Project_Internship\Index_Insight\Database\Vada_database\Seniors_au_volant.txt;574;41;0.07142857;0;0;0;0;0;0;9;1;0;0;1;0;0;0;3;0;3;0;0;0;0;0;0;0;0;0;0;0;0;27;3;0;0;3;0;0;0;3;0;3;0;0;0;0;0;0;0;0;0;0;0;0;2;0;0;0;0;0;0;0;0;0;0;0;0;0;0;0;0
Fiche-action_17_-_Projet_intergenerationnel.txt;Database\Fiches_actions_database\Fiche-action_17_-_Projet_intergenerationnel.txt;C:\Users\PC\Desktop\Project_Internship\Index_Insight\Database\Fiches_actions_database\Fiche-action_17_-_Projet_intergenerationnel.txt;210;15;0.07142857;0;0;0;0;0;0;0;0;0;0;0;2;0;0;0;0;1;0;0;0;0;6;0;0;0;0;0;0;0;0;0;0;0;0;6;0;0;0;0;1;0;0;0;0;6;0;0;0;0;0;0;0;0;0;0;0;0;2;0;0;0;0;0;0;0;0;0;0;0
Amelioration_et_accessibilite_des_lieux_publics_au_profit_des_seniors.txt;Database\Vada_database\Amelioration_et_accessibilite_des_lieux_publics_au_profit_des_seniors.txt;C:\Users\PC\Desktop\Project_Internship\Index_Insight\Database\Vada_database\Amelioration_et_accessibilite_des_lieux_publics_au_profit_des_seniors.txt;558;40;0.07168459;0;2;0;0;0;0;9;0;0;0;0;0;0;0;0;0;0;0;0;0;0;1;0;0;10;0;0;0;0;27;0;0;0;0;0;0;0;0;0;0;0;0;0;0;1;0;0;0;0;0;0;0;2;0;0;0;0;0;0;0;0;0;0;0;0;0;0;0;0
Les_aines_dessinent_le_parcours_de_demain.txt;Database\Vada_database\Les_aines_dessinent_le_parcours_de_demain.txt;C:\Users\PC\Desktop\Project_Internship\Index_Insight\Database\Vada_database\Les_aines_dessinent_le_parcours_de_demain.txt;697;50;0.07173601;0;1;0;0;0;0;7;0;0;0;4;0;0;0;10;0;0;0;0;0;0;2;0;0;5;0;0;0;0;21;0;0;0;12;0;0;0;10;0;0;0;0;0;0;2;0;0;0;0;0;0;0;0;0;0;0;0;0;0;0;0;0;0;0;0;0;0;0;0
17_PARTENARIAT_CENTRES_DE_MEDECINE_PREVENTIVE.txt;Database\Cnav_database\17_PARTENARIAT_CENTRES_DE_MEDECINE_PREVENTIVE.txt;C:\Users\PC\Desktop\Project_Internship\Index_Insight\Database\Cnav_database\17_PARTENARIAT_CENTRES_DE_MEDECINE_PREVENTIVE.txt;446;32;0.07174888;0;0;0;2;0;0;0;3;0;5;0;0;0;0;1;0;0;0;0;0;0;1;0;0;0;0;6;0;0;0;9;0;15;0;0;0;0;1;0;0;0;0;0;0;1;0;0;0;0;0;0;0;0;0;0;0;0;0;0;0;0;0;0;0;0;0;0;0;0
Portage_de_livres_a_domicile.txt;Database\Vada_database\Portage_de_livres_a_domicile.txt;C:\Users\PC\Desktop\Project_Internship\Index_Insight\Database\Vada_database\Portage_de_livres_a_domicile.txt;487;35;0.07186858;0;1;0;2;4;0;2;0;0;0;0;0;0;0;2;0;1;0;0;0;0;3;0;0;5;0;6;12;0;6;0;0;0;0;0;0;0;2;0;1;0;0;0;0;3;0;0;0;0;0;0;0;0;0;0;0;0;0;0;0;0;0;0;0;0;0;0;0;0
Politiques de soutien à lautonomie des personnes â.txt;Database\Hcfea_database\Politiques de soutien à lautonomie des personnes â.txt;C:\Users\PC\Desktop\Project_Internship\Index_Insight\Database\Hcfea_database\Politiques de soutien à lautonomie des personnes â.txt;945;68;0.07195767;0;0;0;2;8;0;0;0;0;0;8;0;0;0;0;0;14;0;0;0;0;0;0;0;0;0;6;24;0;0;0;0;0;24;0;0;0;0;0;14;0;0;0;0;0;0;0;0;0;0;0;0;0;0;0;0;0;0;0;0;0;0;0;0;0;0;0;0;0
Et_si_on_se_retrouvait.txt;Database\Vada_database\Et_si_on_se_retrouvait.txt;C:\Users\PC\Desktop\Project_Internship\Index_Insight\Database\Vada_database\Et_si_on_se_retrouvait.txt;942;68;0.07218684;0;1;1;0;0;0;16;0;0;1;0;0;0;0;0;0;0;0;0;0;0;7;0;0;5;5;0;0;0;48;0;0;3;0;0;0;0;0;0;0;0;0;0;0;7;0;0;0;0;0;0;0;0;0;0;0;0;0;0;0;0;0;0;0;0;0;0;0;0
Pour_plus_de_mobilite_des_chaises_dans_la_ville.txt;Database\Vada_database\Pour_plus_de_mobilite_des_chaises_dans_la_ville.txt;C:\Users\PC\Desktop\Project_Internship\Index_Insight\Database\Vada_database\Pour_plus_de_mobilite_des_chaises_dans_la_ville.txt;579;42;0.07253886;0;2;0;0;0;0;9;0;0;0;0;0;0;0;2;0;0;0;0;0;0;1;0;0;10;0;0;0;0;27;0;0;0;0;0;0;0;2;0;0;0;0;0;0;1;0;0;0;0;0;0;0;0;0;0;0;0;0;0;0;2;0;0;0;0;0;0;0;0
Labellisation_greypride_des_ehpad_publics_parisiens.txt;Database\Vada_database\Labellisation_greypride_des_ehpad_publics_parisiens.txt;C:\Users\PC\Desktop\Project_Internship\Index_Insight\Database\Vada_database\Labellisation_greypride_des_ehpad_publics_parisiens.txt;565;41;0.07256637;0;1;0;0;1;0;7;0;0;0;0;0;0;10;0;0;0;0;0;0;0;0;0;0;5;0;0;3;0;21;0;0;0;0;0;0;10;0;0;0;0;0;0;0;0;0;0;0;0;0;0;0;0;0;0;0;0;0;0;2;0;0;0;0;0;0;0;0;0
Semaine_bleue_et_salon_bien_vieillir.txt;Database\Vada_database\Semaine_bleue_et_salon_bien_vieillir.txt;C:\Users\PC\Desktop\Project_Internship\Index_Insight\Database\Vada_database\Semaine_bleue_et_salon_bien_vieillir.txt;565;41;0.07256637;0;1;0;0;0;0;1;5;5;0;0;0;0;0;1;0;0;0;0;0;0;0;0;0;5;0;0;0;0;3;15;15;0;0;0;0;0;1;0;0;0;0;0;0;0;0;0;0;0;0;0;0;0;0;2;0;0;0;0;0;0;0;0;0;0;0;0;0;0
Mise_en_place_dune_residence_senior.txt;Database\Vada_database\Mise_en_place_dune_residence_senior.txt;C:\Users\PC\Desktop\Project_Internship\Index_Insight\Database\Vada_database\Mise_en_place_dune_residence_senior.txt;577;42;0.07279029;0;1;0;1;1;0;8;0;0;0;0;1;0;1;2;0;1;0;0;0;0;0;0;0;5;0;3;3;0;24;0;0;0;0;3;0;1;2;0;1;0;0;0;0;0;0;0;0;0;0;0;0;0;0;0;0;0;0;0;0;0;0;0;0;0;0;0;0;0
Distribution_des_chocolats.txt;Database\Vada_database\Distribution_des_chocolats.txt;C:\Users\PC\Desktop\Project_Internship\Index_Insight\Database\Vada_database\Distribution_des_chocolats.txt;329;24;0.07294833;0;0;0;0;0;0;8;0;0;0;0;0;0;0;0;0;0;0;0;0;0;0;0;0;0;0;0;0;0;24;0;0;0;0;0;0;0;0;0;0;0;0;0;0;0;0;0;0;0;0;0;0;0;0;0;0;0;0;0;0;0;0;0;0;0;0;0;0;0
A_Saint-Etienne_un_conseil_consultatif_seniors.txt;Database\Vada_database\A_Saint-Etienne_un_conseil_consultatif_seniors.txt;C:\Users\PC\Desktop\Project_Internship\Index_Insight\Database\Vada_database\A_Saint-Etienne_un_conseil_consultatif_seniors.txt;1188;87;0.07323232;0;1;1;4;4;0;10;2;1;1;2;0;0;0;0;1;0;1;0;0;0;1;0;0;5;5;12;12;0;30;6;3;3;6;0;0;0;0;1;0;1;0;0;0;1;0;0;0;0;0;0;0;2;0;0;0;0;0;0;0;0;0;0;0;0;0;0;0;0
LE_TRIPORTEUR_DES_SAGES.txt;Database\Vada_database\LE_TRIPORTEUR_DES_SAGES.txt;C:\Users\PC\Desktop\Project_Internship\Index_Insight\Database\Vada_database\LE_TRIPORTEUR_DES_SAGES.txt;708;52;0.07344633;0;1;0;0;3;0;5;0;3;0;0;0;0;4;6;0;1;0;0;0;0;3;0;0;5;0;0;9;0;15;0;9;0;0;0;0;4;6;0;1;0;0;0;0;3;0;0;0;0;0;0;0;0;0;0;0;0;0;0;0;0;0;0;0;0;0;0;0;0
Les_Mamies_conteuses_un_moment_de_lecture_et_de_partage_avec_de_jeunes_enfants.txt;Database\Vada_database\Les_Mamies_conteuses_un_moment_de_lecture_et_de_partage_avec_de_jeunes_enfants.txt;C:\Users\PC\Desktop\Project_Internship\Index_Insight\Database\Vada_database\Les_Mamies_conteuses_un_moment_de_lecture_et_de_partage_avec_de_jeunes_enfants.txt;775;57;0.07354839;0;1;0;0;1;0;15;0;0;0;0;1;0;0;0;0;0;0;0;0;0;1;0;0;5;0;0;3;0;45;0;0;0;0;3;0;0;0;0;0;0;0;0;0;1;0;0;0;0;0;0;0;0;0;0;0;0;0;0;0;0;0;0;0;0;0;0;0;0
Ecole_du_temps_libre_et_du_bien_vieillir.txt;Database\Vada_database\Ecole_du_temps_libre_et_du_bien_vieillir.txt;C:\Users\PC\Desktop\Project_Internship\Index_Insight\Database\Vada_database\Ecole_du_temps_libre_et_du_bien_vieillir.txt;883;65;0.07361268;0;0;0;0;0;0;3;3;1;14;0;0;0;0;0;0;0;0;0;0;0;0;0;0;0;0;0;0;0;9;9;3;42;0;0;0;0;0;0;0;0;0;0;0;0;0;0;0;0;0;0;0;0;0;2;0;0;0;0;0;0;0;0;0;0;0;0;0;0
Preserver_les_liens_dans_les_moments_de_rupture_lengagement_dentourage_solidaire.txt;Database\Vada_database\Preserver_les_liens_dans_les_moments_de_rupture_lengagement_dentourage_solidaire.txt;C:\Users\PC\Desktop\Project_Internship\Index_Insight\Database\Vada_database\Preserver_les_liens_dans_les_moments_de_rupture_lengagement_dentourage_solidaire.txt;679;50;0.07363770;0;0;0;0;4;0;2;0;0;1;6;1;0;0;0;0;2;0;0;0;0;6;0;0;0;0;0;12;0;6;0;0;3;18;3;0;0;0;0;2;0;0;0;0;6;0;0;0;0;0;0;0;0;0;0;0;0;0;0;0;0;0;0;0;0;0;0;0;0
La_navette_sociale.txt;Database\Vada_database\La_navette_sociale.txt;C:\Users\PC\Desktop\Project_Internship\Index_Insight\Database\Vada_database\La_navette_sociale.txt;570;42;0.07368421;0;1;0;1;1;0;7;0;0;0;1;0;0;0;1;0;3;0;0;0;0;3;0;0;5;0;3;3;0;21;0;0;0;3;0;0;0;1;0;3;0;0;0;0;3;0;0;0;0;0;0;0;0;0;0;0;0;0;0;0;0;0;0;0;0;0;0;0;0
Espace_Seniors.txt;Database\Vada_database\Espace_Seniors.txt;C:\Users\PC\Desktop\Project_Internship\Index_Insight\Database\Vada_database\Espace_Seniors.txt;882;65;0.07369615;0;2;0;2;2;0;6;0;2;1;1;0;0;2;0;1;6;0;0;0;0;2;0;0;10;0;6;6;0;18;0;6;3;3;0;0;2;0;1;6;0;0;0;0;2;0;0;0;0;0;0;0;2;0;0;0;0;0;0;0;0;0;0;0;0;0;0;0;0
Journee_forum_preparer_et_bien_vivre_sa_retraite.txt;Database\Vada_database\Journee_forum_preparer_et_bien_vivre_sa_retraite.txt;C:\Users\PC\Desktop\Project_Internship\Index_Insight\Database\Vada_database\Journee_forum_preparer_et_bien_vivre_sa_retraite.txt;882;65;0.07369615;0;0;0;0;0;0;3;3;0;15;0;0;0;0;0;0;0;0;0;0;0;0;0;0;0;0;0;0;0;9;9;0;45;0;0;0;0;0;0;0;0;0;0;0;0;0;0;0;0;0;0;0;0;0;0;2;0;0;0;0;0;0;0;0;0;0;0;0;0
Aprem_intergenerationnels.txt;Database\Vada_database\Aprem_intergenerationnels.txt;C:\Users\PC\Desktop\Project_Internship\Index_Insight\Database\Vada_database\Aprem_intergenerationnels.txt;433;32;0.07390300;0;1;0;0;0;0;8;0;0;0;1;0;0;0;0;0;0;0;0;0;0;0;0;0;5;0;0;0;0;24;0;0;0;3;0;0;0;0;0;0;0;0;0;0;0;0;0;0;0;0;0;0;0;0;0;0;0;0;0;0;0;0;0;0;0;0;0;0;0
Fiche-action_16_-_Materiel_informatique.txt;Database\Fiches_actions_database\Fiche-action_16_-_Materiel_informatique.txt;C:\Users\PC\Desktop\Project_Internship\Index_Insight\Database\Fiches_actions_database\Fiche-action_16_-_Materiel_informatique.txt;230;17;0.07391304;0;0;0;0;2;0;3;0;0;0;0;0;0;0;0;0;0;0;0;0;0;2;0;0;0;0;0;6;0;9;0;0;0;0;0;0;0;0;0;0;0;0;0;0;2;0;0;0;0;0;0;0;0;0;0;0;0;0;0;0;0;0;0;0;0;0;0;0;0
Les_cheques_seniors.txt;Database\Vada_database\Les_cheques_seniors.txt;C:\Users\PC\Desktop\Project_Internship\Index_Insight\Database\Vada_database\Les_cheques_seniors.txt;771;57;0.07392996;0;1;0;0;0;0;12;1;0;1;2;0;0;0;0;0;2;0;0;0;0;0;0;0;5;0;0;0;0;36;3;0;3;6;0;0;0;0;0;2;0;0;0;0;0;0;0;0;0;0;0;0;2;0;0;0;0;0;0;0;0;0;0;0;0;0;0;0;0
Un_atelier_de_cuisine_au_masculin.txt;Database\Vada_database\Un_atelier_de_cuisine_au_masculin.txt;C:\Users\PC\Desktop\Project_Internship\Index_Insight\Database\Vada_database\Un_atelier_de_cuisine_au_masculin.txt;593;44;0.07419899;0;1;0;0;0;0;6;5;1;0;0;0;1;0;0;0;2;0;0;0;0;0;0;0;5;0;0;0;0;18;15;3;0;0;0;1;0;0;0;2;0;0;0;0;0;0;0;0;0;0;0;0;0;0;0;0;0;0;0;0;0;0;0;0;0;0;0;0;0
Une_auto-ecole_pour_favoriser_la_mobilite_des_seniors.txt;Database\Vada_database\Une_auto-ecole_pour_favoriser_la_mobilite_des_seniors.txt;C:\Users\PC\Desktop\Project_Internship\Index_Insight\Database\Vada_database\Une_auto-ecole_pour_favoriser_la_mobilite_des_seniors.txt;700;52;0.07428571;0;0;0;0;0;0;12;0;0;0;0;1;0;0;6;0;0;0;0;0;0;3;0;0;0;0;0;0;0;36;0;0;0;0;3;0;0;6;0;0;0;0;0;0;3;0;0;0;0;0;0;0;2;0;0;0;0;0;0;0;2;0;0;0;0;0;0;0;0
Les_rencontres_du_benevolat.txt;Database\Vada_database\Les_rencontres_du_benevolat.txt;C:\Users\PC\Desktop\Project_Internship\Index_Insight\Database\Vada_database\Les_rencontres_du_benevolat.txt;992;74;0.07459677;0;1;0;1;1;0;19;1;0;1;0;0;0;0;0;0;0;0;0;0;0;0;0;0;5;0;3;3;0;57;3;0;3;0;0;0;0;0;0;0;0;0;0;0;0;0;0;0;0;0;0;0;0;0;0;0;0;0;0;0;0;0;0;0;0;0;0;0;0
Residence_du_Soleil_residence_Chalet_seniors_intergenerationnel.txt;Database\Vada_database\Residence_du_Soleil_residence_Chalet_seniors_intergenerationnel.txt;C:\Users\PC\Desktop\Project_Internship\Index_Insight\Database\Vada_database\Residence_du_Soleil_residence_Chalet_seniors_intergenerationnel.txt;1429;107;0.07487754;0;0;0;2;1;0;24;0;0;1;0;5;0;0;0;0;0;0;0;0;0;4;0;0;0;0;6;3;0;72;0;0;3;0;15;0;0;0;0;0;0;0;0;0;4;0;0;0;0;0;0;0;2;0;0;0;0;2;0;0;0;0;0;0;0;0;0;0;0
Les_mardis_des_seniors.txt;Database\Vada_database\Les_mardis_des_seniors.txt;C:\Users\PC\Desktop\Project_Internship\Index_Insight\Database\Vada_database\Les_mardis_des_seniors.txt;787;59;0.07496823;0;1;0;0;0;0;15;1;0;0;0;0;0;0;0;0;1;0;0;0;1;2;0;0;5;0;0;0;0;45;3;0;0;0;0;0;0;0;0;1;0;0;0;1;2;0;0;0;0;0;0;0;2;0;0;0;0;0;0;0;0;0;0;0;0;0;0;0;0
Journee_bien-etre_dans_le_cadre_de_la_semaine_bleue.txt;Database\Vada_database\Journee_bien-etre_dans_le_cadre_de_la_semaine_bleue.txt;C:\Users\PC\Desktop\Project_Internship\Index_Insight\Database\Vada_database\Journee_bien-etre_dans_le_cadre_de_la_semaine_bleue.txt;719;54;0.07510431;0;0;0;0;0;0;12;0;1;0;5;0;0;0;0;0;0;0;0;0;0;0;0;0;0;0;0;0;0;36;0;3;0;15;0;0;0;0;0;0;0;0;0;0;0;0;0;0;0;0;0;0;0;0;0;0;0;0;0;0;0;0;0;0;0;0;0;0;0
La_convivialite_au_cur_du_metier_des_aides_a_domicile.txt;Database\Vada_database\La_convivialite_au_cur_du_metier_des_aides_a_domicile.txt;C:\Users\PC\Desktop\Project_Internship\Index_Insight\Database\Vada_database\La_convivialite_au_cur_du_metier_des_aides_a_domicile.txt;903;68;0.07530454;0;1;0;0;5;0;12;0;0;0;1;0;0;0;0;0;0;0;0;0;0;9;0;0;5;0;0;15;0;36;0;0;0;3;0;0;0;0;0;0;0;0;0;0;9;0;0;0;0;0;0;0;0;0;0;0;0;0;0;0;0;0;0;0;0;0;0;0;0
Plan_de_lutte_contre_isolement_des_personnes_agees_a_domicileV.txt;Database\Vada_database\Plan_de_lutte_contre_isolement_des_personnes_agees_a_domicileV.txt;C:\Users\PC\Desktop\Project_Internship\Index_Insight\Database\Vada_database\Plan_de_lutte_contre_isolement_des_personnes_agees_a_domicileV.txt;821;62;0.07551766;0;1;0;0;8;2;3;0;0;0;0;0;0;0;0;0;0;1;0;0;0;13;0;0;5;0;0;24;6;9;0;0;0;0;0;0;0;0;0;0;1;0;0;0;13;0;0;0;0;0;2;0;0;0;0;0;0;0;0;0;0;0;0;0;0;0;0;2;0
Se_deplacer_a_tout_age.txt;Database\Vada_database\Se_deplacer_a_tout_age.txt;C:\Users\PC\Desktop\Project_Internship\Index_Insight\Database\Vada_database\Se_deplacer_a_tout_age.txt;1082;82;0.07578558;0;1;0;0;6;0;6;2;0;0;4;0;0;0;10;0;8;2;0;0;0;1;0;0;5;0;0;18;0;18;6;0;0;12;0;0;0;10;0;8;2;0;0;0;1;0;0;0;0;0;0;0;0;0;0;0;2;0;0;0;0;0;0;0;0;0;0;0;0
Au_fil_des_ages_-_realisation_dun_defile_de_mode_intergenerationnel_autour_des_annees_60.txt;Database\Vada_database\Au_fil_des_ages_-_realisation_dun_defile_de_mode_intergenerationnel_autour_des_annees_60.txt;C:\Users\PC\Desktop\Project_Internship\Index_Insight\Database\Vada_database\Au_fil_des_ages_-_realisation_dun_defile_de_mode_intergenerationnel_autour_des_annees_60.txt;751;57;0.07589880;1;1;0;0;0;0;11;0;0;0;0;4;0;0;0;0;0;0;0;0;0;0;0;5;5;0;0;0;0;33;0;0;0;0;12;0;0;0;0;0;0;0;0;0;0;0;0;0;0;0;0;0;0;0;0;0;0;2;0;0;0;0;0;0;0;0;0;0;0
Atelier_bien-etre_a_Longueau.txt;Database\Vada_database\Atelier_bien-etre_a_Longueau.txt;C:\Users\PC\Desktop\Project_Internship\Index_Insight\Database\Vada_database\Atelier_bien-etre_a_Longueau.txt;460;35;0.07608696;0;1;0;0;0;0;9;0;0;0;0;0;1;0;1;0;0;0;0;0;0;1;0;0;5;0;0;0;0;27;0;0;0;0;0;1;0;1;0;0;0;0;0;0;1;0;0;0;0;0;0;0;0;0;0;0;0;0;0;0;0;0;0;0;0;0;0;0;0
Carte_avantage_seniors.txt;Database\Vada_database\Carte_avantage_seniors.txt;C:\Users\PC\Desktop\Project_Internship\Index_Insight\Database\Vada_database\Carte_avantage_seniors.txt;735;56;0.07619048;0;0;0;0;1;0;16;0;0;0;1;0;0;0;0;0;0;0;0;0;0;0;0;0;0;0;0;3;0;48;0;0;0;3;0;0;0;0;0;0;0;0;0;0;0;0;0;0;0;0;0;0;2;0;0;0;0;0;0;0;0;0;0;0;0;0;0;0;0
Le_lien_social_na_pas_dage.txt;Database\Vada_database\Le_lien_social_na_pas_dage.txt;C:\Users\PC\Desktop\Project_Internship\Index_Insight\Database\Vada_database\Le_lien_social_na_pas_dage.txt;1319;101;0.07657316;0;1;0;2;0;0;21;0;0;0;6;2;0;0;0;0;1;0;0;0;0;2;0;0;5;0;6;0;0;63;0;0;0;18;6;0;0;0;0;1;0;0;0;0;2;0;0;0;0;0;0;0;0;0;0;0;0;0;0;0;0;0;0;0;0;0;0;0;0
Des_animations_pour_egayer_le_quotidien_des_seniors.txt;Database\Vada_database\Des_animations_pour_egayer_le_quotidien_des_seniors.txt;C:\Users\PC\Desktop\Project_Internship\Index_Insight\Database\Vada_database\Des_animations_pour_egayer_le_quotidien_des_seniors.txt;638;49;0.07680251;0;2;0;0;2;0;9;0;0;0;0;0;0;0;2;0;0;0;0;0;0;2;0;0;10;0;0;6;0;27;0;0;0;0;0;0;0;2;0;0;0;0;0;0;2;0;0;0;0;0;0;0;2;0;0;0;0;0;0;0;0;0;0;0;0;0;0;0;0
Fete_de_noel.txt;Database\Vada_database\Fete_de_noel.txt;C:\Users\PC\Desktop\Project_Internship\Index_Insight\Database\Vada_database\Fete_de_noel.txt;768;59;0.07682292;0;1;0;0;3;0;11;0;0;0;0;0;0;0;0;0;2;0;0;0;0;10;0;0;5;0;0;9;0;33;0;0;0;0;0;0;0;0;0;2;0;0;0;0;10;0;0;0;0;0;0;0;0;0;0;0;0;0;0;0;0;0;0;0;0;0;0;0;0
Le_VillAge_Bleu_Dijonnais_un_habitat_innovant_et_adapte.txt;Database\Vada_database\Le_VillAge_Bleu_Dijonnais_un_habitat_innovant_et_adapte.txt;C:\Users\PC\Desktop\Project_Internship\Index_Insight\Database\Vada_database\Le_VillAge_Bleu_Dijonnais_un_habitat_innovant_et_adapte.txt;1025;79;0.07707317;0;1;0;2;2;0;1;1;0;0;17;0;0;0;1;0;2;0;0;0;0;2;0;0;5;0;6;6;0;3;3;0;0;51;0;0;0;1;0;2;0;0;0;0;2;0;0;0;0;0;0;0;0;0;0;0;0;0;0;0;0;0;0;0;0;0;0;0;0
Couleurs_seniors.txt;Database\Vada_database\Couleurs_seniors.txt;C:\Users\PC\Desktop\Project_Internship\Index_Insight\Database\Vada_database\Couleurs_seniors.txt;801;62;0.07740325;0;0;0;2;1;0;11;4;1;0;0;0;0;1;0;0;2;0;0;0;0;0;0;0;0;0;6;3;0;33;12;3;0;0;0;0;1;0;0;2;0;0;0;0;0;0;0;0;0;0;0;0;2;0;0;0;0;0;0;0;0;0;0;0;0;0;0;0;0
Re-traiter_sa_vie_imaginer_et_creer_sa_retraite.txt;Database\Vada_database\Re-traiter_sa_vie_imaginer_et_creer_sa_retraite.txt;C:\Users\PC\Desktop\Project_Internship\Index_Insight\Database\Vada_database\Re-traiter_sa_vie_imaginer_et_creer_sa_retraite.txt;1042;81;0.07773512;0;0;0;0;0;0;3;5;1;14;3;0;0;0;0;0;0;0;0;0;0;1;0;0;0;0;0;0;0;9;15;3;42;9;0;0;0;0;0;0;0;0;0;0;1;0;0;0;0;0;0;0;0;0;0;2;0;0;0;0;0;0;0;0;0;0;0;0;0
Partir_en_voyage_sans_crainte_grace_a_des_etudiants_benevoles.txt;Database\Vada_database\Partir_en_voyage_sans_crainte_grace_a_des_etudiants_benevoles.txt;C:\Users\PC\Desktop\Project_Internship\Index_Insight\Database\Vada_database\Partir_en_voyage_sans_crainte_grace_a_des_etudiants_benevoles.txt;643;50;0.07776050;0;0;0;1;2;0;11;0;0;0;0;1;0;0;0;0;1;0;1;0;0;3;0;0;0;0;3;6;0;33;0;0;0;0;3;0;0;0;0;1;0;1;0;0;3;0;0;0;0;0;0;0;0;0;0;0;0;0;0;0;0;0;0;0;0;0;0;0;0
Ateliers_numeriques.txt;Database\Vada_database\Ateliers_numeriques.txt;C:\Users\PC\Desktop\Project_Internship\Index_Insight\Database\Vada_database\Ateliers_numeriques.txt;434;34;0.07834101;0;1;1;0;0;0;7;0;0;0;0;0;0;0;0;0;2;0;0;0;0;0;1;0;5;5;0;0;0;21;0;0;0;0;0;0;0;0;0;2;0;0;0;0;0;1;0;0;0;0;0;0;0;0;0;0;0;0;0;0;0;0;0;0;0;0;0;0;0
Lart_de_bien_vieillir.txt;Database\Vada_database\Lart_de_bien_vieillir.txt;C:\Users\PC\Desktop\Project_Internship\Index_Insight\Database\Vada_database\Lart_de_bien_vieillir.txt;940;74;0.07872340;0;2;0;2;0;0;7;0;9;1;1;0;0;0;0;0;2;0;0;0;0;0;0;0;10;0;6;0;0;21;0;27;3;3;0;0;0;0;0;2;0;0;0;0;0;0;0;0;0;0;0;0;0;0;2;0;0;0;0;0;0;0;0;0;0;0;0;0;0
Les_seniors_de_la_Commune_et_les_enfants_inscrits_au_restaurant_scolaire.txt;Database\Vada_database\Les_seniors_de_la_Commune_et_les_enfants_inscrits_au_restaurant_scolaire.txt;C:\Users\PC\Desktop\Project_Internship\Index_Insight\Database\Vada_database\Les_seniors_de_la_Commune_et_les_enfants_inscrits_au_restaurant_scolaire.txt;836;66;0.07894737;0;1;0;0;5;0;14;0;0;0;0;0;0;0;0;0;1;0;0;0;0;1;0;0;5;0;0;15;0;42;0;0;0;0;0;0;0;0;0;1;0;0;0;0;1;0;0;0;0;0;0;0;2;0;0;0;0;0;0;0;0;0;0;0;0;0;0;0;0
Des_seniors_en_forme_a_Nice.txt;Database\Vada_database\Des_seniors_en_forme_a_Nice.txt;C:\Users\PC\Desktop\Project_Internship\Index_Insight\Database\Vada_database\Des_seniors_en_forme_a_Nice.txt;734;58;0.07901907;0;1;0;0;0;0;14;0;0;0;0;2;0;0;0;0;1;0;1;0;0;1;0;0;5;0;0;0;0;42;0;0;0;0;6;0;0;0;0;1;0;1;0;0;1;0;0;0;0;0;0;0;2;0;0;0;0;0;0;0;0;0;0;0;0;0;0;0;0
Les_ateliers_seniors.txt;Database\Vada_database\Les_ateliers_seniors.txt;C:\Users\PC\Desktop\Project_Internship\Index_Insight\Database\Vada_database\Les_ateliers_seniors.txt;607;48;0.07907743;0;1;0;0;0;0;12;0;1;0;0;0;0;0;0;0;0;0;0;0;0;2;0;0;5;0;0;0;0;36;0;3;0;0;0;0;0;0;0;0;0;0;0;0;2;0;0;0;0;0;0;0;2;0;0;0;0;0;0;0;0;0;0;0;0;0;0;0;0
Developper_la_cohabitation_intergenerationnelle_sur_le_territoire_de_la_metropole_Lyonnaise.txt;Database\Vada_database\Developper_la_cohabitation_intergenerationnelle_sur_le_territoire_de_la_metropole_Lyonnaise.txt;C:\Users\PC\Desktop\Project_Internship\Index_Insight\Database\Vada_database\Developper_la_cohabitation_intergenerationnelle_sur_le_territoire_de_la_metropole_Lyonnaise.txt;480;38;0.07916667;0;1;0;1;3;1;3;0;0;0;0;2;0;0;0;0;1;0;0;0;0;1;1;0;5;0;3;9;3;9;0;0;0;0;6;0;0;0;0;1;0;0;0;0;1;1;0;0;0;0;0;0;0;0;0;0;0;0;0;0;0;0;0;0;0;0;0;0;0
Fiche-action_14_-_Formation_au_numerique.txt;Database\Fiches_actions_database\Fiche-action_14_-_Formation_au_numerique.txt;C:\Users\PC\Desktop\Project_Internship\Index_Insight\Database\Fiches_actions_database\Fiche-action_14_-_Formation_au_numerique.txt;265;21;0.07924528;0;0;0;0;0;0;4;0;0;1;2;0;0;0;0;0;0;0;0;0;0;0;0;0;0;0;0;0;0;12;0;0;3;6;0;0;0;0;0;0;0;0;0;0;0;0;0;0;0;0;0;0;0;0;0;0;0;0;0;0;0;0;0;0;0;0;0;0;0
Semaine_bleue_2022_et_deploiement_des_activites_bien_etre.txt;Database\Vada_database\Semaine_bleue_2022_et_deploiement_des_activites_bien_etre.txt;C:\Users\PC\Desktop\Project_Internship\Index_Insight\Database\Vada_database\Semaine_bleue_2022_et_deploiement_des_activites_bien_etre.txt;857;68;0.07934656;0;1;0;0;1;0;17;0;0;1;0;0;0;1;0;1;0;0;0;0;0;4;0;0;5;0;0;3;0;51;0;0;3;0;0;0;1;0;1;0;0;0;0;0;4;0;0;0;0;0;0;0;0;0;0;0;0;0;0;0;0;0;0;0;0;0;0;0;0
Parcours_prevention_sante_seniors_de_la_mairie_de_Toulouse.txt;Database\Vada_database\Parcours_prevention_sante_seniors_de_la_mairie_de_Toulouse.txt;C:\Users\PC\Desktop\Project_Internship\Index_Insight\Database\Vada_database\Parcours_prevention_sante_seniors_de_la_mairie_de_Toulouse.txt;894;71;0.07941834;0;1;0;0;3;0;16;0;1;0;0;0;0;0;1;0;1;0;0;0;0;2;0;0;5;0;0;9;0;48;0;3;0;0;0;0;0;1;0;1;0;0;0;0;2;0;0;0;0;0;0;0;2;0;0;0;0;0;0;0;0;0;0;0;0;0;0;0;0
Parcours_prevention_sante_seniors.txt;Database\Vada_database\Parcours_prevention_sante_seniors.txt;C:\Users\PC\Desktop\Project_Internship\Index_Insight\Database\Vada_database\Parcours_prevention_sante_seniors.txt;1032;82;0.07945736;0;1;0;0;7;0;10;0;0;0;4;1;0;0;0;0;4;2;0;1;0;2;0;0;5;0;0;21;0;30;0;0;0;12;3;0;0;0;0;4;2;0;1;0;2;0;0;0;0;0;0;0;2;0;0;0;0;0;0;0;0;0;0;0;0;0;0;0;0
Le soutien à l'autonomie des personnes âgées à l'h.txt;Database\Hcfea_database\Le soutien à l'autonomie des personnes âgées à l'h.txt;C:\Users\PC\Desktop\Project_Internship\Index_Insight\Database\Hcfea_database\Le soutien à l'autonomie des personnes âgées à l'h.txt;1044;83;0.07950192;0;0;0;2;8;0;0;0;0;0;10;0;0;8;0;2;7;0;0;0;0;2;0;0;0;0;6;24;0;0;0;0;0;30;0;0;8;0;2;7;0;0;0;0;2;0;0;0;0;0;2;0;0;0;0;0;0;0;0;0;0;0;2;0;0;0;0;0;0
Echange_de_correspondances_entre_lecole_maternelle_et_les_seniors_de_la_commune.txt;Database\Vada_database\Echange_de_correspondances_entre_lecole_maternelle_et_les_seniors_de_la_commune.txt;C:\Users\PC\Desktop\Project_Internship\Index_Insight\Database\Vada_database\Echange_de_correspondances_entre_lecole_maternelle_et_les_seniors_de_la_commune.txt;591;47;0.07952623;0;0;0;0;9;0;6;0;0;0;0;0;0;0;0;0;0;0;0;0;0;0;0;0;0;0;0;27;0;18;0;0;0;0;0;0;0;0;0;0;0;0;0;0;0;0;0;0;0;0;0;0;2;0;0;0;0;0;0;0;0;0;0;0;0;0;0;0;0
Conseil_consultatif_des_seniors.txt;Database\Vada_database\Conseil_consultatif_des_seniors.txt;C:\Users\PC\Desktop\Project_Internship\Index_Insight\Database\Vada_database\Conseil_consultatif_des_seniors.txt;753;60;0.07968127;0;0;0;1;2;0;13;0;0;1;1;0;0;0;1;1;0;2;0;0;0;0;0;0;0;0;3;6;0;39;0;0;3;3;0;0;0;1;1;0;2;0;0;0;0;0;0;0;0;0;0;0;2;0;0;0;0;0;0;0;0;0;0;0;0;0;0;0;0
Cap_ou_pas_cap.txt;Database\Vada_database\Cap_ou_pas_cap.txt;C:\Users\PC\Desktop\Project_Internship\Index_Insight\Database\Vada_database\Cap_ou_pas_cap.txt;790;63;0.07974684;0;1;0;0;1;0;17;0;0;0;0;1;0;0;0;0;0;0;0;0;0;1;0;0;5;0;0;3;0;51;0;0;0;0;3;0;0;0;0;0;0;0;0;0;1;0;0;0;0;0;0;0;0;0;0;0;0;0;0;0;0;0;0;0;0;0;0;0;0
MAISON_DES_SAGES.txt;Database\Vada_database\MAISON_DES_SAGES.txt;C:\Users\PC\Desktop\Project_Internship\Index_Insight\Database\Vada_database\MAISON_DES_SAGES.txt;723;58;0.08022130;0;1;1;0;0;0;4;0;9;0;0;2;0;0;0;0;0;1;0;0;0;2;0;0;5;5;0;0;0;12;0;27;0;0;6;0;0;0;0;0;1;0;0;0;2;0;0;0;0;0;0;0;0;0;0;0;0;0;0;0;0;0;0;0;0;0;0;0;0
Faisons_causette.txt;Database\Vada_database\Faisons_causette.txt;C:\Users\PC\Desktop\Project_Internship\Index_Insight\Database\Vada_database\Faisons_causette.txt;534;43;0.08052434;0;1;0;0;0;0;11;0;0;0;0;0;0;0;0;0;0;0;0;0;0;5;0;0;5;0;0;0;0;33;0;0;0;0;0;0;0;0;0;0;0;0;0;0;5;0;0;0;0;0;0;0;0;0;0;0;0;0;0;0;0;0;0;0;0;0;0;0;0
Vacances_adaptees.txt;Database\Vada_database\Vacances_adaptees.txt;C:\Users\PC\Desktop\Project_Internship\Index_Insight\Database\Vada_database\Vacances_adaptees.txt;546;44;0.08058608;0;1;0;0;0;0;10;0;0;0;3;0;0;0;0;0;0;0;0;0;0;0;0;0;5;0;0;0;0;30;0;0;0;9;0;0;0;0;0;0;0;0;0;0;0;0;0;0;0;0;0;0;0;0;0;0;0;0;0;0;0;0;0;0;0;0;0;0;0
1_sourire_1_gateau_1_rencontre.txt;Database\Vada_database\1_sourire_1_gateau_1_rencontre.txt;C:\Users\PC\Desktop\Project_Internship\Index_Insight\Database\Vada_database\1_sourire_1_gateau_1_rencontre.txt;481;39;0.08108108;0;1;0;0;6;0;2;0;1;0;0;1;0;0;0;0;0;0;0;0;0;4;0;0;5;0;0;18;0;6;0;3;0;0;3;0;0;0;0;0;0;0;0;0;4;0;0;0;0;0;0;0;0;0;0;0;0;0;0;0;0;0;0;0;0;0;0;0;0
Des_seniors_au_service_dautres_seniors.txt;Database\Vada_database\Des_seniors_au_service_dautres_seniors.txt;C:\Users\PC\Desktop\Project_Internship\Index_Insight\Database\Vada_database\Des_seniors_au_service_dautres_seniors.txt;677;55;0.08124077;0;0;0;0;1;0;12;1;0;0;1;0;0;0;1;0;2;0;0;0;0;5;0;0;0;0;0;3;0;36;3;0;0;3;0;0;0;1;0;2;0;0;0;0;5;0;0;0;0;0;0;0;2;0;0;0;0;0;0;0;0;0;0;0;0;0;0;0;0
Etre_senior_a_Morteau.txt;Database\Vada_database\Etre_senior_a_Morteau.txt;C:\Users\PC\Desktop\Project_Internship\Index_Insight\Database\Vada_database\Etre_senior_a_Morteau.txt;640;52;0.08125000;0;0;0;0;1;0;14;0;1;0;1;0;0;0;0;0;1;0;0;0;0;0;0;0;0;0;0;3;0;42;0;3;0;3;0;0;0;0;0;1;0;0;0;0;0;0;0;0;0;0;0;0;0;0;0;0;0;0;0;0;0;0;0;0;0;0;0;0;0
Commission_loisirs.txt;Database\Vada_database\Commission_loisirs.txt;C:\Users\PC\Desktop\Project_Internship\Index_Insight\Database\Vada_database\Commission_loisirs.txt;701;57;0.08131241;0;0;0;0;1;0;14;3;1;0;0;0;0;0;0;0;0;0;0;0;0;0;0;0;0;0;0;3;0;42;9;3;0;0;0;0;0;0;0;0;0;0;0;0;0;0;0;0;0;0;0;0;0;0;0;0;0;0;0;0;0;0;0;0;0;0;0;0;0
Les_aines_sont_dans_la_rue.txt;Database\Vada_database\Les_aines_sont_dans_la_rue.txt;C:\Users\PC\Desktop\Project_Internship\Index_Insight\Database\Vada_database\Les_aines_sont_dans_la_rue.txt;823;67;0.08140948;0;1;0;0;0;0;19;0;0;0;0;0;0;5;0;0;0;0;0;0;0;0;0;0;5;0;0;0;0;57;0;0;0;0;0;0;5;0;0;0;0;0;0;0;0;0;0;0;0;0;0;0;0;0;0;0;0;0;0;0;0;0;0;0;0;0;0;0;0
Envie_de_sortir.txt;Database\Vada_database\Envie_de_sortir.txt;C:\Users\PC\Desktop\Project_Internship\Index_Insight\Database\Vada_database\Envie_de_sortir.txt;686;56;0.08163265;0;1;0;0;1;0;14;0;0;0;0;0;1;0;0;0;4;0;0;0;0;1;0;0;5;0;0;3;0;42;0;0;0;0;0;1;0;0;0;4;0;0;0;0;1;0;0;0;0;0;0;0;0;0;0;0;0;0;0;0;0;0;0;0;0;0;0;0;0
Des_colocations_seniors.txt;Database\Vada_database\Des_colocations_seniors.txt;C:\Users\PC\Desktop\Project_Internship\Index_Insight\Database\Vada_database\Des_colocations_seniors.txt;955;78;0.08167539;0;1;0;2;1;0;20;0;0;0;0;0;0;1;0;0;1;0;0;0;0;0;0;0;5;0;6;3;0;60;0;0;0;0;0;0;1;0;0;1;0;0;0;0;0;0;0;0;0;0;0;0;2;0;0;0;0;0;0;0;0;0;0;0;0;0;0;0;0
La_maison_des_seniors_un_espace_dedie_au_cur_de_la_ville.txt;Database\Vada_database\La_maison_des_seniors_un_espace_dedie_au_cur_de_la_ville.txt;C:\Users\PC\Desktop\Project_Internship\Index_Insight\Database\Vada_database\La_maison_des_seniors_un_espace_dedie_au_cur_de_la_ville.txt;1395;114;0.08172043;0;1;0;6;1;0;21;1;0;1;3;0;0;0;1;1;0;0;1;0;0;5;0;0;5;0;18;3;0;63;3;0;3;9;0;0;0;1;1;0;0;1;0;0;5;0;0;0;0;0;0;0;2;0;0;0;0;0;0;0;0;0;0;0;0;0;0;0;0
Les_Silver_Awards_un_concours_etudiant_intergenerationnel.txt;Database\Vada_database\Les_Silver_Awards_un_concours_etudiant_intergenerationnel.txt;C:\Users\PC\Desktop\Project_Internship\Index_Insight\Database\Vada_database\Les_Silver_Awards_un_concours_etudiant_intergenerationnel.txt;719;59;0.08205841;0;0;0;1;0;0;11;0;1;2;1;3;0;0;0;0;0;0;0;0;0;0;0;0;0;0;3;0;0;33;0;3;6;3;9;0;0;0;0;0;0;0;0;0;0;0;0;0;0;0;0;0;0;0;0;0;0;2;0;0;0;0;0;0;0;0;0;0;0
Elaboration_dun_guide_ressources_pour_les_futurs_retraites_du_Sud_Gironde.txt;Database\Vada_database\Elaboration_dun_guide_ressources_pour_les_futurs_retraites_du_Sud_Gironde.txt;C:\Users\PC\Desktop\Project_Internship\Index_Insight\Database\Vada_database\Elaboration_dun_guide_ressources_pour_les_futurs_retraites_du_Sud_Gironde.txt;792;65;0.08207071;0;1;0;0;0;0;3;7;1;7;0;0;0;0;2;1;0;0;0;0;0;1;0;0;5;0;0;0;0;9;21;3;21;0;0;0;0;2;1;0;0;0;0;0;1;0;0;0;0;0;0;0;0;2;0;0;0;0;0;0;0;0;0;0;0;0;0;0;0
Jeu_de_piste.txt;Database\Vada_database\Jeu_de_piste.txt;C:\Users\PC\Desktop\Project_Internship\Index_Insight\Database\Vada_database\Jeu_de_piste.txt;389;32;0.08226221;0;1;0;0;3;0;6;0;0;0;0;0;0;0;0;0;0;0;0;0;0;0;0;0;5;0;0;9;0;18;0;0;0;0;0;0;0;0;0;0;0;0;0;0;0;0;0;0;0;0;0;0;0;0;0;0;0;0;0;0;0;0;0;0;0;0;0;0;0
CONCOURS_LOGO_DES_SAGES.txt;Database\Vada_database\CONCOURS_LOGO_DES_SAGES.txt;C:\Users\PC\Desktop\Project_Internship\Index_Insight\Database\Vada_database\CONCOURS_LOGO_DES_SAGES.txt;641;53;0.08268331;0;1;0;0;0;0;9;0;1;0;0;6;0;0;0;0;0;0;0;0;0;0;0;0;5;0;0;0;0;27;0;3;0;0;18;0;0;0;0;0;0;0;0;0;0;0;0;0;0;0;0;0;0;0;0;0;0;0;0;0;0;0;0;0;0;0;0;0;0
Mes_pantoufles_attendront.txt;Database\Vada_database\Mes_pantoufles_attendront.txt;C:\Users\PC\Desktop\Project_Internship\Index_Insight\Database\Vada_database\Mes_pantoufles_attendront.txt;507;42;0.08284024;0;1;0;2;2;0;7;1;0;0;0;0;0;0;0;0;1;0;0;0;0;0;0;0;5;0;6;6;0;21;3;0;0;0;0;0;0;0;0;1;0;0;0;0;0;0;0;0;0;0;0;0;0;0;0;0;0;0;0;0;0;0;0;0;0;0;0;0;0
Fiche-action_7_-__Plateforme_information_senior.txt;Database\Fiches_actions_database\Fiche-action_7_-__Plateforme_information_senior.txt;C:\Users\PC\Desktop\Project_Internship\Index_Insight\Database\Fiches_actions_database\Fiche-action_7_-__Plateforme_information_senior.txt;301;25;0.08305648;0;0;0;0;5;0;2;0;0;1;0;0;0;0;0;0;1;0;0;0;0;0;0;0;0;0;0;15;0;6;0;0;3;0;0;0;0;0;0;1;0;0;0;0;0;0;0;0;0;0;0;0;0;0;0;0;0;0;0;0;0;0;0;0;0;0;0;0;0
Appartement_meuble_dhebergement_temporaire.txt;Database\Vada_database\Appartement_meuble_dhebergement_temporaire.txt;C:\Users\PC\Desktop\Project_Internship\Index_Insight\Database\Vada_database\Appartement_meuble_dhebergement_temporaire.txt;553;46;0.08318264;0;1;0;0;0;0;8;0;0;0;0;0;0;1;0;12;4;0;0;0;0;0;0;0;5;0;0;0;0;24;0;0;0;0;0;0;1;0;12;4;0;0;0;0;0;0;0;0;0;0;0;0;0;0;0;0;0;0;0;0;0;0;0;0;0;0;0;0;0
Ateliers_jardinages.txt;Database\Vada_database\Ateliers_jardinages.txt;C:\Users\PC\Desktop\Project_Internship\Index_Insight\Database\Vada_database\Ateliers_jardinages.txt;359;30;0.08356546;0;1;0;0;0;0;8;0;0;0;0;0;0;0;0;0;0;0;0;0;0;1;0;0;5;0;0;0;0;24;0;0;0;0;0;0;0;0;0;0;0;0;0;0;1;0;0;0;0;0;0;0;0;0;0;0;0;0;0;0;0;0;0;0;0;0;0;0;0
Les leviers dune meilleure efficience de la répons.txt;Database\Hcfea_database\Les leviers dune meilleure efficience de la répons.txt;C:\Users\PC\Desktop\Project_Internship\Index_Insight\Database\Hcfea_database\Les leviers dune meilleure efficience de la répons.txt;1572;132;0.08396947;0;0;0;2;9;0;2;2;0;2;18;0;0;4;0;2;21;0;0;0;0;0;0;0;0;0;6;27;0;6;6;0;6;54;0;0;4;0;2;21;0;0;0;0;0;0;0;0;0;0;0;0;0;0;0;0;0;0;0;0;0;0;0;0;0;0;0;0;0
22_GRAN_MOUN_DJOK_LE_RAID_DES_SENIORS.txt;Database\Cnav_database\22_GRAN_MOUN_DJOK_LE_RAID_DES_SENIORS.txt;C:\Users\PC\Desktop\Project_Internship\Index_Insight\Database\Cnav_database\22_GRAN_MOUN_DJOK_LE_RAID_DES_SENIORS.txt;416;35;0.08413462;0;0;0;0;2;0;8;1;0;0;0;0;0;0;0;0;0;0;0;0;0;0;0;0;0;0;0;6;0;24;3;0;0;0;0;0;0;0;0;0;0;0;0;0;0;0;0;0;0;0;0;0;2;0;0;0;0;0;0;0;0;0;0;0;0;0;0;0;0
Equipe_citoyenne_monalisa.txt;Database\Vada_database\Equipe_citoyenne_monalisa.txt;C:\Users\PC\Desktop\Project_Internship\Index_Insight\Database\Vada_database\Equipe_citoyenne_monalisa.txt;427;36;0.08430913;0;1;0;0;0;0;8;0;0;0;0;0;0;0;0;0;0;0;0;0;0;6;1;0;5;0;0;0;0;24;0;0;0;0;0;0;0;0;0;0;0;0;0;0;6;1;0;0;0;0;0;0;0;0;0;0;0;0;0;0;0;0;0;0;0;0;0;0;0
Projet_de_prix_de_litteraire_intergenerationnel_jeunesseniors.txt;Database\Vada_database\Projet_de_prix_de_litteraire_intergenerationnel_jeunesseniors.txt;C:\Users\PC\Desktop\Project_Internship\Index_Insight\Database\Vada_database\Projet_de_prix_de_litteraire_intergenerationnel_jeunesseniors.txt;699;59;0.08440629;0;1;0;0;0;0;12;0;0;0;0;5;0;0;0;0;0;0;0;0;0;1;0;0;5;0;0;0;0;36;0;0;0;0;15;0;0;0;0;0;0;0;0;0;1;0;0;0;0;0;0;0;0;0;0;0;0;2;0;0;0;0;0;0;0;0;0;0;0
Agir_pour_la_mobilite_des_seniors_favoriser_la_marche.txt;Database\Vada_database\Agir_pour_la_mobilite_des_seniors_favoriser_la_marche.txt;C:\Users\PC\Desktop\Project_Internship\Index_Insight\Database\Vada_database\Agir_pour_la_mobilite_des_seniors_favoriser_la_marche.txt;927;79;0.08522114;0;1;0;0;0;0;19;0;0;0;0;0;0;2;10;0;1;0;0;0;0;0;0;0;5;0;0;0;0;57;0;0;0;0;0;0;2;10;0;1;0;0;0;0;0;0;0;0;0;0;0;0;2;0;0;0;0;0;0;0;2;0;0;0;0;0;0;0;0
Sensibilisation_aux_questions_du_vieillissement.txt;Database\Vada_database\Sensibilisation_aux_questions_du_vieillissement.txt;C:\Users\PC\Desktop\Project_Internship\Index_Insight\Database\Vada_database\Sensibilisation_aux_questions_du_vieillissement.txt;880;75;0.08522727;0;0;0;7;2;0;8;0;2;0;3;0;0;0;0;0;3;1;0;0;0;2;1;0;0;0;21;6;0;24;0;6;0;9;0;0;0;0;0;3;1;0;0;0;2;1;0;0;0;2;0;0;0;0;0;0;0;0;0;0;0;0;0;0;0;0;0;0;0
Reprendre_une_activite_physique_en_douceur.txt;Database\Vada_database\Reprendre_une_activite_physique_en_douceur.txt;C:\Users\PC\Desktop\Project_Internship\Index_Insight\Database\Vada_database\Reprendre_une_activite_physique_en_douceur.txt;852;73;0.08568075;0;1;0;0;1;0;20;0;0;0;0;0;0;3;0;0;2;0;0;0;0;0;0;0;5;0;0;3;0;60;0;0;0;0;0;0;3;0;0;2;0;0;0;0;0;0;0;0;0;0;0;0;0;0;0;0;0;0;0;0;0;0;0;0;0;0;0;0;0
Contribution à la concertation Grand âge et autono.txt;Database\Hcfea_database\Contribution à la concertation Grand âge et autono.txt;C:\Users\PC\Desktop\Project_Internship\Index_Insight\Database\Hcfea_database\Contribution à la concertation Grand âge et autono.txt;922;79;0.08568330;0;0;0;0;4;0;0;0;0;0;19;0;0;0;0;0;8;0;0;0;0;0;0;0;0;0;0;12;0;0;0;0;0;57;0;0;0;0;0;8;0;0;0;0;0;0;0;0;0;0;0;0;0;0;0;0;2;0;0;0;0;0;0;0;0;0;0;0;0
Vieillir_chez_soi.txt;Database\Vada_database\Vieillir_chez_soi.txt;C:\Users\PC\Desktop\Project_Internship\Index_Insight\Database\Vada_database\Vieillir_chez_soi.txt;735;63;0.08571429;0;0;0;0;1;0;8;0;8;0;1;0;4;0;1;0;0;0;0;0;0;0;0;0;0;0;0;3;0;24;0;24;0;3;0;4;0;1;0;0;0;0;0;0;0;0;0;0;0;0;0;0;0;0;2;0;0;0;2;0;0;0;0;0;0;0;0;0;0
Panorama des comportements conjugaux et configurat.txt;Database\Hcfea_database\Panorama des comportements conjugaux et configurat.txt;C:\Users\PC\Desktop\Project_Internship\Index_Insight\Database\Hcfea_database\Panorama des comportements conjugaux et configurat.txt;1922;165;0.08584807;0;0;0;0;6;0;24;2;0;4;17;0;0;4;0;0;0;0;0;0;0;2;0;0;0;0;0;18;0;72;6;0;12;51;0;0;4;0;0;0;0;0;0;0;2;0;0;0;0;0;0;0;0;0;0;0;0;0;0;0;0;0;0;0;0;0;0;0;0
Activin_au_jardin.txt;Database\Vada_database\Activin_au_jardin.txt;C:\Users\PC\Desktop\Project_Internship\Index_Insight\Database\Vada_database\Activin_au_jardin.txt;524;45;0.08587786;0;1;0;0;1;0;11;0;0;0;0;0;0;0;2;0;1;0;0;0;0;1;0;0;5;0;0;3;0;33;0;0;0;0;0;0;0;2;0;1;0;0;0;0;1;0;0;0;0;0;0;0;0;0;0;0;0;0;0;0;0;0;0;0;0;0;0;0;0
Longueau_des_activites_physiques_adaptees_pour_les_seniors.txt;Database\Vada_database\Longueau_des_activites_physiques_adaptees_pour_les_seniors.txt;C:\Users\PC\Desktop\Project_Internship\Index_Insight\Database\Vada_database\Longueau_des_activites_physiques_adaptees_pour_les_seniors.txt;837;72;0.08602151;0;1;0;0;0;0;19;1;1;0;0;0;0;0;0;0;1;0;0;0;0;1;0;0;5;0;0;0;0;57;3;3;0;0;0;0;0;0;0;1;0;0;0;0;1;0;0;0;0;0;0;0;2;0;0;0;0;0;0;0;0;0;0;0;0;0;0;0;0
Un_guide_des_balades_urbaines_dans_les_parcs_et_jardins.txt;Database\Vada_database\Un_guide_des_balades_urbaines_dans_les_parcs_et_jardins.txt;C:\Users\PC\Desktop\Project_Internship\Index_Insight\Database\Vada_database\Un_guide_des_balades_urbaines_dans_les_parcs_et_jardins.txt;672;58;0.08630952;0;1;0;0;1;0;9;0;0;0;5;0;0;0;6;0;0;0;0;0;0;2;0;0;5;0;0;3;0;27;0;0;0;15;0;0;0;6;0;0;0;0;0;0;2;0;0;0;0;0;0;0;0;0;0;0;0;0;0;0;0;0;0;0;0;0;0;0;0
Securite_routiere_et_pietonne_pour_nos_seniors.txt;Database\Vada_database\Securite_routiere_et_pietonne_pour_nos_seniors.txt;C:\Users\PC\Desktop\Project_Internship\Index_Insight\Database\Vada_database\Securite_routiere_et_pietonne_pour_nos_seniors.txt;405;35;0.08641975;0;1;0;1;1;0;5;1;0;0;1;0;0;0;1;0;0;0;0;0;0;0;0;0;5;0;3;3;0;15;3;0;0;3;0;0;0;1;0;0;0;0;0;0;0;0;0;0;0;0;0;0;2;0;0;0;0;0;0;0;0;0;0;0;0;0;0;0;0
Deambulation_participative_les_seniors_ont_la_parole.txt;Database\Vada_database\Deambulation_participative_les_seniors_ont_la_parole.txt;C:\Users\PC\Desktop\Project_Internship\Index_Insight\Database\Vada_database\Deambulation_participative_les_seniors_ont_la_parole.txt;578;50;0.08650519;0;1;2;2;0;0;7;0;1;0;0;0;0;0;3;0;0;0;0;0;0;0;0;0;5;10;6;0;0;21;0;3;0;0;0;0;0;3;0;0;0;0;0;0;0;0;0;0;0;0;0;0;2;0;0;0;0;0;0;0;0;0;0;0;0;0;0;0;0
Soir_de_fete_oh_le_bel_age.txt;Database\Vada_database\Soir_de_fete_oh_le_bel_age.txt;C:\Users\PC\Desktop\Project_Internship\Index_Insight\Database\Vada_database\Soir_de_fete_oh_le_bel_age.txt;971;84;0.08650875;2;1;0;2;1;0;13;0;0;0;4;1;0;0;2;0;2;0;0;0;0;0;0;10;5;0;6;3;0;39;0;0;0;12;3;0;0;2;0;2;0;0;0;0;0;0;0;0;0;0;0;0;0;0;0;0;2;0;0;0;0;0;0;0;0;0;0;0;0
LE_SILVER_SHOW.txt;Database\Vada_database\LE_SILVER_SHOW.txt;C:\Users\PC\Desktop\Project_Internship\Index_Insight\Database\Vada_database\LE_SILVER_SHOW.txt;393;34;0.08651399;1;1;0;1;0;0;3;0;0;0;0;4;0;0;0;0;0;0;0;0;0;0;0;5;5;0;3;0;0;9;0;0;0;0;12;0;0;0;0;0;0;0;0;0;0;0;0;0;0;0;0;0;0;0;0;0;0;0;0;0;0;0;0;0;0;0;0;0;0
Correspondance_intergenerationnelle.txt;Database\Vada_database\Correspondance_intergenerationnelle.txt;C:\Users\PC\Desktop\Project_Internship\Index_Insight\Database\Vada_database\Correspondance_intergenerationnelle.txt;785;68;0.08662420;0;1;0;0;4;0;2;10;0;3;1;1;0;0;0;0;0;0;0;0;0;0;0;0;5;0;0;12;0;6;30;0;9;3;3;0;0;0;0;0;0;0;0;0;0;0;0;0;0;0;0;0;0;0;0;0;0;0;0;0;0;0;0;0;0;0;0;0;0
Service_civique_solidarite_seniors.txt;Database\Vada_database\Service_civique_solidarite_seniors.txt;C:\Users\PC\Desktop\Project_Internship\Index_Insight\Database\Vada_database\Service_civique_solidarite_seniors.txt;643;56;0.08709176;0;1;1;0;1;0;10;0;1;0;1;0;0;1;0;0;0;0;0;1;0;3;0;0;5;5;0;3;0;30;0;3;0;3;0;0;1;0;0;0;0;0;1;0;3;0;0;0;0;0;0;0;2;0;0;0;0;0;0;0;0;0;0;0;0;0;0;0;0
Les_poles_ressources_seniors.txt;Database\Vada_database\Les_poles_ressources_seniors.txt;C:\Users\PC\Desktop\Project_Internship\Index_Insight\Database\Vada_database\Les_poles_ressources_seniors.txt;1343;117;0.08711839;0;1;0;5;6;0;19;0;0;1;3;0;0;1;0;0;5;0;0;0;0;2;0;0;5;0;15;18;0;57;0;0;3;9;0;0;1;0;0;5;0;0;0;0;2;0;0;0;0;0;0;0;2;0;0;0;0;0;0;0;0;0;0;0;0;0;0;0;0
Des_seniors_au_lycee.txt;Database\Vada_database\Des_seniors_au_lycee.txt;C:\Users\PC\Desktop\Project_Internship\Index_Insight\Database\Vada_database\Des_seniors_au_lycee.txt;436;38;0.08715596;0;0;0;0;0;0;4;6;0;1;0;1;0;0;0;0;0;0;0;0;0;0;0;0;0;0;0;0;0;12;18;0;3;0;3;0;0;0;0;0;0;0;0;0;0;0;0;0;0;0;0;0;2;0;0;0;0;0;0;0;0;0;0;0;0;0;0;0;0
Demarche_participative_et_transversale_sur_la_mobilite_des_seniors.txt;Database\Vada_database\Demarche_participative_et_transversale_sur_la_mobilite_des_seniors.txt;C:\Users\PC\Desktop\Project_Internship\Index_Insight\Database\Vada_database\Demarche_participative_et_transversale_sur_la_mobilite_des_seniors.txt;744;65;0.08736559;0;1;0;0;5;0;11;0;0;0;0;0;0;0;8;0;0;0;0;0;0;0;0;0;5;0;0;15;0;33;0;0;0;0;0;0;0;8;0;0;0;0;0;0;0;0;0;0;0;0;0;0;2;0;0;0;0;0;0;0;2;0;0;0;0;0;0;0;0
Ateliers_PartAge_Entre_seniors_et_enfants_en_situation_de_handicap.txt;Database\Vada_database\Ateliers_PartAge_Entre_seniors_et_enfants_en_situation_de_handicap.txt;C:\Users\PC\Desktop\Project_Internship\Index_Insight\Database\Vada_database\Ateliers_PartAge_Entre_seniors_et_enfants_en_situation_de_handicap.txt;903;79;0.08748616;0;1;0;0;4;0;12;6;0;0;2;0;0;0;0;0;0;0;0;0;0;0;0;0;5;0;0;12;0;36;18;0;0;6;0;0;0;0;0;0;0;0;0;0;0;0;0;0;0;0;0;0;2;0;0;0;0;0;0;0;0;0;0;0;0;0;0;0;0
Creation_dun_appel_a_projet_jumelage_intergenerationnel.txt;Database\Vada_database\Creation_dun_appel_a_projet_jumelage_intergenerationnel.txt;C:\Users\PC\Desktop\Project_Internship\Index_Insight\Database\Vada_database\Creation_dun_appel_a_projet_jumelage_intergenerationnel.txt;777;68;0.08751609;0;2;2;0;1;0;7;1;1;0;1;4;0;1;0;0;0;0;0;0;0;0;0;0;10;10;0;3;0;21;3;3;0;3;12;0;1;0;0;0;0;0;0;0;0;0;0;0;0;0;0;0;0;0;0;0;0;2;0;0;0;0;0;0;0;0;0;0;0
Conference_citoyenne_des_seniors_parisiens.txt;Database\Vada_database\Conference_citoyenne_des_seniors_parisiens.txt;C:\Users\PC\Desktop\Project_Internship\Index_Insight\Database\Vada_database\Conference_citoyenne_des_seniors_parisiens.txt;537;47;0.08752328;0;1;0;1;1;0;11;0;0;0;0;0;0;0;0;0;0;1;0;0;0;0;0;0;5;0;3;3;0;33;0;0;0;0;0;0;0;0;0;0;1;0;0;0;0;0;0;0;0;0;0;0;2;0;0;0;0;0;0;0;0;0;0;0;0;0;0;0;0
Mobycity.txt;Database\Vada_database\Mobycity.txt;C:\Users\PC\Desktop\Project_Internship\Index_Insight\Database\Vada_database\Mobycity.txt;638;56;0.08777429;0;1;0;0;2;0;8;1;1;0;0;2;0;0;4;0;3;0;0;0;0;2;0;0;5;0;0;6;0;24;3;3;0;0;6;0;0;4;0;3;0;0;0;0;2;0;0;0;0;0;0;0;0;0;0;0;0;0;0;0;0;0;0;0;0;0;0;0;0
Viens_je_temmene_en_suisse.txt;Database\Vada_database\Viens_je_temmene_en_suisse.txt;C:\Users\PC\Desktop\Project_Internship\Index_Insight\Database\Vada_database\Viens_je_temmene_en_suisse.txt;544;48;0.08823529;0;2;4;1;1;0;2;0;1;0;0;0;0;0;0;0;0;0;0;0;0;3;0;0;10;20;3;3;0;6;0;3;0;0;0;0;0;0;0;0;0;0;0;0;3;0;0;0;0;0;0;0;0;0;0;0;0;0;0;0;0;0;0;0;0;0;0;0;0
Accueillir_les_futurs_et_nouveaux_retraites.txt;Database\Vada_database\Accueillir_les_futurs_et_nouveaux_retraites.txt;C:\Users\PC\Desktop\Project_Internship\Index_Insight\Database\Vada_database\Accueillir_les_futurs_et_nouveaux_retraites.txt;622;55;0.08842444;0;1;0;1;0;0;3;8;0;2;1;0;0;0;0;0;0;0;0;0;0;2;1;0;5;0;3;0;0;9;24;0;6;3;0;0;0;0;0;0;0;0;0;0;2;1;0;0;0;0;0;0;0;2;0;0;0;0;0;0;0;0;0;0;0;0;0;0;0
BPreparer_sa_retraite_un_accompagnement_personnalise_pour_les_agents_proches_de_la_retraite_du_Vauclin.txt;Database\Vada_database\BPreparer_sa_retraite_un_accompagnement_personnalise_pour_les_agents_proches_de_la_retraite_du_Vauclin.txt;C:\Users\PC\Desktop\Project_Internship\Index_Insight\Database\Vada_database\BPreparer_sa_retraite_un_accompagnement_personnalise_pour_les_agents_proches_de_la_retraite_du_Vauclin.txt;757;67;0.08850727;0;1;0;0;0;0;0;2;0;18;0;0;0;0;0;0;0;0;0;0;0;0;0;0;5;0;0;0;0;0;6;0;54;0;0;0;0;0;0;0;0;0;0;0;0;0;0;0;0;0;0;0;0;0;0;2;0;0;0;0;0;0;0;0;0;0;0;0;0
Marche_main_dans_la_main.txt;Database\Vada_database\Marche_main_dans_la_main.txt;C:\Users\PC\Desktop\Project_Internship\Index_Insight\Database\Vada_database\Marche_main_dans_la_main.txt;429;38;0.08857809;0;1;0;0;0;0;9;0;0;0;1;0;0;0;1;0;0;0;0;0;0;2;0;0;5;0;0;0;0;27;0;0;0;3;0;0;0;1;0;0;0;0;0;0;2;0;0;0;0;0;0;0;0;0;0;0;0;0;0;0;0;0;0;0;0;0;0;0;0
12_INFORMATIONS_ET_CONSEILS_EN_PREVENTION.txt;Database\Cnav_database\12_INFORMATIONS_ET_CONSEILS_EN_PREVENTION.txt;C:\Users\PC\Desktop\Project_Internship\Index_Insight\Database\Cnav_database\12_INFORMATIONS_ET_CONSEILS_EN_PREVENTION.txt;1071;95;0.08870215;0;0;0;0;0;0;1;6;2;19;1;1;0;0;2;1;0;0;0;0;0;1;1;0;0;0;0;0;0;3;18;6;57;3;3;0;0;2;1;0;0;0;0;0;1;1;0;0;0;0;0;0;0;0;0;0;0;0;0;0;0;0;0;0;0;0;0;0;0
Projet_de_vie_a_la_retraite.txt;Database\Vada_database\Projet_de_vie_a_la_retraite.txt;C:\Users\PC\Desktop\Project_Internship\Index_Insight\Database\Vada_database\Projet_de_vie_a_la_retraite.txt;683;61;0.08931186;0;1;0;0;1;0;6;2;0;9;0;0;0;0;0;0;0;0;0;0;0;0;0;0;5;0;0;3;0;18;6;0;27;0;0;0;0;0;0;0;0;0;0;0;0;0;0;0;0;0;0;0;0;0;0;2;0;0;0;0;0;0;0;0;0;0;0;0;0
Carte_seniors_Tisseo.txt;Database\Vada_database\Carte_seniors_Tisseo.txt;C:\Users\PC\Desktop\Project_Internship\Index_Insight\Database\Vada_database\Carte_seniors_Tisseo.txt;490;44;0.08979592;0;1;0;0;1;0;11;0;0;0;0;0;0;0;1;0;0;0;0;0;0;0;0;0;5;0;0;3;0;33;0;0;0;0;0;0;0;1;0;0;0;0;0;0;0;0;0;0;0;0;0;0;2;0;0;0;0;0;0;0;0;0;0;0;0;0;0;0;0
Radio_Millesime.txt;Database\Vada_database\Radio_Millesime.txt;C:\Users\PC\Desktop\Project_Internship\Index_Insight\Database\Vada_database\Radio_Millesime.txt;757;68;0.08982827;0;1;0;1;0;0;17;0;0;0;0;1;0;1;0;0;3;0;0;0;0;2;0;0;5;0;3;0;0;51;0;0;0;0;3;0;1;0;0;3;0;0;0;0;2;0;0;0;0;0;0;0;0;0;0;0;0;0;0;0;0;0;0;0;0;0;0;0;0
Animation_Remise_en_mouvement.txt;Database\Vada_database\Animation_Remise_en_mouvement.txt;C:\Users\PC\Desktop\Project_Internship\Index_Insight\Database\Vada_database\Animation_Remise_en_mouvement.txt;612;55;0.08986928;0;1;0;2;1;0;11;0;0;0;0;0;0;0;8;0;0;0;0;0;0;0;0;0;5;0;6;3;0;33;0;0;0;0;0;0;0;8;0;0;0;0;0;0;0;0;0;0;0;0;0;0;0;0;0;0;0;0;0;0;0;0;0;0;0;0;0;0;0
Atelier_bienvenue_a_la_retraite.txt;Database\Vada_database\Atelier_bienvenue_a_la_retraite.txt;C:\Users\PC\Desktop\Project_Internship\Index_Insight\Database\Vada_database\Atelier_bienvenue_a_la_retraite.txt;589;53;0.08998302;0;1;0;0;0;0;2;3;0;10;0;0;0;0;0;0;0;0;0;0;0;1;0;0;5;0;0;0;0;6;9;0;30;0;0;0;0;0;0;0;0;0;0;0;1;0;0;0;0;0;0;0;0;0;0;2;0;0;0;0;0;0;0;0;0;0;0;0;0
Amenagement_de_lespace_public_mise_en_place_de_bancs_adaptes_aux_seniors.txt;Database\Vada_database\Amenagement_de_lespace_public_mise_en_place_de_bancs_adaptes_aux_seniors.txt;C:\Users\PC\Desktop\Project_Internship\Index_Insight\Database\Vada_database\Amenagement_de_lespace_public_mise_en_place_de_bancs_adaptes_aux_seniors.txt;610;55;0.09016393;0;1;0;0;2;0;14;0;0;0;0;0;0;0;0;0;0;0;0;0;0;0;0;0;5;0;0;6;0;42;0;0;0;0;0;0;0;0;0;0;0;0;0;0;0;0;0;0;0;0;0;0;2;0;0;0;0;0;0;0;0;0;0;0;0;0;0;0;0
Les_olympiades_seniors.txt;Database\Vada_database\Les_olympiades_seniors.txt;C:\Users\PC\Desktop\Project_Internship\Index_Insight\Database\Vada_database\Les_olympiades_seniors.txt;765;69;0.09019608;0;1;0;1;0;0;16;0;1;0;0;0;0;3;0;0;3;0;0;0;0;2;0;0;5;0;3;0;0;48;0;3;0;0;0;0;3;0;0;3;0;0;0;0;2;0;0;0;0;0;0;0;2;0;0;0;0;0;0;0;0;0;0;0;0;0;0;0;0
Comite_parisien_de_lutte_contre_lisolement_des_seniors.txt;Database\Vada_database\Comite_parisien_de_lutte_contre_lisolement_des_seniors.txt;C:\Users\PC\Desktop\Project_Internship\Index_Insight\Database\Vada_database\Comite_parisien_de_lutte_contre_lisolement_des_seniors.txt;575;52;0.09043478;0;1;0;0;2;0;8;0;0;0;0;0;0;0;0;0;1;0;0;0;0;14;0;0;5;0;0;6;0;24;0;0;0;0;0;0;0;0;0;1;0;0;0;0;14;0;0;0;0;0;0;0;2;0;0;0;0;0;0;0;0;0;0;0;0;0;0;0;0
10_Habitat_SILVER_HABITAT.txt;Database\Cnav_database\10_Habitat_SILVER_HABITAT.txt;C:\Users\PC\Desktop\Project_Internship\Index_Insight\Database\Cnav_database\10_Habitat_SILVER_HABITAT.txt;442;40;0.09049774;0;0;0;0;0;0;6;0;1;6;0;0;0;0;0;0;1;0;0;0;0;0;0;0;0;0;0;0;0;18;0;3;18;0;0;0;0;0;0;1;0;0;0;0;0;0;0;0;0;0;0;0;0;0;0;0;0;0;0;0;0;0;0;0;0;0;0;0;0
Passsport_sante_seniors_les_voies_dun_vieillissement_reussi.txt;Database\Vada_database\Passsport_sante_seniors_les_voies_dun_vieillissement_reussi.txt;C:\Users\PC\Desktop\Project_Internship\Index_Insight\Database\Vada_database\Passsport_sante_seniors_les_voies_dun_vieillissement_reussi.txt;811;74;0.09124538;0;1;0;5;2;0;11;0;0;0;1;0;0;0;2;0;3;0;0;0;0;3;0;0;5;0;15;6;0;33;0;0;0;3;0;0;0;2;0;3;0;0;0;0;3;0;0;0;0;2;0;0;2;0;0;0;0;0;0;0;0;0;0;0;0;0;0;0;0
La_marche_adaptee_pour_tous.txt;Database\Vada_database\La_marche_adaptee_pour_tous.txt;C:\Users\PC\Desktop\Project_Internship\Index_Insight\Database\Vada_database\La_marche_adaptee_pour_tous.txt;492;45;0.09146341;0;1;1;0;0;0;10;0;0;0;0;0;0;0;3;0;1;0;0;0;0;1;0;0;5;5;0;0;0;30;0;0;0;0;0;0;0;3;0;1;0;0;0;0;1;0;0;0;0;0;0;0;0;0;0;0;0;0;0;0;0;0;0;0;0;0;0;0;0
Mobilites_nantaises.txt;Database\Vada_database\Mobilites_nantaises.txt;C:\Users\PC\Desktop\Project_Internship\Index_Insight\Database\Vada_database\Mobilites_nantaises.txt;782;72;0.09207161;0;0;0;0;1;0;17;0;0;0;0;1;0;0;9;0;1;2;0;0;0;3;0;0;0;0;0;3;0;51;0;0;0;0;3;0;0;9;0;1;2;0;0;0;3;0;0;0;0;0;0;0;0;0;0;0;0;0;0;0;0;0;0;0;0;0;0;0;0
Cine_seniors.txt;Database\Vada_database\Cine_seniors.txt;C:\Users\PC\Desktop\Project_Internship\Index_Insight\Database\Vada_database\Cine_seniors.txt;551;51;0.09255898;0;2;0;0;0;0;13;0;0;0;0;0;0;0;0;0;0;0;0;0;0;0;0;0;10;0;0;0;0;39;0;0;0;0;0;0;0;0;0;0;0;0;0;0;0;0;0;0;0;0;0;0;2;0;0;0;0;0;0;0;0;0;0;0;0;0;0;0;0
Jardin_partage.txt;Database\Vada_database\Jardin_partage.txt;C:\Users\PC\Desktop\Project_Internship\Index_Insight\Database\Vada_database\Jardin_partage.txt;875;81;0.09257143;0;1;0;0;0;0;24;0;0;0;1;0;0;0;0;0;1;0;0;0;0;0;0;0;5;0;0;0;0;72;0;0;0;3;0;0;0;0;0;1;0;0;0;0;0;0;0;0;0;0;0;0;0;0;0;0;0;0;0;0;0;0;0;0;0;0;0;0;0
Restaurants_seniors_a_Toulouse_lieux_de_convivialite.txt;Database\Vada_database\Restaurants_seniors_a_Toulouse_lieux_de_convivialite.txt;C:\Users\PC\Desktop\Project_Internship\Index_Insight\Database\Vada_database\Restaurants_seniors_a_Toulouse_lieux_de_convivialite.txt;464;43;0.09267241;0;1;0;0;0;0;11;0;0;0;0;0;0;0;0;0;1;0;0;0;0;2;0;0;5;0;0;0;0;33;0;0;0;0;0;0;0;0;0;1;0;0;0;0;2;0;0;0;0;0;0;0;2;0;0;0;0;0;0;0;0;0;0;0;0;0;0;0;0
Quelle_offre_culturelle_nantaise_pour_les_seniors.txt;Database\Vada_database\Quelle_offre_culturelle_nantaise_pour_les_seniors.txt;C:\Users\PC\Desktop\Project_Internship\Index_Insight\Database\Vada_database\Quelle_offre_culturelle_nantaise_pour_les_seniors.txt;654;61;0.09327217;0;1;0;0;7;0;9;0;0;0;0;1;0;0;0;0;1;0;0;0;0;2;0;0;5;0;0;21;0;27;0;0;0;0;3;0;0;0;0;1;0;0;0;0;2;0;0;0;0;0;0;0;2;0;0;0;0;0;0;0;0;0;0;0;0;0;0;0;0
Realisation_du_guide_seniors_bien_vieillir_a_bollwiller.txt;Database\Vada_database\Realisation_du_guide_seniors_bien_vieillir_a_bollwiller.txt;C:\Users\PC\Desktop\Project_Internship\Index_Insight\Database\Vada_database\Realisation_du_guide_seniors_bien_vieillir_a_bollwiller.txt;512;48;0.09375000;0;1;0;0;0;0;10;0;3;0;0;0;0;0;0;0;0;0;0;0;0;0;0;0;5;0;0;0;0;30;0;9;0;0;0;0;0;0;0;0;0;0;0;0;0;0;0;0;0;0;0;0;2;0;2;0;0;0;0;0;0;0;0;0;0;0;0;0;0
Fiche-action_5_-_Club_du_Rire.txt;Database\Fiches_actions_database\Fiche-action_5_-_Club_du_Rire.txt;C:\Users\PC\Desktop\Project_Internship\Index_Insight\Database\Fiches_actions_database\Fiche-action_5_-_Club_du_Rire.txt;383;36;0.09399478;3;0;0;3;0;0;2;0;0;1;1;0;0;0;0;0;0;0;0;0;0;0;0;15;0;0;9;0;0;6;0;0;3;3;0;0;0;0;0;0;0;0;0;0;0;0;0;0;0;0;0;0;0;0;0;0;0;0;0;0;0;0;0;0;0;0;0;0;0
Creation_dun_conseil_des_aines.txt;Database\Vada_database\Creation_dun_conseil_des_aines.txt;C:\Users\PC\Desktop\Project_Internship\Index_Insight\Database\Vada_database\Creation_dun_conseil_des_aines.txt;478;45;0.09414226;0;3;0;1;3;0;5;0;0;0;1;0;0;0;0;0;0;0;0;0;0;0;0;0;15;0;3;9;0;15;0;0;0;3;0;0;0;0;0;0;0;0;0;0;0;0;0;0;0;0;0;0;0;0;0;0;0;0;0;0;0;0;0;0;0;0;0;0;0
Diffusion_du_plan_daction_Nantes_ville_amie_des_aines.txt;Database\Vada_database\Diffusion_du_plan_daction_Nantes_ville_amie_des_aines.txt;C:\Users\PC\Desktop\Project_Internship\Index_Insight\Database\Vada_database\Diffusion_du_plan_daction_Nantes_ville_amie_des_aines.txt;499;47;0.09418838;0;5;0;0;1;0;4;0;1;0;0;0;0;0;1;0;1;0;0;0;0;0;0;0;25;0;0;3;0;12;0;3;0;0;0;0;0;1;0;1;0;0;0;0;0;0;0;2;0;0;0;0;0;0;0;0;0;0;0;0;0;0;0;0;0;0;0;0;0
communautes_mixtes_de_recherche_cmr_programme_autonomie_grand_age_et_handicap_2026.txt;Database\cnsa_database\communautes_mixtes_de_recherche_cmr_programme_autonomie_grand_age_et_handicap_2026.txt;C:\Users\PC\Desktop\Project_Internship\Index_Insight\Database\cnsa_database\communautes_mixtes_de_recherche_cmr_programme_autonomie_grand_age_et_handicap_2026.txt;212;20;0.09433962;0;0;0;0;1;0;0;0;0;0;3;0;0;0;0;0;4;0;0;0;0;0;0;0;0;0;0;3;0;0;0;0;0;9;0;0;0;0;0;4;0;0;0;0;0;0;0;0;0;0;0;0;0;0;0;0;2;0;0;0;0;0;2;0;0;0;0;0;0
Une_retraite_active_une_retraite_reussie.txt;Database\Vada_database\Une_retraite_active_une_retraite_reussie.txt;C:\Users\PC\Desktop\Project_Internship\Index_Insight\Database\Vada_database\Une_retraite_active_une_retraite_reussie.txt;844;81;0.09597156;0;1;0;3;1;0;0;8;0;12;0;0;0;0;0;0;0;1;0;0;0;1;0;0;5;0;9;3;0;0;24;0;36;0;0;0;0;0;0;0;1;0;0;0;1;0;0;0;0;0;0;0;0;0;0;2;0;0;0;0;0;0;0;0;0;0;0;0;0
Ateliers_prevseniors.txt;Database\Vada_database\Ateliers_prevseniors.txt;C:\Users\PC\Desktop\Project_Internship\Index_Insight\Database\Vada_database\Ateliers_prevseniors.txt;562;54;0.09608541;0;1;0;2;0;0;14;0;0;0;0;0;0;0;0;0;1;0;0;0;0;0;0;0;5;0;6;0;0;42;0;0;0;0;0;0;0;0;0;1;0;0;0;0;0;0;0;0;0;0;0;0;0;0;0;0;0;0;0;0;0;0;0;0;0;0;0;0;0
Chantier_jeunes_-_festivete.txt;Database\Vada_database\Chantier_jeunes_-_festivete.txt;C:\Users\PC\Desktop\Project_Internship\Index_Insight\Database\Vada_database\Chantier_jeunes_-_festivete.txt;498;48;0.09638554;0;1;0;0;0;0;10;0;0;0;0;4;0;0;0;0;0;0;0;0;0;1;0;0;5;0;0;0;0;30;0;0;0;0;12;0;0;0;0;0;0;0;0;0;1;0;0;0;0;0;0;0;0;0;0;0;0;0;0;0;0;0;0;0;0;0;0;0;0
Politique_envers_les_personnes_agees_de_la_direction_habitat_social_a_Rennes.txt;Database\Vada_database\Politique_envers_les_personnes_agees_de_la_direction_habitat_social_a_Rennes.txt;C:\Users\PC\Desktop\Project_Internship\Index_Insight\Database\Vada_database\Politique_envers_les_personnes_agees_de_la_direction_habitat_social_a_Rennes.txt;591;57;0.09644670;0;3;0;2;9;0;1;0;0;0;1;0;0;0;0;0;1;0;0;0;0;0;0;0;15;0;6;27;0;3;0;0;0;3;0;0;0;0;0;1;0;0;0;0;0;0;0;0;0;0;2;0;0;0;0;0;0;0;0;0;0;0;0;0;0;0;0;0;0
Zoom_seniors_en_action.txt;Database\Vada_database\Zoom_seniors_en_action.txt;C:\Users\PC\Desktop\Project_Internship\Index_Insight\Database\Vada_database\Zoom_seniors_en_action.txt;736;71;0.09646739;0;1;0;0;0;0;18;1;0;0;1;0;0;0;0;0;1;1;0;0;0;2;0;0;5;0;0;0;0;54;3;0;0;3;0;0;0;0;0;1;1;0;0;0;2;0;0;0;0;0;0;0;2;0;0;0;0;0;0;0;0;0;0;0;0;0;0;0;0
Forum_des_retraites.txt;Database\Vada_database\Forum_des_retraites.txt;C:\Users\PC\Desktop\Project_Internship\Index_Insight\Database\Vada_database\Forum_des_retraites.txt;462;45;0.09740260;0;1;0;0;0;0;4;5;0;2;1;0;0;0;1;0;0;0;0;0;0;1;0;0;5;0;0;0;0;12;15;0;6;3;0;0;0;1;0;0;0;0;0;0;1;0;0;0;0;0;0;0;0;2;0;0;0;0;0;0;0;0;0;0;0;0;0;0;0
Guide_des_seniors_a_Belfort.txt;Database\Vada_database\Guide_des_seniors_a_Belfort.txt;C:\Users\PC\Desktop\Project_Internship\Index_Insight\Database\Vada_database\Guide_des_seniors_a_Belfort.txt;738;72;0.09756098;0;1;3;0;0;0;14;0;1;1;0;0;0;0;0;0;1;0;0;0;0;1;0;0;5;15;0;0;0;42;0;3;3;0;0;0;0;0;0;1;0;0;0;0;1;0;0;0;0;0;0;0;2;0;0;0;0;0;0;0;0;0;0;0;0;0;0;0;0
PROGRAMME_DES_ANIMATIONS_SENIORS.txt;Database\Vada_database\PROGRAMME_DES_ANIMATIONS_SENIORS.txt;C:\Users\PC\Desktop\Project_Internship\Index_Insight\Database\Vada_database\PROGRAMME_DES_ANIMATIONS_SENIORS.txt;685;67;0.09781022;0;1;0;1;0;0;17;1;0;0;0;0;0;0;0;0;3;0;0;0;0;0;0;0;5;0;3;0;0;51;3;0;0;0;0;0;0;0;0;3;0;0;0;0;0;0;0;0;0;0;0;0;2;0;0;0;0;0;0;0;0;0;0;0;0;0;0;0;0
Projet_musical_intergenerationnel.txt;Database\Vada_database\Projet_musical_intergenerationnel.txt;C:\Users\PC\Desktop\Project_Internship\Index_Insight\Database\Vada_database\Projet_musical_intergenerationnel.txt;714;70;0.09803922;4;0;0;0;0;0;10;0;0;0;1;5;0;0;0;0;0;0;0;0;0;0;0;20;0;0;0;0;0;30;0;0;0;3;15;0;0;0;0;0;0;0;0;0;0;0;0;0;0;0;0;0;0;0;0;0;0;2;0;0;0;0;0;0;0;0;0;0;0
Assemblee_des_seniors_du_pays_de_Mormal.txt;Database\Vada_database\Assemblee_des_seniors_du_pays_de_Mormal.txt;C:\Users\PC\Desktop\Project_Internship\Index_Insight\Database\Vada_database\Assemblee_des_seniors_du_pays_de_Mormal.txt;823;81;0.09842041;0;1;0;0;1;0;22;0;0;0;0;1;0;0;1;0;0;1;0;0;0;0;0;0;5;0;0;3;0;66;0;0;0;0;3;0;0;1;0;0;1;0;0;0;0;0;0;0;0;0;0;0;2;0;0;0;0;0;0;0;0;0;0;0;0;0;0;0;0
ENFORMLYON.txt;Database\Vada_database\ENFORMLYON.txt;C:\Users\PC\Desktop\Project_Internship\Index_Insight\Database\Vada_database\ENFORMLYON.txt;772;76;0.09844560;0;1;0;3;0;0;16;0;0;0;1;0;0;0;4;0;6;0;0;0;0;1;0;0;5;0;9;0;0;48;0;0;0;3;0;0;0;4;0;6;0;0;0;0;1;0;0;0;0;0;0;0;0;0;0;0;0;0;0;0;0;0;0;0;0;0;0;0;0
Seniors_connectes.txt;Database\Vada_database\Seniors_connectes.txt;C:\Users\PC\Desktop\Project_Internship\Index_Insight\Database\Vada_database\Seniors_connectes.txt;731;72;0.09849521;0;1;0;0;1;0;18;1;0;0;0;1;0;0;0;0;0;0;0;0;0;2;0;0;5;0;0;3;0;54;3;0;0;0;3;0;0;0;0;0;0;0;0;0;2;0;0;0;0;0;0;0;2;0;0;0;0;0;0;0;0;0;0;0;0;0;0;0;0
Une_equipe_citoyenne_au_service_des_personnes_isolees.txt;Database\Vada_database\Une_equipe_citoyenne_au_service_des_personnes_isolees.txt;C:\Users\PC\Desktop\Project_Internship\Index_Insight\Database\Vada_database\Une_equipe_citoyenne_au_service_des_personnes_isolees.txt;769;76;0.09882965;0;1;0;1;10;0;3;2;2;0;0;0;0;0;0;0;2;2;0;0;0;11;0;0;5;0;3;30;0;9;6;6;0;0;0;0;0;0;0;2;2;0;0;0;11;0;0;0;0;0;0;0;0;0;0;0;0;0;0;0;0;0;0;0;0;0;0;2;0
Des_rencontres_pour_informer_les_jeunes_retraites.txt;Database\Vada_database\Des_rencontres_pour_informer_les_jeunes_retraites.txt;C:\Users\PC\Desktop\Project_Internship\Index_Insight\Database\Vada_database\Des_rencontres_pour_informer_les_jeunes_retraites.txt;616;61;0.09902597;0;1;0;0;0;0;6;8;0;3;1;0;0;0;0;0;0;0;0;0;0;0;0;0;5;0;0;0;0;18;24;0;9;3;0;0;0;0;0;0;0;0;0;0;0;0;0;0;0;0;0;0;0;2;0;0;0;0;0;0;0;0;0;0;0;0;0;0;0
Le_reseau_voisinage.txt;Database\Vada_database\Le_reseau_voisinage.txt;C:\Users\PC\Desktop\Project_Internship\Index_Insight\Database\Vada_database\Le_reseau_voisinage.txt;531;53;0.09981168;0;1;0;0;6;0;1;0;0;0;7;0;0;0;2;0;1;0;0;0;0;3;0;0;5;0;0;18;0;3;0;0;0;21;0;0;0;2;0;1;0;0;0;0;3;0;0;0;0;0;0;0;0;0;0;0;0;0;0;0;0;0;0;0;0;0;0;0;0
Sejour_intergenerationnel_Partage.txt;Database\Vada_database\Sejour_intergenerationnel_Partage.txt;C:\Users\PC\Desktop\Project_Internship\Index_Insight\Database\Vada_database\Sejour_intergenerationnel_Partage.txt;797;80;0.10037641;0;1;0;0;6;0;4;0;0;0;4;8;0;3;1;0;0;0;0;0;0;3;0;0;5;0;0;18;0;12;0;0;0;12;24;0;3;1;0;0;0;0;0;0;3;0;0;0;0;0;0;0;0;0;0;0;0;2;0;0;0;0;0;0;0;0;0;0;0
Le_cine_seniors.txt;Database\Vada_database\Le_cine_seniors.txt;C:\Users\PC\Desktop\Project_Internship\Index_Insight\Database\Vada_database\Le_cine_seniors.txt;666;67;0.10060060;0;1;0;0;1;0;15;2;0;0;1;0;0;2;1;0;0;0;0;0;0;0;0;0;5;0;0;3;0;45;6;0;0;3;0;0;2;1;0;0;0;0;0;0;0;0;0;0;0;0;0;0;2;0;0;0;0;0;0;0;0;0;0;0;0;0;0;0;0
Ballet_posture_les_seniors_menent_la_danse.txt;Database\Vada_database\Ballet_posture_les_seniors_menent_la_danse.txt;C:\Users\PC\Desktop\Project_Internship\Index_Insight\Database\Vada_database\Ballet_posture_les_seniors_menent_la_danse.txt;722;73;0.10110803;0;2;0;0;0;0;18;0;0;0;2;0;0;0;0;0;0;0;0;0;0;1;0;0;10;0;0;0;0;54;0;0;0;6;0;0;0;0;0;0;0;0;0;0;1;0;0;0;0;0;0;0;2;0;0;0;0;0;0;0;0;0;0;0;0;0;0;0;0
Un_guide_seniors_a_bailleul.txt;Database\Vada_database\Un_guide_seniors_a_bailleul.txt;C:\Users\PC\Desktop\Project_Internship\Index_Insight\Database\Vada_database\Un_guide_seniors_a_bailleul.txt;550;56;0.10181818;0;1;0;0;1;0;15;0;0;0;0;0;1;0;0;0;0;0;0;0;0;0;0;0;5;0;0;3;0;45;0;0;0;0;0;1;0;0;0;0;0;0;0;0;0;0;0;0;0;0;0;0;2;0;0;0;0;0;0;0;0;0;0;0;0;0;0;0;0
Atelier_intergenerationnel.txt;Database\Vada_database\Atelier_intergenerationnel.txt;C:\Users\PC\Desktop\Project_Internship\Index_Insight\Database\Vada_database\Atelier_intergenerationnel.txt;527;54;0.10246679;0;1;0;0;4;0;7;0;0;0;0;4;0;0;0;0;0;0;0;0;0;2;0;0;5;0;0;12;0;21;0;0;0;0;12;0;0;0;0;0;0;0;0;0;2;0;0;0;0;0;0;0;0;0;0;0;0;2;0;0;0;0;0;0;0;0;0;0;0
Etre_messin_et_faire_societe.txt;Database\Vada_database\Etre_messin_et_faire_societe.txt;C:\Users\PC\Desktop\Project_Internship\Index_Insight\Database\Vada_database\Etre_messin_et_faire_societe.txt;1090;112;0.10275229;0;1;0;2;1;0;32;0;0;0;0;0;0;0;0;0;0;0;0;0;0;2;0;0;5;0;6;3;0;96;0;0;0;0;0;0;0;0;0;0;0;0;0;0;2;0;0;0;0;0;0;0;0;0;0;0;0;0;0;0;0;0;0;0;0;0;0;0;0
Les_secrets_du_bien_vieillir_programme_de_prevention_des_chutes.txt;Database\Vada_database\Les_secrets_du_bien_vieillir_programme_de_prevention_des_chutes.txt;C:\Users\PC\Desktop\Project_Internship\Index_Insight\Database\Vada_database\Les_secrets_du_bien_vieillir_programme_de_prevention_des_chutes.txt;535;55;0.10280374;0;2;0;0;1;0;4;0;6;0;3;0;0;0;0;0;1;0;0;0;0;0;0;0;10;0;0;3;0;12;0;18;0;9;0;0;0;0;0;1;0;0;0;0;0;0;0;0;0;0;0;0;0;0;2;0;0;0;0;0;0;0;0;0;0;0;0;0;0
Une_communication_innovante_pour_et_par_les_seniors.txt;Database\Vada_database\Une_communication_innovante_pour_et_par_les_seniors.txt;C:\Users\PC\Desktop\Project_Internship\Index_Insight\Database\Vada_database\Une_communication_innovante_pour_et_par_les_seniors.txt;572;59;0.10314685;0;3;0;0;2;0;12;0;0;0;0;0;0;0;0;0;0;0;0;0;0;0;0;0;15;0;0;6;0;36;0;0;0;0;0;0;0;0;0;0;0;0;0;0;0;0;0;0;0;0;0;0;2;0;0;0;0;0;0;0;0;0;0;0;0;0;0;0;0
Creation_dun_guide_pratique_pour_les_seniors.txt;Database\Vada_database\Creation_dun_guide_pratique_pour_les_seniors.txt;C:\Users\PC\Desktop\Project_Internship\Index_Insight\Database\Vada_database\Creation_dun_guide_pratique_pour_les_seniors.txt;530;55;0.10377358;0;1;0;1;0;0;15;0;0;0;0;0;0;0;0;0;0;0;0;0;0;0;0;0;5;0;3;0;0;45;0;0;0;0;0;0;0;0;0;0;0;0;0;0;0;0;0;0;0;0;0;0;2;0;0;0;0;0;0;0;0;0;0;0;0;0;0;0;0
Mobilisation_de_lexpertise_dusage_des_seniors_sur_Nantes_Metropole.txt;Database\Vada_database\Mobilisation_de_lexpertise_dusage_des_seniors_sur_Nantes_Metropole.txt;C:\Users\PC\Desktop\Project_Internship\Index_Insight\Database\Vada_database\Mobilisation_de_lexpertise_dusage_des_seniors_sur_Nantes_Metropole.txt;741;77;0.10391363;0;1;0;0;0;0;22;1;0;0;0;0;0;0;0;0;0;1;0;0;0;0;0;0;5;0;0;0;0;66;3;0;0;0;0;0;0;0;0;0;1;0;0;0;0;0;0;0;0;0;0;0;2;0;0;0;0;0;0;0;0;0;0;0;0;0;0;0;0
Plus_besoin_de_chercher_tout_est_dans_le_guide_des_seniors.txt;Database\Vada_database\Plus_besoin_de_chercher_tout_est_dans_le_guide_des_seniors.txt;C:\Users\PC\Desktop\Project_Internship\Index_Insight\Database\Vada_database\Plus_besoin_de_chercher_tout_est_dans_le_guide_des_seniors.txt;712;74;0.10393258;0;2;0;0;3;0;15;1;1;0;0;0;0;0;1;0;0;0;0;0;0;1;0;0;10;0;0;9;0;45;3;3;0;0;0;0;0;1;0;0;0;0;0;0;1;0;0;0;0;0;0;0;2;0;0;0;0;0;0;0;0;0;0;0;0;0;0;0;0
Les_petites_marches_Monalisa.txt;Database\Vada_database\Les_petites_marches_Monalisa.txt;C:\Users\PC\Desktop\Project_Internship\Index_Insight\Database\Vada_database\Les_petites_marches_Monalisa.txt;582;61;0.10481100;0;1;1;0;0;0;15;0;0;0;0;0;0;1;1;0;1;0;0;0;0;3;0;0;5;5;0;0;0;45;0;0;0;0;0;0;1;1;0;1;0;0;0;0;3;0;0;0;0;0;0;0;0;0;0;0;0;0;0;0;0;0;0;0;0;0;0;0;0
Les_aines_a_lhonneur_lors_dun_repas.txt;Database\Vada_database\Les_aines_a_lhonneur_lors_dun_repas.txt;C:\Users\PC\Desktop\Project_Internship\Index_Insight\Database\Vada_database\Les_aines_a_lhonneur_lors_dun_repas.txt;715;75;0.10489510;0;1;0;0;2;0;21;0;0;0;0;0;0;0;0;0;0;0;0;0;0;1;0;0;5;0;0;6;0;63;0;0;0;0;0;0;0;0;0;0;0;0;0;0;1;0;0;0;0;0;0;0;0;0;0;0;0;0;0;0;0;0;0;0;0;0;0;0;0
Deploiement_du_programme_icope.txt;Database\Vada_database\Deploiement_du_programme_icope.txt;C:\Users\PC\Desktop\Project_Internship\Index_Insight\Database\Vada_database\Deploiement_du_programme_icope.txt;743;78;0.10497981;0;1;0;2;4;0;15;1;1;0;0;0;0;0;0;0;4;0;0;0;0;0;0;0;5;0;6;12;0;45;3;3;0;0;0;0;0;0;0;4;0;0;0;0;0;0;0;0;0;0;0;0;0;0;0;0;0;0;0;0;0;0;0;0;0;0;0;0;0
Note sur les revenus, les dépenses contraintes et .txt;Database\Hcfea_database\Note sur les revenus, les dépenses contraintes et .txt;C:\Users\PC\Desktop\Project_Internship\Index_Insight\Database\Hcfea_database\Note sur les revenus, les dépenses contraintes et .txt;800;84;0.10500000;0;0;0;0;4;0;16;2;0;0;4;0;0;4;0;0;2;0;0;0;0;0;0;0;0;0;0;12;0;48;6;0;0;12;0;0;4;0;0;2;0;0;0;0;0;0;0;0;0;0;0;0;0;0;0;0;0;0;0;0;0;0;0;0;0;0;0;0;0
Mise_en_place_dun_circuit_vert_avec_du_mobilier_urbain_adapte_aux_seniors.txt;Database\Vada_database\Mise_en_place_dun_circuit_vert_avec_du_mobilier_urbain_adapte_aux_seniors.txt;C:\Users\PC\Desktop\Project_Internship\Index_Insight\Database\Vada_database\Mise_en_place_dun_circuit_vert_avec_du_mobilier_urbain_adapte_aux_seniors.txt;618;65;0.10517799;0;1;2;0;0;0;15;0;0;0;0;1;0;0;0;0;0;0;0;0;0;0;0;0;5;10;0;0;0;45;0;0;0;0;3;0;0;0;0;0;0;0;0;0;0;0;0;0;0;0;0;0;2;0;0;0;0;0;0;0;0;0;0;0;0;0;0;0;0
Espace_intergenerationnel_Albert_Schweitzer.txt;Database\Vada_database\Espace_intergenerationnel_Albert_Schweitzer.txt;C:\Users\PC\Desktop\Project_Internship\Index_Insight\Database\Vada_database\Espace_intergenerationnel_Albert_Schweitzer.txt;379;40;0.10554090;0;0;0;0;0;0;5;0;0;1;0;6;0;0;0;0;0;0;0;0;0;2;0;0;0;0;0;0;0;15;0;0;3;0;18;0;0;0;0;0;0;0;0;0;2;0;0;0;0;0;0;0;0;0;0;0;0;2;0;0;0;0;0;0;0;0;0;0;0
Transport_mobilite_seniors.txt;Database\Vada_database\Transport_mobilite_seniors.txt;C:\Users\PC\Desktop\Project_Internship\Index_Insight\Database\Vada_database\Transport_mobilite_seniors.txt;587;62;0.10562181;0;1;0;0;0;0;15;0;0;0;0;0;0;0;5;0;2;0;0;0;0;1;0;0;5;0;0;0;0;45;0;0;0;0;0;0;0;5;0;2;0;0;0;0;1;0;0;0;0;0;0;0;2;0;0;0;0;0;0;0;2;0;0;0;0;0;0;0;0
Maison_des_seniors.txt;Database\Vada_database\Maison_des_seniors.txt;C:\Users\PC\Desktop\Project_Internship\Index_Insight\Database\Vada_database\Maison_des_seniors.txt;511;54;0.10567515;0;1;0;1;0;0;12;0;1;0;0;1;0;0;0;0;1;0;0;0;0;1;0;0;5;0;3;0;0;36;0;3;0;0;3;0;0;0;0;1;0;0;0;0;1;0;0;0;0;0;0;0;2;0;0;0;0;0;0;0;0;0;0;0;0;0;0;0;0
Ateliers_du_Bien_Vieillir.txt;Database\Vada_database\Ateliers_du_Bien_Vieillir.txt;C:\Users\PC\Desktop\Project_Internship\Index_Insight\Database\Vada_database\Ateliers_du_Bien_Vieillir.txt;470;50;0.10638298;0;1;0;1;0;0;4;0;8;0;0;0;0;0;0;0;1;0;0;0;0;3;0;0;5;0;3;0;0;12;0;24;0;0;0;0;0;0;0;1;0;0;0;0;3;0;0;0;0;0;0;0;0;0;2;0;0;0;0;0;0;0;0;0;0;0;0;0;0
Le_Conseil_des_Seniors_Actifs.txt;Database\Vada_database\Le_Conseil_des_Seniors_Actifs.txt;C:\Users\PC\Desktop\Project_Internship\Index_Insight\Database\Vada_database\Le_Conseil_des_Seniors_Actifs.txt;591;63;0.10659898;0;3;2;0;1;0;11;0;0;0;0;0;0;0;0;0;0;0;0;0;0;0;0;0;15;10;0;3;0;33;0;0;0;0;0;0;0;0;0;0;0;0;0;0;0;0;0;0;0;0;0;0;2;0;0;0;0;0;0;0;0;0;0;0;0;0;0;0;0
Bien vivre et vieillir dans l'autonomie à domicile.txt;Database\Hcfea_database\Bien vivre et vieillir dans l'autonomie à domicile.txt;C:\Users\PC\Desktop\Project_Internship\Index_Insight\Database\Hcfea_database\Bien vivre et vieillir dans l'autonomie à domicile.txt;1282;138;0.10764431;0;0;0;5;15;0;0;0;5;0;16;0;0;2;0;0;9;0;0;0;0;0;0;0;0;0;15;45;0;0;0;15;0;48;0;0;2;0;0;9;0;0;0;0;0;0;0;0;0;0;0;0;0;0;2;0;0;0;0;0;0;0;2;0;0;0;0;0;0
Action_de_prevention_a_la_securite_routiere_pour_les_seniors.txt;Database\Vada_database\Action_de_prevention_a_la_securite_routiere_pour_les_seniors.txt;C:\Users\PC\Desktop\Project_Internship\Index_Insight\Database\Vada_database\Action_de_prevention_a_la_securite_routiere_pour_les_seniors.txt;379;41;0.10817942;0;1;0;1;0;0;8;0;0;0;1;0;0;0;3;0;1;0;0;0;0;0;0;0;5;0;3;0;0;24;0;0;0;3;0;0;0;3;0;1;0;0;0;0;0;0;0;0;0;0;0;0;2;0;0;0;0;0;0;0;0;0;0;0;0;0;0;0;0
Danser_et_chanter_pour_rompre_lisolement.txt;Database\Vada_database\Danser_et_chanter_pour_rompre_lisolement.txt;C:\Users\PC\Desktop\Project_Internship\Index_Insight\Database\Vada_database\Danser_et_chanter_pour_rompre_lisolement.txt;579;63;0.10880829;0;1;0;1;1;0;13;0;1;0;0;1;0;0;0;0;0;0;0;0;0;7;0;0;5;0;3;3;0;39;0;3;0;0;3;0;0;0;0;0;0;0;0;0;7;0;0;0;0;0;0;0;0;0;0;0;0;0;0;0;0;0;0;0;0;0;0;0;0
Espace_partage_josephine_baker_a_bailleul_atelier_sante_et_activite_physique_adaptee.txt;Database\Vada_database\Espace_partage_josephine_baker_a_bailleul_atelier_sante_et_activite_physique_adaptee.txt;C:\Users\PC\Desktop\Project_Internship\Index_Insight\Database\Vada_database\Espace_partage_josephine_baker_a_bailleul_atelier_sante_et_activite_physique_adaptee.txt;586;64;0.10921502;0;1;0;0;0;0;10;0;1;0;8;0;0;0;0;0;2;0;0;0;0;0;0;0;5;0;0;0;0;30;0;3;0;24;0;0;0;0;0;2;0;0;0;0;0;0;0;0;0;0;0;0;0;0;0;0;0;0;0;0;0;0;0;0;0;0;0;0;0
31_SENIORS_A_VEC_LE_BAILLEUR_SOCIAL_HERAULT_LOGEME.txt;Database\Cnav_database\31_SENIORS_A_VEC_LE_BAILLEUR_SOCIAL_HERAULT_LOGEME.txt;C:\Users\PC\Desktop\Project_Internship\Index_Insight\Database\Cnav_database\31_SENIORS_A_VEC_LE_BAILLEUR_SOCIAL_HERAULT_LOGEME.txt;600;66;0.11000000;0;0;0;1;0;0;4;11;2;2;0;0;0;0;0;0;0;0;1;0;0;3;0;0;0;0;3;0;0;12;33;6;6;0;0;0;0;0;0;0;0;1;0;0;3;0;0;0;0;0;0;0;2;0;0;0;0;0;0;0;0;0;0;0;0;0;0;0;0
Les_seniors_sont_actifs_et_engages_dans_la_vie_locale.txt;Database\Vada_database\Les_seniors_sont_actifs_et_engages_dans_la_vie_locale.txt;C:\Users\PC\Desktop\Project_Internship\Index_Insight\Database\Vada_database\Les_seniors_sont_actifs_et_engages_dans_la_vie_locale.txt;545;60;0.11009174;0;1;0;0;3;0;11;2;0;0;1;0;0;0;0;0;1;0;0;0;0;1;0;0;5;0;0;9;0;33;6;0;0;3;0;0;0;0;0;1;0;0;0;0;1;0;0;0;0;0;0;0;2;0;0;0;0;0;0;0;0;0;0;0;0;0;0;0;0
Chantiers_jeunes_-_repas_des_seniors.txt;Database\Vada_database\Chantiers_jeunes_-_repas_des_seniors.txt;C:\Users\PC\Desktop\Project_Internship\Index_Insight\Database\Vada_database\Chantiers_jeunes_-_repas_des_seniors.txt;397;44;0.11083123;0;1;0;0;0;0;10;0;0;0;0;2;0;0;0;0;0;0;0;0;0;1;0;0;5;0;0;0;0;30;0;0;0;0;6;0;0;0;0;0;0;0;0;0;1;0;0;0;0;0;0;0;2;0;0;0;0;0;0;0;0;0;0;0;0;0;0;0;0
Lettre_infos_seniors.txt;Database\Vada_database\Lettre_infos_seniors.txt;C:\Users\PC\Desktop\Project_Internship\Index_Insight\Database\Vada_database\Lettre_infos_seniors.txt;474;53;0.11181435;0;1;0;0;0;0;15;0;0;0;0;0;0;0;1;0;0;0;0;0;0;0;0;0;5;0;0;0;0;45;0;0;0;0;0;0;0;1;0;0;0;0;0;0;0;0;0;0;0;0;0;0;2;0;0;0;0;0;0;0;0;0;0;0;0;0;0;0;0
Concertations_pour_les_seniors.txt;Database\Vada_database\Concertations_pour_les_seniors.txt;C:\Users\PC\Desktop\Project_Internship\Index_Insight\Database\Vada_database\Concertations_pour_les_seniors.txt;655;74;0.11297710;0;1;1;0;2;0;16;0;0;0;0;0;0;2;3;0;2;0;0;0;0;1;0;0;5;5;0;6;0;48;0;0;0;0;0;0;2;3;0;2;0;0;0;0;1;0;0;0;0;0;0;0;2;0;0;0;0;0;0;0;0;0;0;0;0;0;0;0;0
Allo_ecoute_seniors.txt;Database\Vada_database\Allo_ecoute_seniors.txt;C:\Users\PC\Desktop\Project_Internship\Index_Insight\Database\Vada_database\Allo_ecoute_seniors.txt;531;60;0.11299435;0;1;0;0;0;0;16;0;0;0;0;0;0;0;0;0;1;0;0;0;0;4;0;0;5;0;0;0;0;48;0;0;0;0;0;0;0;0;0;1;0;0;0;0;4;0;0;0;0;0;0;0;2;0;0;0;0;0;0;0;0;0;0;0;0;0;0;0;0
FICHE_Arlon_3.txt;Database\Fiches_actions_database\FICHE_Arlon_3.txt;C:\Users\PC\Desktop\Project_Internship\Index_Insight\Database\Fiches_actions_database\FICHE_Arlon_3.txt;689;78;0.11320755;0;0;0;0;3;0;22;0;0;0;0;0;0;0;0;0;0;0;0;0;0;3;0;0;0;0;0;9;0;66;0;0;0;0;0;0;0;0;0;0;0;0;0;0;3;0;0;0;0;0;0;0;0;0;0;0;0;0;0;0;0;0;0;0;0;0;0;0;0
Solidarite_et_habitat_intergenerationnel.txt;Database\Vada_database\Solidarite_et_habitat_intergenerationnel.txt;C:\Users\PC\Desktop\Project_Internship\Index_Insight\Database\Vada_database\Solidarite_et_habitat_intergenerationnel.txt;741;84;0.11336032;0;0;0;0;0;0;22;1;0;0;0;4;0;0;0;0;0;0;0;0;0;1;0;0;0;0;0;0;0;66;3;0;0;0;12;0;0;0;0;0;0;0;0;0;1;0;0;0;0;0;0;0;0;0;0;0;0;2;0;0;0;0;0;0;0;0;0;0;0
La_Pause_Cafe.txt;Database\Vada_database\La_Pause_Cafe.txt;C:\Users\PC\Desktop\Project_Internship\Index_Insight\Database\Vada_database\La_Pause_Cafe.txt;607;69;0.11367381;0;1;2;0;0;0;18;0;0;0;0;0;0;0;0;0;0;0;0;0;0;0;0;0;5;10;0;0;0;54;0;0;0;0;0;0;0;0;0;0;0;0;0;0;0;0;0;0;0;0;0;0;0;0;0;0;0;0;0;0;0;0;0;0;0;0;0;0;0
Concours_de_cuisine_pour_les_retraites.txt;Database\Vada_database\Concours_de_cuisine_pour_les_retraites.txt;C:\Users\PC\Desktop\Project_Internship\Index_Insight\Database\Vada_database\Concours_de_cuisine_pour_les_retraites.txt;595;68;0.11428571;0;1;0;0;1;0;10;6;0;1;1;1;1;0;0;0;0;0;0;0;0;0;0;0;5;0;0;3;0;30;18;0;3;3;3;1;0;0;0;0;0;0;0;0;0;0;0;0;0;0;0;0;0;2;0;0;0;0;0;0;0;0;0;0;0;0;0;0;0
Defile_de_mode_intergenerationnel.txt;Database\Vada_database\Defile_de_mode_intergenerationnel.txt;C:\Users\PC\Desktop\Project_Internship\Index_Insight\Database\Vada_database\Defile_de_mode_intergenerationnel.txt;574;66;0.11498258;1;1;0;1;2;0;4;2;0;0;3;6;0;0;0;0;0;0;0;0;0;0;0;5;5;0;3;6;0;12;6;0;0;9;18;0;0;0;0;0;0;0;0;0;0;0;0;0;0;0;0;0;0;0;0;0;0;2;0;0;0;0;0;0;0;0;0;0;0
Le_conseil_des_seniors_de_Metz_des_ambassadeurs_engages.txt;Database\Vada_database\Le_conseil_des_seniors_de_Metz_des_ambassadeurs_engages.txt;C:\Users\PC\Desktop\Project_Internship\Index_Insight\Database\Vada_database\Le_conseil_des_seniors_de_Metz_des_ambassadeurs_engages.txt;1274;147;0.11538462;0;8;0;0;2;0;31;1;0;0;0;0;0;0;2;0;0;0;0;0;0;1;0;0;40;0;0;6;0;93;3;0;0;0;0;0;0;2;0;0;0;0;0;0;1;0;0;0;0;0;0;0;2;0;0;0;0;0;0;0;0;0;0;0;0;0;0;0;0
16_EXPERIMENTATION_AUPRES_DUN_PUBLIC_DE_FUTUR_RETR.txt;Database\Cnav_database\16_EXPERIMENTATION_AUPRES_DUN_PUBLIC_DE_FUTUR_RETR.txt;C:\Users\PC\Desktop\Project_Internship\Index_Insight\Database\Cnav_database\16_EXPERIMENTATION_AUPRES_DUN_PUBLIC_DE_FUTUR_RETR.txt;502;58;0.11553785;0;0;0;0;0;0;1;5;0;13;0;0;0;0;0;0;0;0;0;0;0;1;0;0;0;0;0;0;0;3;15;0;39;0;0;0;0;0;0;0;0;0;0;0;1;0;0;0;0;0;0;0;0;0;0;0;0;0;0;0;0;0;0;0;0;0;0;0;0
40_SPECTACLE_VIVRE_SA_RETRAITE_A_VEC_HUMOUR.txt;Database\Cnav_database\40_SPECTACLE_VIVRE_SA_RETRAITE_A_VEC_HUMOUR.txt;C:\Users\PC\Desktop\Project_Internship\Index_Insight\Database\Cnav_database\40_SPECTACLE_VIVRE_SA_RETRAITE_A_VEC_HUMOUR.txt;368;44;0.11956522;0;0;0;2;0;0;2;1;1;3;5;0;0;0;0;0;0;0;0;0;0;0;0;0;0;0;6;0;0;6;3;3;9;15;0;0;0;0;0;0;0;0;0;0;0;0;0;0;0;0;0;0;0;0;0;2;0;0;0;0;0;0;0;0;0;0;0;0;0
01_CARTE_INTERACTIVE_TROUVER_MON_ACTIVITE.txt;Database\Cnav_database\01_CARTE_INTERACTIVE_TROUVER_MON_ACTIVITE.txt;C:\Users\PC\Desktop\Project_Internship\Index_Insight\Database\Cnav_database\01_CARTE_INTERACTIVE_TROUVER_MON_ACTIVITE.txt;224;27;0.12053571;0;0;0;0;0;0;0;5;0;3;1;0;0;0;0;0;0;0;0;0;0;0;0;0;0;0;0;0;0;0;15;0;9;3;0;0;0;0;0;0;0;0;0;0;0;0;0;0;0;0;0;0;0;0;0;0;0;0;0;0;0;0;0;0;0;0;0;0;0
La_semaine_bleue.txt;Database\Vada_database\La_semaine_bleue.txt;C:\Users\PC\Desktop\Project_Internship\Index_Insight\Database\Vada_database\La_semaine_bleue.txt;282;35;0.12411348;0;1;0;2;1;0;6;1;0;0;0;0;0;0;0;0;0;0;0;0;0;0;0;0;5;0;6;3;0;18;3;0;0;0;0;0;0;0;0;0;0;0;0;0;0;0;0;0;0;0;0;0;0;0;0;0;0;0;0;0;0;0;0;0;0;0;0;0;0
Fiche-action_19_-_Groupe_dintervention_et_animatio.txt;Database\Fiches_actions_database\Fiche-action_19_-_Groupe_dintervention_et_animatio.txt;C:\Users\PC\Desktop\Project_Internship\Index_Insight\Database\Fiches_actions_database\Fiche-action_19_-_Groupe_dintervention_et_animatio.txt;209;26;0.12440191;0;0;0;0;6;0;0;0;1;0;0;0;0;2;0;0;0;0;0;0;0;3;0;0;0;0;0;18;0;0;0;3;0;0;0;0;2;0;0;0;0;0;0;0;3;0;0;0;0;0;0;0;0;0;0;0;0;0;0;0;0;0;0;0;0;0;0;0;0
Le_Conseil_des_Seniors_en_action_creons_le_guide_des_seniors.txt;Database\Vada_database\Le_Conseil_des_Seniors_en_action_creons_le_guide_des_seniors.txt;C:\Users\PC\Desktop\Project_Internship\Index_Insight\Database\Vada_database\Le_Conseil_des_Seniors_en_action_creons_le_guide_des_seniors.txt;510;64;0.12549020;0;1;0;0;0;0;17;0;0;0;1;0;0;1;0;0;2;0;0;0;0;0;0;0;5;0;0;0;0;51;0;0;0;3;0;0;1;0;0;2;0;0;0;0;0;0;0;0;0;0;0;0;2;0;0;0;0;0;0;0;0;0;0;0;0;0;0;0;0
Remise_en_mouvement.txt;Database\Vada_database\Remise_en_mouvement.txt;C:\Users\PC\Desktop\Project_Internship\Index_Insight\Database\Vada_database\Remise_en_mouvement.txt;473;60;0.12684989;0;1;0;1;2;0;14;0;0;0;0;0;0;0;2;0;2;0;0;0;0;0;0;0;5;0;3;6;0;42;0;0;0;0;0;0;0;2;0;2;0;0;0;0;0;0;0;0;0;0;0;0;0;0;0;0;0;0;0;0;0;0;0;0;0;0;0;0;0
Sejours_Seniors.txt;Database\Vada_database\Sejours_Seniors.txt;C:\Users\PC\Desktop\Project_Internship\Index_Insight\Database\Vada_database\Sejours_Seniors.txt;685;88;0.12846715;0;3;0;0;5;0;15;0;1;0;0;0;0;0;0;2;1;0;0;0;0;5;0;0;15;0;0;15;0;45;0;3;0;0;0;0;0;0;2;1;0;0;0;0;5;0;0;0;0;0;0;0;2;0;0;0;0;0;0;0;0;0;0;0;0;0;0;0;0
Festival_Vie_R_age.txt;Database\Vada_database\Festival_Vie_R_age.txt;C:\Users\PC\Desktop\Project_Internship\Index_Insight\Database\Vada_database\Festival_Vie_R_age.txt;512;66;0.12890625;1;1;0;3;2;0;0;6;0;0;5;2;0;0;0;0;0;0;0;0;0;0;0;5;5;0;9;6;0;0;18;0;0;15;6;0;0;0;0;0;0;0;0;0;0;0;0;0;0;0;0;0;0;0;0;0;2;0;0;0;0;0;0;0;0;0;0;0;0
34_ATELIER_BIENVENUE_A_LA_RETRAITE_ADAPTE_AU_PUBLI.txt;Database\Cnav_database\34_ATELIER_BIENVENUE_A_LA_RETRAITE_ADAPTE_AU_PUBLI.txt;C:\Users\PC\Desktop\Project_Internship\Index_Insight\Database\Cnav_database\34_ATELIER_BIENVENUE_A_LA_RETRAITE_ADAPTE_AU_PUBLI.txt;248;32;0.12903226;0;0;0;1;0;0;0;0;1;8;0;0;0;0;0;0;0;0;0;0;0;0;0;0;0;0;3;0;0;0;0;3;24;0;0;0;0;0;0;0;0;0;0;0;0;0;0;0;0;0;0;0;0;0;0;2;0;0;0;0;0;0;0;0;0;0;0;0;0
Animations_intergenerationnelles.txt;Database\Vada_database\Animations_intergenerationnelles.txt;C:\Users\PC\Desktop\Project_Internship\Index_Insight\Database\Vada_database\Animations_intergenerationnelles.txt;416;54;0.12980769;0;1;0;0;0;0;13;0;0;0;2;0;0;3;0;0;0;0;0;0;0;1;0;0;5;0;0;0;0;39;0;0;0;6;0;0;3;0;0;0;0;0;0;0;1;0;0;0;0;0;0;0;0;0;0;0;0;0;0;0;0;0;0;0;0;0;0;0;0
Gazette_des_seniors.txt;Database\Vada_database\Gazette_des_seniors.txt;C:\Users\PC\Desktop\Project_Internship\Index_Insight\Database\Vada_database\Gazette_des_seniors.txt;284;37;0.13028169;0;1;0;0;0;0;10;0;0;0;0;0;0;0;0;0;0;0;0;0;0;0;0;0;5;0;0;0;0;30;0;0;0;0;0;0;0;0;0;0;0;0;0;0;0;0;0;0;0;0;0;0;2;0;0;0;0;0;0;0;0;0;0;0;0;0;0;0;0
Atouts_seniors.txt;Database\Vada_database\Atouts_seniors.txt;C:\Users\PC\Desktop\Project_Internship\Index_Insight\Database\Vada_database\Atouts_seniors.txt;547;72;0.13162706;1;1;0;1;2;0;15;0;1;0;0;0;0;0;0;0;1;0;0;0;0;2;0;5;5;0;3;6;0;45;0;3;0;0;0;0;0;0;0;1;0;0;0;0;2;0;0;0;0;0;0;0;2;0;0;0;0;0;0;0;0;0;0;0;0;0;0;0;0
Sejour_a_Rome.txt;Database\Vada_database\Sejour_a_Rome.txt;C:\Users\PC\Desktop\Project_Internship\Index_Insight\Database\Vada_database\Sejour_a_Rome.txt;233;31;0.13304721;0;1;0;0;1;0;7;0;0;0;0;0;0;0;0;2;0;0;0;0;0;0;0;0;5;0;0;3;0;21;0;0;0;0;0;0;0;0;2;0;0;0;0;0;0;0;0;0;0;0;0;0;0;0;0;0;0;0;0;0;0;0;0;0;0;0;0;0;0
05_BIEN_CHEZ_SOI_DES_EQUIPEMENTS_POUR_SIMPLIFIER_S.txt;Database\Cnav_database\05_BIEN_CHEZ_SOI_DES_EQUIPEMENTS_POUR_SIMPLIFIER_S.txt;C:\Users\PC\Desktop\Project_Internship\Index_Insight\Database\Cnav_database\05_BIEN_CHEZ_SOI_DES_EQUIPEMENTS_POUR_SIMPLIFIER_S.txt;227;31;0.13656388;0;0;0;0;0;0;0;5;0;2;0;0;5;0;0;0;2;0;0;0;0;0;1;0;0;0;0;0;0;0;15;0;6;0;0;5;0;0;0;2;0;0;0;0;0;1;0;0;0;0;0;0;0;0;0;0;0;0;2;0;0;0;0;0;0;0;0;0;0
Projection_dun_film_au_cinema_et_debat_sur_la_sexualite_des_seniors.txt;Database\Vada_database\Projection_dun_film_au_cinema_et_debat_sur_la_sexualite_des_seniors.txt;C:\Users\PC\Desktop\Project_Internship\Index_Insight\Database\Vada_database\Projection_dun_film_au_cinema_et_debat_sur_la_sexualite_des_seniors.txt;248;34;0.13709677;0;1;0;0;0;0;8;0;0;0;1;0;0;0;0;0;0;0;0;0;0;0;0;0;5;0;0;0;0;24;0;0;0;3;0;0;0;0;0;0;0;0;0;0;0;0;0;0;0;0;0;0;2;0;0;0;0;0;0;0;0;0;0;0;0;0;0;0;0
Une_carte_de_lage_dor_pour_informer_et_encourager_la_participation_des_retraites.txt;Database\Vada_database\Une_carte_de_lage_dor_pour_informer_et_encourager_la_participation_des_retraites.txt;C:\Users\PC\Desktop\Project_Internship\Index_Insight\Database\Vada_database\Une_carte_de_lage_dor_pour_informer_et_encourager_la_participation_des_retraites.txt;507;70;0.13806706;0;1;0;0;0;0;0;9;0;2;10;0;0;0;0;0;0;0;0;0;0;0;0;0;5;0;0;0;0;0;27;0;6;30;0;0;0;0;0;0;0;0;0;0;0;0;0;0;0;0;0;0;0;2;0;0;0;0;0;0;0;0;0;0;0;0;0;0;0
Visite_danniversaire_a_domicile.txt;Database\Vada_database\Visite_danniversaire_a_domicile.txt;C:\Users\PC\Desktop\Project_Internship\Index_Insight\Database\Vada_database\Visite_danniversaire_a_domicile.txt;433;61;0.14087760;0;1;0;1;1;0;15;0;0;0;1;0;0;0;0;0;0;0;0;0;0;2;0;0;5;0;3;3;0;45;0;0;0;3;0;0;0;0;0;0;0;0;0;0;2;0;0;0;0;0;0;0;0;0;0;0;0;0;0;0;0;0;0;0;0;0;0;0;0
30_Aller_vers_DIGITAL_SENIORS_28.txt;Database\Cnav_database\30_Aller_vers_DIGITAL_SENIORS_28.txt;C:\Users\PC\Desktop\Project_Internship\Index_Insight\Database\Cnav_database\30_Aller_vers_DIGITAL_SENIORS_28.txt;511;72;0.14090020;0;0;0;0;1;0;17;1;0;0;0;3;0;0;1;0;1;0;0;0;0;2;0;0;0;0;0;3;0;51;3;0;0;0;9;0;0;1;0;1;0;0;0;0;2;0;0;0;0;0;0;0;2;0;0;0;0;0;0;0;0;0;0;0;0;0;0;0;0
La participation et la contribution économique, so.txt;Database\Hcfea_database\La participation et la contribution économique, so.txt;C:\Users\PC\Desktop\Project_Internship\Index_Insight\Database\Hcfea_database\La participation et la contribution économique, so.txt;1504;212;0.14095745;8;0;0;5;4;0;19;4;0;0;24;0;0;0;0;0;2;0;0;0;0;2;0;40;0;0;15;12;0;57;12;0;0;72;0;0;0;0;0;2;0;0;0;0;2;0;0;0;0;0;0;0;0;0;0;0;0;0;0;0;0;0;0;0;0;0;0;0;0
Instance_seniors.txt;Database\Vada_database\Instance_seniors.txt;C:\Users\PC\Desktop\Project_Internship\Index_Insight\Database\Vada_database\Instance_seniors.txt;508;74;0.14566929;0;3;1;1;0;0;16;0;0;0;0;0;0;0;1;0;0;0;0;0;0;0;0;0;15;5;3;0;0;48;0;0;0;0;0;0;0;1;0;0;0;0;0;0;0;0;0;0;0;0;0;0;2;0;0;0;0;0;0;0;0;0;0;0;0;0;0;0;0
Fiche-action_12_-_Informations.txt;Database\Fiches_actions_database\Fiche-action_12_-_Informations.txt;C:\Users\PC\Desktop\Project_Internship\Index_Insight\Database\Fiches_actions_database\Fiche-action_12_-_Informations.txt;213;32;0.15023474;0;0;0;0;2;0;7;0;0;0;1;0;0;0;0;0;0;0;0;0;0;2;0;0;0;0;0;6;0;21;0;0;0;3;0;0;0;0;0;0;0;0;0;0;2;0;0;0;0;0;0;0;0;0;0;0;0;0;0;0;0;0;0;0;0;0;0;0;0
Vieillissement de la population, personnes âgées _.txt;Database\Hcfea_database\Vieillissement de la population, personnes âgées _.txt;C:\Users\PC\Desktop\Project_Internship\Index_Insight\Database\Hcfea_database\Vieillissement de la population, personnes âgées _.txt;1211;183;0.15111478;10;0;0;8;9;0;0;4;0;0;22;0;0;0;0;0;0;0;0;0;0;0;0;50;0;0;24;27;0;0;12;0;0;66;0;0;0;0;0;0;0;0;0;0;0;0;0;0;0;2;2;0;0;0;0;0;0;0;0;0;0;0;0;0;0;0;0;0;0
Fiche-action_13_-_Preparation_a_la_retraite.txt;Database\Fiches_actions_database\Fiche-action_13_-_Preparation_a_la_retraite.txt;C:\Users\PC\Desktop\Project_Internship\Index_Insight\Database\Fiches_actions_database\Fiche-action_13_-_Preparation_a_la_retraite.txt;263;40;0.15209125;0;0;0;0;0;0;1;2;0;9;0;0;0;0;0;0;0;0;0;0;0;2;0;0;0;0;0;0;0;3;6;0;27;0;0;0;0;0;0;0;0;0;0;0;2;0;0;0;0;0;0;0;0;0;0;2;0;0;0;0;0;0;0;0;0;0;0;0;0
Le_portail_seniors_des_services_et_informations_locales_pour_nos_seniors_a_portee_de_clic.txt;Database\Vada_database\Le_portail_seniors_des_services_et_informations_locales_pour_nos_seniors_a_portee_de_clic.txt;C:\Users\PC\Desktop\Project_Internship\Index_Insight\Database\Vada_database\Le_portail_seniors_des_services_et_informations_locales_pour_nos_seniors_a_portee_de_clic.txt;740;113;0.15270270;0;3;1;0;0;0;30;0;0;0;0;0;0;0;0;0;1;0;0;0;0;0;0;0;15;5;0;0;0;90;0;0;0;0;0;0;0;0;0;1;0;0;0;0;0;0;0;0;0;0;0;0;2;0;0;0;0;0;0;0;0;0;0;0;0;0;0;0;0
Éléments de guidance pour un lexique renouvelé de .txt;Database\Hcfea_database\Éléments de guidance pour un lexique renouvelé de .txt;C:\Users\PC\Desktop\Project_Internship\Index_Insight\Database\Hcfea_database\Éléments de guidance pour un lexique renouvelé de .txt;967;156;0.16132368;6;0;0;1;8;0;0;2;0;0;31;0;0;0;0;0;0;0;0;0;0;0;0;30;0;0;3;24;0;0;6;0;0;93;0;0;0;0;0;0;0;0;0;0;0;0;0;0;0;0;0;0;0;0;0;0;0;0;0;0;0;0;0;0;0;0;0;0;0
Propositions pour un plan de lutte contre lâgisme.txt;Database\Hcfea_database\Propositions pour un plan de lutte contre lâgisme.txt;C:\Users\PC\Desktop\Project_Internship\Index_Insight\Database\Hcfea_database\Propositions pour un plan de lutte contre lâgisme.txt;1268;206;0.16246057;15;0;0;3;2;0;2;2;0;0;32;2;0;0;0;0;0;2;0;0;0;0;0;75;0;0;9;6;0;6;6;0;0;96;6;0;0;0;0;0;2;0;0;0;0;0;0;0;0;0;0;0;0;0;0;0;0;0;0;0;0;0;0;0;0;0;0;0;0
Fiche-action_11_-_Implication.txt;Database\Fiches_actions_database\Fiche-action_11_-_Implication.txt;C:\Users\PC\Desktop\Project_Internship\Index_Insight\Database\Fiches_actions_database\Fiche-action_11_-_Implication.txt;183;33;0.18032787;0;0;0;0;0;0;11;0;0;0;0;0;0;0;0;0;0;0;0;0;0;0;0;0;0;0;0;0;0;33;0;0;0;0;0;0;0;0;0;0;0;0;0;0;0;0;0;0;0;0;0;0;0;0;0;0;0;0;0;0;0;0;0;0;0;0;0;0;0
Lutter_contre_les_stereotypes_et_lagisme.txt;Database\Vada_database\Lutter_contre_les_stereotypes_et_lagisme.txt;C:\Users\PC\Desktop\Project_Internship\Index_Insight\Database\Vada_database\Lutter_contre_les_stereotypes_et_lagisme.txt;434;79;0.18202765;8;0;0;2;2;0;4;0;0;1;4;0;0;0;0;0;0;0;0;0;0;0;0;40;0;0;6;6;0;12;0;0;3;12;0;0;0;0;0;0;0;0;0;0;0;0;0;0;0;0;0;0;0;0;0;0;0;0;0;0;0;0;0;0;0;0;0;0;0
LOTO_INTERGENERATIONNEL_SENIORS_ET_CONSEIL_MUNICIPAL_DES_ENFANTS.txt;Database\Vada_database\LOTO_INTERGENERATIONNEL_SENIORS_ET_CONSEIL_MUNICIPAL_DES_ENFANTS.txt;C:\Users\PC\Desktop\Project_Internship\Index_Insight\Database\Vada_database\LOTO_INTERGENERATIONNEL_SENIORS_ET_CONSEIL_MUNICIPAL_DES_ENFANTS.txt;292;55;0.18835616;0;1;1;0;0;0;9;0;0;0;0;4;0;1;0;0;0;0;0;0;0;1;0;0;5;5;0;0;0;27;0;0;0;0;12;0;1;0;0;0;0;0;0;0;1;0;0;0;0;0;0;0;2;0;0;0;0;2;0;0;0;0;0;0;0;0;0;0;0
